/*******************************************************************************
 * Size: 22 px
 * Bpp: 4
 * Opts: --font RobotoMono-Bold.ttf --size 22 --bpp 4 --format lvgl --lv-font-name roboto_mono_bold_22 --output roboto_mono_bold_22.c --range 0x20-0xFF --no-compress
 ******************************************************************************/
#include "lvgl.h"

#ifndef ROBOTO_MONO_BOLD_22
#define ROBOTO_MONO_BOLD_22 1
#endif

#if ROBOTO_MONO_BOLD_22

/*-----------------
 *    BITMAPS
 *----------------*/

/*Store the image of the glyphs*/
static LV_ATTRIBUTE_LARGE_CONST const uint8_t glyph_bitmap[] = {
    /* U+0020 " " */

    /* U+0021 "!" */
    0xe, 0xff, 0x10, 0xef, 0xf1, 0xe, 0xff, 0x10,
    0xdf, 0xf1, 0xd, 0xff, 0x0, 0xdf, 0xf0, 0xd,
    0xff, 0x0, 0xcf, 0xf0, 0xc, 0xff, 0x0, 0xcf,
    0xf0, 0x3, 0x44, 0x0, 0x0, 0x0, 0x1, 0x41,
    0x0, 0xdf, 0xf2, 0x1f, 0xff, 0x50, 0x9f, 0xb0,

    /* U+0022 "\"" */
    0xff, 0x30, 0x9f, 0xaf, 0xf3, 0x9, 0xf9, 0xff,
    0x20, 0x9f, 0x8f, 0xf1, 0x9, 0xf7, 0xff, 0x0,
    0x9f, 0x6b, 0xb0, 0x6, 0xc4,

    /* U+0023 "#" */
    0x0, 0x0, 0x3f, 0xb0, 0x2f, 0xc0, 0x0, 0x0,
    0x6, 0xf8, 0x5, 0xf9, 0x0, 0x0, 0x0, 0x9f,
    0x50, 0x8f, 0x60, 0x0, 0x0, 0xc, 0xf1, 0xb,
    0xf3, 0x0, 0xc, 0xff, 0xff, 0xff, 0xff, 0xff,
    0x60, 0xad, 0xef, 0xfd, 0xef, 0xfd, 0xd5, 0x0,
    0x5, 0xf9, 0x3, 0xfb, 0x0, 0x0, 0x0, 0x7f,
    0x70, 0x6f, 0x90, 0x0, 0x0, 0x9, 0xf5, 0x8,
    0xf6, 0x0, 0x0, 0x0, 0xbf, 0x30, 0xaf, 0x40,
    0x0, 0x9f, 0xff, 0xff, 0xff, 0xff, 0xf9, 0x7,
    0xdd, 0xff, 0xdd, 0xff, 0xdd, 0x80, 0x0, 0x3f,
    0xa0, 0x2f, 0xc0, 0x0, 0x0, 0x6, 0xf7, 0x5,
    0xf9, 0x0, 0x0, 0x0, 0x9f, 0x40, 0x8f, 0x60,
    0x0, 0x0, 0xc, 0xf1, 0xb, 0xf3, 0x0, 0x0,

    /* U+0024 "$" */
    0x0, 0x0, 0x8, 0xc0, 0x0, 0x0, 0x0, 0x0,
    0xa, 0xf0, 0x0, 0x0, 0x0, 0x0, 0x4c, 0xf5,
    0x0, 0x0, 0x0, 0x5e, 0xff, 0xff, 0xf6, 0x0,
    0x4, 0xff, 0xff, 0xff, 0xff, 0x50, 0xc, 0xff,
    0x91, 0x9, 0xff, 0xd0, 0xf, 0xff, 0x0, 0x0,
    0xef, 0xf2, 0xf, 0xff, 0x0, 0x0, 0x8b, 0xb2,
    0xc, 0xff, 0xa1, 0x0, 0x0, 0x0, 0x4, 0xff,
    0xff, 0x92, 0x0, 0x0, 0x0, 0x5f, 0xff, 0xff,
    0xa1, 0x0, 0x0, 0x1, 0x8e, 0xff, 0xfe, 0x30,
    0x0, 0x0, 0x0, 0x5d, 0xff, 0xd0, 0x24, 0x41,
    0x0, 0x1, 0xef, 0xf2, 0x9f, 0xf7, 0x0, 0x0,
    0xcf, 0xf3, 0x6f, 0xfd, 0x0, 0x1, 0xff, 0xf2,
    0xe, 0xff, 0xd8, 0x9e, 0xff, 0xc0, 0x3, 0xef,
    0xff, 0xff, 0xfe, 0x20, 0x0, 0x18, 0xcf, 0xfc,
    0x71, 0x0, 0x0, 0x0, 0xe, 0xd0, 0x0, 0x0,
    0x0, 0x0, 0xe, 0xd0, 0x0, 0x0,

    /* U+0025 "%" */
    0x6, 0xdf, 0xd4, 0x0, 0x0, 0x0, 0x4, 0xff,
    0xdf, 0xf2, 0x0, 0x0, 0x0, 0x9f, 0x70, 0x9f,
    0x60, 0x3c, 0x20, 0xa, 0xf6, 0x8, 0xf7, 0xc,
    0xf1, 0x0, 0x8f, 0x90, 0xbf, 0x65, 0xf7, 0x0,
    0x2, 0xff, 0xff, 0xe1, 0xde, 0x0, 0x0, 0x2,
    0x9b, 0x92, 0x7f, 0x60, 0x0, 0x0, 0x0, 0x0,
    0x1e, 0xd0, 0x0, 0x0, 0x0, 0x0, 0x9, 0xf4,
    0x0, 0x0, 0x0, 0x0, 0x2, 0xfb, 0x2c, 0xfe,
    0x80, 0x0, 0x0, 0xaf, 0x3e, 0xfd, 0xff, 0x60,
    0x0, 0x3f, 0x93, 0xfd, 0x5, 0xfc, 0x0, 0xc,
    0xf1, 0x5f, 0xb0, 0x3f, 0xd0, 0x0, 0x25, 0x3,
    0xfd, 0x4, 0xfc, 0x0, 0x0, 0x0, 0xe, 0xfd,
    0xef, 0x70, 0x0, 0x0, 0x0, 0x2c, 0xfe, 0x80,

    /* U+0026 "&" */
    0x0, 0x1, 0x9e, 0xfd, 0x50, 0x0, 0x0, 0x0,
    0x1e, 0xff, 0xff, 0xf5, 0x0, 0x0, 0x0, 0x8f,
    0xfc, 0x7e, 0xfd, 0x0, 0x0, 0x0, 0xbf, 0xf1,
    0x8, 0xff, 0x0, 0x0, 0x0, 0xbf, 0xf0, 0xa,
    0xfd, 0x0, 0x0, 0x0, 0x7f, 0xf7, 0x9f, 0xf4,
    0x0, 0x0, 0x0, 0x1e, 0xff, 0xff, 0x50, 0x0,
    0x0, 0x0, 0xa, 0xff, 0xf3, 0x0, 0x0, 0x0,
    0x0, 0xaf, 0xff, 0xfa, 0x0, 0xaf, 0xc0, 0x8,
    0xff, 0xad, 0xff, 0x60, 0xdf, 0xc0, 0xf, 0xff,
    0x12, 0xff, 0xf6, 0xff, 0x90, 0x2f, 0xfd, 0x0,
    0x5f, 0xff, 0xff, 0x30, 0x1f, 0xff, 0x10, 0x9,
    0xff, 0xfb, 0x0, 0xd, 0xff, 0xd7, 0x8e, 0xff,
    0xf8, 0x0, 0x3, 0xff, 0xff, 0xff, 0xff, 0xff,
    0x30, 0x0, 0x2a, 0xef, 0xea, 0x47, 0xff, 0xd0,

    /* U+0027 "'" */
    0x1f, 0xf3, 0x1f, 0xf3, 0x1f, 0xf2, 0x1f, 0xf1,
    0x1f, 0xf0, 0x1e, 0xd0,

    /* U+0028 "(" */
    0x0, 0x0, 0x4, 0x10, 0x0, 0x8, 0xf7, 0x0,
    0x7, 0xfe, 0x30, 0x2, 0xff, 0x40, 0x0, 0xbf,
    0xb0, 0x0, 0x2f, 0xf4, 0x0, 0x8, 0xfe, 0x0,
    0x0, 0xdf, 0xa0, 0x0, 0xf, 0xf8, 0x0, 0x2,
    0xff, 0x60, 0x0, 0x4f, 0xf5, 0x0, 0x4, 0xff,
    0x40, 0x0, 0x4f, 0xf4, 0x0, 0x3, 0xff, 0x50,
    0x0, 0x1f, 0xf7, 0x0, 0x0, 0xef, 0x90, 0x0,
    0xa, 0xfd, 0x0, 0x0, 0x5f, 0xf2, 0x0, 0x0,
    0xdf, 0x80, 0x0, 0x5, 0xff, 0x10, 0x0, 0xb,
    0xfc, 0x0, 0x0, 0x1d, 0xf8, 0x0, 0x0, 0x1a,
    0x30,

    /* U+0029 ")" */
    0x15, 0x0, 0x0, 0x6, 0xf8, 0x0, 0x0, 0x2e,
    0xf8, 0x0, 0x0, 0x4f, 0xf3, 0x0, 0x0, 0xbf,
    0xc0, 0x0, 0x4, 0xff, 0x40, 0x0, 0xe, 0xfa,
    0x0, 0x0, 0xaf, 0xf0, 0x0, 0x7, 0xff, 0x20,
    0x0, 0x5f, 0xf5, 0x0, 0x4, 0xff, 0x60, 0x0,
    0x4f, 0xf7, 0x0, 0x4, 0xff, 0x70, 0x0, 0x5f,
    0xf5, 0x0, 0x6, 0xff, 0x30, 0x0, 0x9f, 0xf0,
    0x0, 0xc, 0xfc, 0x0, 0x1, 0xff, 0x60, 0x0,
    0x8f, 0xf0, 0x0, 0x1f, 0xf7, 0x0, 0xb, 0xfc,
    0x0, 0x7, 0xfd, 0x10, 0x0, 0x3a, 0x10, 0x0,
    0x0,

    /* U+002A "*" */
    0x0, 0x0, 0xf, 0xf5, 0x0, 0x0, 0x0, 0x0,
    0xe, 0xf3, 0x0, 0x0, 0x0, 0x0, 0xc, 0xf2,
    0x0, 0x0, 0xc, 0x92, 0xb, 0xf0, 0x6, 0xd1,
    0x2f, 0xff, 0xbc, 0xf7, 0xef, 0xf6, 0x5, 0x9d,
    0xff, 0xff, 0xfc, 0x83, 0x0, 0x0, 0x7f, 0xfb,
    0x0, 0x0, 0x0, 0x4, 0xfd, 0xbf, 0x60, 0x0,
    0x0, 0x2f, 0xf4, 0x2f, 0xf3, 0x0, 0x0, 0xdf,
    0xb0, 0x9, 0xfe, 0x10, 0x0, 0x2c, 0x20, 0x1,
    0xe5, 0x0, 0x0, 0x0, 0x0, 0x0, 0x0, 0x0,

    /* U+002B "+" */
    0x0, 0x0, 0x88, 0x70, 0x0, 0x0, 0x0, 0xf,
    0xfd, 0x0, 0x0, 0x0, 0x0, 0xff, 0xd0, 0x0,
    0x0, 0x0, 0xf, 0xfd, 0x0, 0x0, 0x0, 0x0,
    0xff, 0xd0, 0x0, 0xf, 0xff, 0xff, 0xff, 0xff,
    0xfc, 0xff, 0xff, 0xff, 0xff, 0xff, 0xcb, 0xcc,
    0xcf, 0xff, 0xcc, 0xc9, 0x0, 0x0, 0xff, 0xd0,
    0x0, 0x0, 0x0, 0xf, 0xfd, 0x0, 0x0, 0x0,
    0x0, 0xff, 0xd0, 0x0, 0x0, 0x0, 0xf, 0xfd,
    0x0, 0x0,

    /* U+002C "," */
    0x2, 0xff, 0xa0, 0x2f, 0xfa, 0x2, 0xff, 0x90,
    0x3f, 0xf7, 0x6, 0xff, 0x30, 0xcf, 0xb0, 0x8,
    0xd1, 0x0, 0x0, 0x0,

    /* U+002D "-" */
    0x77, 0x77, 0x77, 0x77, 0x7f, 0xff, 0xff, 0xff,
    0xff, 0xff, 0xff, 0xff, 0xff, 0xf0,

    /* U+002E "." */
    0xa, 0xfc, 0x16, 0xff, 0xf9, 0x6f, 0xff, 0x90,
    0xbf, 0xc2,

    /* U+002F "/" */
    0x0, 0x0, 0x0, 0xef, 0xd0, 0x0, 0x0, 0x4f,
    0xf7, 0x0, 0x0, 0xa, 0xff, 0x20, 0x0, 0x0,
    0xff, 0xc0, 0x0, 0x0, 0x5f, 0xf7, 0x0, 0x0,
    0xa, 0xff, 0x10, 0x0, 0x0, 0xff, 0xc0, 0x0,
    0x0, 0x5f, 0xf6, 0x0, 0x0, 0xb, 0xff, 0x10,
    0x0, 0x1, 0xff, 0xb0, 0x0, 0x0, 0x6f, 0xf6,
    0x0, 0x0, 0xb, 0xff, 0x10, 0x0, 0x1, 0xff,
    0xb0, 0x0, 0x0, 0x6f, 0xf5, 0x0, 0x0, 0xc,
    0xff, 0x0, 0x0, 0x2, 0xff, 0xa0, 0x0, 0x0,
    0x7f, 0xf5, 0x0, 0x0, 0x0,

    /* U+0030 "0" */
    0x0, 0x19, 0xef, 0xea, 0x30, 0x0, 0x2e, 0xff,
    0xff, 0xff, 0x40, 0xb, 0xff, 0xc7, 0xaf, 0xfe,
    0x2, 0xff, 0xe0, 0x0, 0xbf, 0xf5, 0x5f, 0xf9,
    0x0, 0x6, 0xff, 0x97, 0xff, 0x80, 0x0, 0x7f,
    0xfa, 0x7f, 0xf8, 0x0, 0x9f, 0xff, 0xb7, 0xff,
    0x82, 0xdf, 0xdf, 0xfb, 0x7f, 0xfc, 0xff, 0x65,
    0xff, 0xb7, 0xff, 0xfd, 0x20, 0x5f, 0xfb, 0x7f,
    0xfb, 0x0, 0x5, 0xff, 0xa5, 0xff, 0xa0, 0x0,
    0x6f, 0xf9, 0x1f, 0xfe, 0x0, 0xb, 0xff, 0x50,
    0xbf, 0xfc, 0x7a, 0xff, 0xe0, 0x1, 0xef, 0xff,
    0xff, 0xf4, 0x0, 0x1, 0x9e, 0xfe, 0xa3, 0x0,

    /* U+0031 "1" */
    0x0, 0x0, 0x1, 0x69, 0x0, 0x5, 0xbf, 0xfd,
    0x9, 0xef, 0xff, 0xfd, 0x2f, 0xff, 0xff, 0xfd,
    0x2f, 0xb5, 0x3f, 0xfd, 0x1, 0x0, 0x3f, 0xfd,
    0x0, 0x0, 0x3f, 0xfd, 0x0, 0x0, 0x3f, 0xfd,
    0x0, 0x0, 0x3f, 0xfd, 0x0, 0x0, 0x3f, 0xfd,
    0x0, 0x0, 0x3f, 0xfd, 0x0, 0x0, 0x3f, 0xfd,
    0x0, 0x0, 0x3f, 0xfd, 0x0, 0x0, 0x3f, 0xfd,
    0x0, 0x0, 0x3f, 0xfd, 0x0, 0x0, 0x3f, 0xfd,

    /* U+0032 "2" */
    0x0, 0x5, 0xbf, 0xfe, 0x92, 0x0, 0x0, 0xaf,
    0xff, 0xff, 0xff, 0x30, 0x7, 0xff, 0xf9, 0x8e,
    0xff, 0xc0, 0xf, 0xff, 0x30, 0x1, 0xff, 0xf1,
    0x3f, 0xfd, 0x0, 0x0, 0xcf, 0xf3, 0x2, 0x21,
    0x0, 0x0, 0xdf, 0xf1, 0x0, 0x0, 0x0, 0x5,
    0xff, 0xc0, 0x0, 0x0, 0x0, 0x2e, 0xff, 0x40,
    0x0, 0x0, 0x1, 0xdf, 0xf8, 0x0, 0x0, 0x0,
    0xc, 0xff, 0xa0, 0x0, 0x0, 0x0, 0xbf, 0xfb,
    0x0, 0x0, 0x0, 0xa, 0xff, 0xc0, 0x0, 0x0,
    0x0, 0x9f, 0xfd, 0x10, 0x0, 0x0, 0x8, 0xff,
    0xf8, 0x66, 0x66, 0x64, 0xe, 0xff, 0xff, 0xff,
    0xff, 0xfb, 0xe, 0xff, 0xff, 0xff, 0xff, 0xfb,

    /* U+0033 "3" */
    0x0, 0x5b, 0xff, 0xeb, 0x40, 0x0, 0xaf, 0xff,
    0xff, 0xff, 0x70, 0x5f, 0xff, 0x97, 0xbf, 0xff,
    0x2b, 0xff, 0x60, 0x0, 0xbf, 0xf7, 0x34, 0x40,
    0x0, 0x7, 0xff, 0x80, 0x0, 0x0, 0x0, 0xbf,
    0xf5, 0x0, 0x2, 0x56, 0xaf, 0xfc, 0x0, 0x0,
    0x7f, 0xff, 0xfb, 0x0, 0x0, 0x7, 0xff, 0xff,
    0xf7, 0x0, 0x0, 0x0, 0x4, 0xdf, 0xf4, 0x0,
    0x0, 0x0, 0x5, 0xff, 0xa7, 0x77, 0x0, 0x0,
    0x3f, 0xfc, 0xdf, 0xf5, 0x0, 0x8, 0xff, 0xa8,
    0xff, 0xf9, 0x7a, 0xff, 0xf4, 0xb, 0xff, 0xff,
    0xff, 0xf8, 0x0, 0x6, 0xbf, 0xfe, 0xa4, 0x0,

    /* U+0034 "4" */
    0x0, 0x0, 0x0, 0x2f, 0xff, 0x30, 0x0, 0x0,
    0x0, 0xb, 0xff, 0xf3, 0x0, 0x0, 0x0, 0x5,
    0xff, 0xff, 0x30, 0x0, 0x0, 0x1, 0xef, 0xff,
    0xf3, 0x0, 0x0, 0x0, 0x9f, 0xfd, 0xff, 0x30,
    0x0, 0x0, 0x3f, 0xf6, 0xcf, 0xf3, 0x0, 0x0,
    0xd, 0xfc, 0xc, 0xff, 0x30, 0x0, 0x7, 0xff,
    0x20, 0xcf, 0xf3, 0x0, 0x1, 0xff, 0x80, 0xc,
    0xff, 0x30, 0x0, 0xbf, 0xd0, 0x0, 0xcf, 0xf3,
    0x0, 0x4f, 0xff, 0xff, 0xff, 0xff, 0xff, 0x4,
    0xff, 0xff, 0xff, 0xff, 0xff, 0xf0, 0x17, 0x77,
    0x77, 0x7d, 0xff, 0x97, 0x0, 0x0, 0x0, 0x0,
    0xcf, 0xf3, 0x0, 0x0, 0x0, 0x0, 0xc, 0xff,
    0x30, 0x0, 0x0, 0x0, 0x0, 0xcf, 0xf3, 0x0,

    /* U+0035 "5" */
    0x7, 0xff, 0xff, 0xff, 0xff, 0x30, 0x9f, 0xff,
    0xff, 0xff, 0xf3, 0xb, 0xff, 0x99, 0x99, 0x99,
    0x20, 0xdf, 0xe0, 0x0, 0x0, 0x0, 0xe, 0xfd,
    0x0, 0x0, 0x0, 0x0, 0xff, 0xb1, 0x44, 0x10,
    0x0, 0x2f, 0xfe, 0xff, 0xff, 0xb1, 0x4, 0xff,
    0xff, 0xff, 0xff, 0xc0, 0x16, 0xb7, 0x10, 0x5f,
    0xff, 0x50, 0x0, 0x0, 0x0, 0x7f, 0xfa, 0x0,
    0x0, 0x0, 0x4, 0xff, 0xb5, 0x77, 0x10, 0x0,
    0x4f, 0xfb, 0x9f, 0xf8, 0x0, 0x9, 0xff, 0x83,
    0xff, 0xfa, 0x7a, 0xff, 0xf2, 0x6, 0xff, 0xff,
    0xff, 0xf6, 0x0, 0x3, 0xae, 0xfe, 0xb4, 0x0,

    /* U+0036 "6" */
    0x0, 0x0, 0x4a, 0xdf, 0x70, 0x0, 0x1, 0xbf,
    0xff, 0xf7, 0x0, 0x0, 0xdf, 0xff, 0xb8, 0x30,
    0x0, 0x9f, 0xfb, 0x10, 0x0, 0x0, 0x1f, 0xfd,
    0x0, 0x0, 0x0, 0x7, 0xff, 0x68, 0xef, 0xd6,
    0x0, 0xaf, 0xfe, 0xff, 0xff, 0xf9, 0xd, 0xff,
    0xfa, 0x7b, 0xff, 0xf3, 0xdf, 0xf7, 0x0, 0xb,
    0xff, 0x8e, 0xff, 0x20, 0x0, 0x4f, 0xfb, 0xdf,
    0xf2, 0x0, 0x2, 0xff, 0xcb, 0xff, 0x50, 0x0,
    0x4f, 0xfb, 0x6f, 0xfb, 0x0, 0xb, 0xff, 0x70,
    0xef, 0xfb, 0x7b, 0xff, 0xf1, 0x3, 0xef, 0xff,
    0xff, 0xf4, 0x0, 0x1, 0x9e, 0xfe, 0xa2, 0x0,

    /* U+0037 "7" */
    0x4f, 0xff, 0xff, 0xff, 0xff, 0xfb, 0x4f, 0xff,
    0xff, 0xff, 0xff, 0xfb, 0x27, 0x77, 0x77, 0x77,
    0xbf, 0xf6, 0x0, 0x0, 0x0, 0x0, 0xdf, 0xe0,
    0x0, 0x0, 0x0, 0x5, 0xff, 0x80, 0x0, 0x0,
    0x0, 0xc, 0xff, 0x20, 0x0, 0x0, 0x0, 0x3f,
    0xfb, 0x0, 0x0, 0x0, 0x0, 0xaf, 0xf4, 0x0,
    0x0, 0x0, 0x2, 0xff, 0xd0, 0x0, 0x0, 0x0,
    0x9, 0xff, 0x60, 0x0, 0x0, 0x0, 0x1f, 0xff,
    0x0, 0x0, 0x0, 0x0, 0x7f, 0xf8, 0x0, 0x0,
    0x0, 0x0, 0xef, 0xf2, 0x0, 0x0, 0x0, 0x6,
    0xff, 0xb0, 0x0, 0x0, 0x0, 0xd, 0xff, 0x40,
    0x0, 0x0, 0x0, 0x4f, 0xfd, 0x0, 0x0, 0x0,

    /* U+0038 "8" */
    0x0, 0x4b, 0xef, 0xea, 0x30, 0x0, 0x7f, 0xff,
    0xff, 0xff, 0x50, 0x2f, 0xff, 0xa7, 0xcf, 0xfe,
    0x6, 0xff, 0xb0, 0x0, 0xdf, 0xf4, 0x7f, 0xf8,
    0x0, 0xa, 0xff, 0x44, 0xff, 0xb0, 0x0, 0xdf,
    0xf2, 0xc, 0xff, 0xb7, 0xcf, 0xfa, 0x0, 0x1c,
    0xff, 0xff, 0xfa, 0x0, 0x7, 0xff, 0xff, 0xff,
    0xf5, 0x4, 0xff, 0xd2, 0x4, 0xef, 0xf2, 0xbf,
    0xf4, 0x0, 0x7, 0xff, 0x8d, 0xff, 0x30, 0x0,
    0x5f, 0xfa, 0xbf, 0xf7, 0x0, 0xa, 0xff, 0x96,
    0xff, 0xf9, 0x7a, 0xff, 0xf3, 0xa, 0xff, 0xff,
    0xff, 0xf8, 0x0, 0x5, 0xbf, 0xfe, 0xb4, 0x0,

    /* U+0039 "9" */
    0x0, 0x3b, 0xff, 0xd7, 0x0, 0x0, 0x6f, 0xff,
    0xff, 0xfc, 0x0, 0x2f, 0xff, 0xa8, 0xdf, 0xf9,
    0x9, 0xff, 0x90, 0x1, 0xff, 0xf0, 0xdf, 0xf2,
    0x0, 0xa, 0xff, 0x4f, 0xff, 0x0, 0x0, 0x7f,
    0xf7, 0xef, 0xf1, 0x0, 0x7, 0xff, 0x7b, 0xff,
    0x70, 0x0, 0xbf, 0xf7, 0x5f, 0xff, 0x86, 0xbf,
    0xff, 0x70, 0xbf, 0xff, 0xff, 0xff, 0xf5, 0x0,
    0x8d, 0xfe, 0x9b, 0xff, 0x20, 0x0, 0x0, 0x1,
    0xff, 0xd0, 0x0, 0x0, 0x2, 0xcf, 0xf5, 0x0,
    0x5, 0x9b, 0xff, 0xfa, 0x0, 0x0, 0xaf, 0xff,
    0xf9, 0x0, 0x0, 0xa, 0xfd, 0x93, 0x0, 0x0,

    /* U+003A ":" */
    0x9, 0xfd, 0x33, 0xff, 0xfb, 0x3f, 0xff, 0xb0,
    0x9f, 0xd3, 0x0, 0x0, 0x0, 0x0, 0x0, 0x0,
    0x0, 0x0, 0x0, 0x0, 0x0, 0x0, 0x0, 0x9e,
    0xd3, 0x3f, 0xff, 0xb3, 0xff, 0xfc, 0x9, 0xfd,
    0x30,

    /* U+003B ";" */
    0x4, 0xdf, 0x80, 0xc, 0xff, 0xf2, 0xc, 0xff,
    0xf2, 0x4, 0xef, 0x80, 0x0, 0x0, 0x0, 0x0,
    0x0, 0x0, 0x0, 0x0, 0x0, 0x0, 0x0, 0x0,
    0x0, 0x0, 0x0, 0x0, 0x0, 0x0, 0x5, 0xff,
    0x70, 0x5, 0xff, 0x70, 0x5, 0xff, 0x60, 0x6,
    0xff, 0x40, 0x9, 0xff, 0x0, 0xf, 0xf8, 0x0,
    0x1a, 0xc0, 0x0, 0x0, 0x0, 0x0,

    /* U+003C "<" */
    0x0, 0x0, 0x0, 0x0, 0x4b, 0x20, 0x0, 0x0,
    0x17, 0xdf, 0xf3, 0x0, 0x3, 0x9f, 0xff, 0xff,
    0x20, 0x5c, 0xff, 0xff, 0xd8, 0x20, 0x5f, 0xff,
    0xe8, 0x30, 0x0, 0x5, 0xff, 0xe7, 0x10, 0x0,
    0x0, 0x2c, 0xff, 0xff, 0xc6, 0x10, 0x0, 0x3,
    0xaf, 0xff, 0xff, 0xc1, 0x0, 0x0, 0x17, 0xdf,
    0xff, 0x30, 0x0, 0x0, 0x0, 0x4b, 0xf3, 0x0,
    0x0, 0x0, 0x0, 0x2, 0x10,

    /* U+003D "=" */
    0x4f, 0xff, 0xff, 0xff, 0xff, 0xd4, 0xff, 0xff,
    0xff, 0xff, 0xfd, 0x27, 0x77, 0x77, 0x77, 0x77,
    0x60, 0x0, 0x0, 0x0, 0x0, 0x0, 0x27, 0x77,
    0x77, 0x77, 0x77, 0x64, 0xff, 0xff, 0xff, 0xff,
    0xfd, 0x4f, 0xff, 0xff, 0xff, 0xff, 0xd0,

    /* U+003E ">" */
    0x4a, 0x40, 0x0, 0x0, 0x0, 0x4, 0xff, 0xd7,
    0x10, 0x0, 0x0, 0x4f, 0xff, 0xff, 0x93, 0x0,
    0x0, 0x28, 0xdf, 0xff, 0xfc, 0x60, 0x0, 0x0,
    0x28, 0xdf, 0xff, 0x60, 0x0, 0x0, 0x17, 0xef,
    0xf6, 0x0, 0x16, 0xcf, 0xff, 0xfd, 0x32, 0xcf,
    0xff, 0xff, 0xa3, 0x0, 0x4f, 0xff, 0xd7, 0x10,
    0x0, 0x4, 0xfb, 0x40, 0x0, 0x0, 0x0, 0x12,
    0x0, 0x0, 0x0, 0x0, 0x0,

    /* U+003F "?" */
    0x0, 0x2a, 0xef, 0xfd, 0x80, 0x0, 0x4f, 0xff,
    0xff, 0xff, 0xd1, 0xd, 0xff, 0xd8, 0x9f, 0xff,
    0x83, 0xff, 0xe0, 0x0, 0x5f, 0xfc, 0x15, 0x54,
    0x0, 0x3, 0xff, 0xd0, 0x0, 0x0, 0x0, 0x8f,
    0xf9, 0x0, 0x0, 0x0, 0x4f, 0xff, 0x10, 0x0,
    0x0, 0x5f, 0xff, 0x40, 0x0, 0x0, 0x3f, 0xff,
    0x30, 0x0, 0x0, 0x8, 0xff, 0x50, 0x0, 0x0,
    0x0, 0xaf, 0xf1, 0x0, 0x0, 0x0, 0x0, 0x11,
    0x0, 0x0, 0x0, 0x0, 0x4, 0x20, 0x0, 0x0,
    0x0, 0xd, 0xff, 0x20, 0x0, 0x0, 0x0, 0xff,
    0xf6, 0x0, 0x0, 0x0, 0x9, 0xfc, 0x10, 0x0,

    /* U+0040 "@" */
    0x0, 0x0, 0x5b, 0xff, 0xd7, 0x0, 0x0, 0x0,
    0xaf, 0xfb, 0xad, 0xfc, 0x0, 0x0, 0x9f, 0x90,
    0x0, 0x6, 0xf9, 0x0, 0x4f, 0xa0, 0x0, 0x0,
    0xa, 0xf1, 0xb, 0xf1, 0x6, 0xef, 0xd3, 0x4f,
    0x51, 0xfb, 0x6, 0xfe, 0xbf, 0x81, 0xf8, 0x5f,
    0x70, 0xef, 0x13, 0xf7, 0x1f, 0x97, 0xf4, 0x4f,
    0x90, 0x5f, 0x51, 0xf8, 0x8f, 0x47, 0xf6, 0x6,
    0xf4, 0x2f, 0x68, 0xf4, 0x7f, 0x60, 0x8f, 0x25,
    0xf3, 0x7f, 0x56, 0xfb, 0xb, 0xf3, 0xbd, 0x4,
    0xf9, 0x1e, 0xff, 0xdf, 0xff, 0x50, 0xe, 0xf1,
    0x28, 0x70, 0x58, 0x40, 0x0, 0x7f, 0xc2, 0x0,
    0x1, 0x0, 0x0, 0x0, 0xaf, 0xfc, 0xbc, 0xf3,
    0x0, 0x0, 0x0, 0x5b, 0xff, 0xe9, 0x10, 0x0,

    /* U+0041 "A" */
    0x0, 0x0, 0xb, 0xff, 0x50, 0x0, 0x0, 0x0,
    0x0, 0x1f, 0xff, 0xa0, 0x0, 0x0, 0x0, 0x0,
    0x6f, 0xff, 0xf0, 0x0, 0x0, 0x0, 0x0, 0xbf,
    0xff, 0xf4, 0x0, 0x0, 0x0, 0x0, 0xff, 0xcf,
    0xf9, 0x0, 0x0, 0x0, 0x5, 0xff, 0x6d, 0xfe,
    0x0, 0x0, 0x0, 0xa, 0xff, 0x28, 0xff, 0x30,
    0x0, 0x0, 0xf, 0xfd, 0x4, 0xff, 0x80, 0x0,
    0x0, 0x4f, 0xf9, 0x0, 0xff, 0xd0, 0x0, 0x0,
    0x9f, 0xf4, 0x0, 0xbf, 0xf2, 0x0, 0x0, 0xef,
    0xff, 0xff, 0xff, 0xf7, 0x0, 0x4, 0xff, 0xff,
    0xff, 0xff, 0xfc, 0x0, 0x9, 0xff, 0xb9, 0x99,
    0x9f, 0xff, 0x10, 0xe, 0xff, 0x20, 0x0, 0xa,
    0xff, 0x60, 0x3f, 0xfe, 0x0, 0x0, 0x6, 0xff,
    0xb0, 0x8f, 0xf9, 0x0, 0x0, 0x1, 0xff, 0xf0,

    /* U+0042 "B" */
    0x9f, 0xff, 0xff, 0xfd, 0x92, 0x0, 0x9f, 0xff,
    0xff, 0xff, 0xff, 0x40, 0x9f, 0xfb, 0x88, 0x9e,
    0xff, 0xe0, 0x9f, 0xf6, 0x0, 0x1, 0xef, 0xf3,
    0x9f, 0xf6, 0x0, 0x0, 0xbf, 0xf4, 0x9f, 0xf6,
    0x0, 0x0, 0xef, 0xf2, 0x9f, 0xf8, 0x33, 0x5b,
    0xff, 0xa0, 0x9f, 0xff, 0xff, 0xff, 0xf9, 0x0,
    0x9f, 0xff, 0xff, 0xff, 0xff, 0x60, 0x9f, 0xf6,
    0x0, 0x4, 0xef, 0xf3, 0x9f, 0xf6, 0x0, 0x0,
    0x7f, 0xf9, 0x9f, 0xf6, 0x0, 0x0, 0x6f, 0xfa,
    0x9f, 0xf6, 0x0, 0x0, 0xbf, 0xf8, 0x9f, 0xfb,
    0x77, 0x8c, 0xff, 0xf3, 0x9f, 0xff, 0xff, 0xff,
    0xff, 0x70, 0x9f, 0xff, 0xff, 0xfe, 0xa4, 0x0,

    /* U+0043 "C" */
    0x0, 0x1, 0x9e, 0xff, 0xc5, 0x0, 0x0, 0x3,
    0xef, 0xff, 0xff, 0xfb, 0x0, 0x1, 0xef, 0xfc,
    0x89, 0xff, 0xf7, 0x0, 0x7f, 0xfb, 0x0, 0x3,
    0xff, 0xe0, 0xd, 0xff, 0x30, 0x0, 0xd, 0xff,
    0x20, 0xff, 0xf0, 0x0, 0x0, 0x34, 0x41, 0x2f,
    0xfe, 0x0, 0x0, 0x0, 0x0, 0x2, 0xff, 0xe0,
    0x0, 0x0, 0x0, 0x0, 0x2f, 0xfe, 0x0, 0x0,
    0x0, 0x0, 0x2, 0xff, 0xe0, 0x0, 0x0, 0x0,
    0x0, 0xf, 0xff, 0x0, 0x0, 0x1, 0x22, 0x0,
    0xdf, 0xf3, 0x0, 0x0, 0xdf, 0xf3, 0x8, 0xff,
    0xa0, 0x0, 0x3f, 0xfe, 0x0, 0x1e, 0xff, 0xc8,
    0x9f, 0xff, 0x70, 0x0, 0x4f, 0xff, 0xff, 0xff,
    0xa0, 0x0, 0x0, 0x29, 0xef, 0xfb, 0x50, 0x0,

    /* U+0044 "D" */
    0xaf, 0xff, 0xfe, 0xb4, 0x0, 0x0, 0xaf, 0xff,
    0xff, 0xff, 0xb0, 0x0, 0xaf, 0xfb, 0x7a, 0xff,
    0xfb, 0x0, 0xaf, 0xf6, 0x0, 0x3e, 0xff, 0x50,
    0xaf, 0xf6, 0x0, 0x6, 0xff, 0xc0, 0xaf, 0xf6,
    0x0, 0x1, 0xff, 0xf1, 0xaf, 0xf6, 0x0, 0x0,
    0xef, 0xf3, 0xaf, 0xf6, 0x0, 0x0, 0xdf, 0xf4,
    0xaf, 0xf6, 0x0, 0x0, 0xdf, 0xf3, 0xaf, 0xf6,
    0x0, 0x0, 0xef, 0xf3, 0xaf, 0xf6, 0x0, 0x0,
    0xff, 0xf0, 0xaf, 0xf6, 0x0, 0x6, 0xff, 0xc0,
    0xaf, 0xf6, 0x0, 0x2e, 0xff, 0x50, 0xaf, 0xfa,
    0x79, 0xff, 0xfb, 0x0, 0xaf, 0xff, 0xff, 0xff,
    0xb0, 0x0, 0xaf, 0xff, 0xfe, 0xb5, 0x0, 0x0,

    /* U+0045 "E" */
    0x6f, 0xff, 0xff, 0xff, 0xff, 0xf1, 0x6f, 0xff,
    0xff, 0xff, 0xff, 0xf1, 0x6f, 0xfc, 0x77, 0x77,
    0x77, 0x70, 0x6f, 0xf9, 0x0, 0x0, 0x0, 0x0,
    0x6f, 0xf9, 0x0, 0x0, 0x0, 0x0, 0x6f, 0xf9,
    0x0, 0x0, 0x0, 0x0, 0x6f, 0xfc, 0x66, 0x66,
    0x66, 0x0, 0x6f, 0xff, 0xff, 0xff, 0xff, 0x0,
    0x6f, 0xff, 0xff, 0xff, 0xff, 0x0, 0x6f, 0xf9,
    0x0, 0x0, 0x0, 0x0, 0x6f, 0xf9, 0x0, 0x0,
    0x0, 0x0, 0x6f, 0xf9, 0x0, 0x0, 0x0, 0x0,
    0x6f, 0xf9, 0x0, 0x0, 0x0, 0x0, 0x6f, 0xfc,
    0x77, 0x77, 0x77, 0x70, 0x6f, 0xff, 0xff, 0xff,
    0xff, 0xf2, 0x6f, 0xff, 0xff, 0xff, 0xff, 0xf2,

    /* U+0046 "F" */
    0x6f, 0xff, 0xff, 0xff, 0xff, 0xf2, 0x6f, 0xff,
    0xff, 0xff, 0xff, 0xf2, 0x6f, 0xfc, 0x77, 0x77,
    0x77, 0x71, 0x6f, 0xfa, 0x0, 0x0, 0x0, 0x0,
    0x6f, 0xfa, 0x0, 0x0, 0x0, 0x0, 0x6f, 0xfa,
    0x0, 0x0, 0x0, 0x0, 0x6f, 0xfa, 0x0, 0x0,
    0x0, 0x0, 0x6f, 0xff, 0xff, 0xff, 0xff, 0x50,
    0x6f, 0xff, 0xff, 0xff, 0xff, 0x50, 0x6f, 0xfc,
    0x77, 0x77, 0x77, 0x20, 0x6f, 0xfa, 0x0, 0x0,
    0x0, 0x0, 0x6f, 0xfa, 0x0, 0x0, 0x0, 0x0,
    0x6f, 0xfa, 0x0, 0x0, 0x0, 0x0, 0x6f, 0xfa,
    0x0, 0x0, 0x0, 0x0, 0x6f, 0xfa, 0x0, 0x0,
    0x0, 0x0, 0x6f, 0xfa, 0x0, 0x0, 0x0, 0x0,

    /* U+0047 "G" */
    0x0, 0x1, 0x9e, 0xff, 0xc6, 0x0, 0x0, 0x2,
    0xef, 0xff, 0xff, 0xfc, 0x0, 0x0, 0xdf, 0xfd,
    0x89, 0xff, 0xf7, 0x0, 0x6f, 0xfd, 0x0, 0x3,
    0xff, 0xe0, 0xc, 0xff, 0x50, 0x0, 0xb, 0xdd,
    0x10, 0xff, 0xf1, 0x0, 0x0, 0x0, 0x0, 0xf,
    0xff, 0x0, 0x0, 0x0, 0x0, 0x1, 0xff, 0xf0,
    0x2, 0x44, 0x44, 0x40, 0x1f, 0xff, 0x0, 0x7f,
    0xff, 0xff, 0x20, 0xff, 0xf0, 0x7, 0xff, 0xff,
    0xf2, 0xf, 0xff, 0x10, 0x0, 0xd, 0xff, 0x20,
    0xcf, 0xf5, 0x0, 0x0, 0xdf, 0xf2, 0x7, 0xff,
    0xc0, 0x0, 0xe, 0xff, 0x20, 0xe, 0xff, 0xd7,
    0x8c, 0xff, 0xf2, 0x0, 0x3e, 0xff, 0xff, 0xff,
    0xf8, 0x0, 0x0, 0x19, 0xdf, 0xfd, 0x92, 0x0,

    /* U+0048 "H" */
    0xaf, 0xf5, 0x0, 0x4, 0xff, 0xba, 0xff, 0x50,
    0x0, 0x4f, 0xfb, 0xaf, 0xf5, 0x0, 0x4, 0xff,
    0xba, 0xff, 0x50, 0x0, 0x4f, 0xfb, 0xaf, 0xf5,
    0x0, 0x4, 0xff, 0xba, 0xff, 0x50, 0x0, 0x4f,
    0xfb, 0xaf, 0xfa, 0x77, 0x79, 0xff, 0xba, 0xff,
    0xff, 0xff, 0xff, 0xfb, 0xaf, 0xff, 0xff, 0xff,
    0xff, 0xba, 0xff, 0x50, 0x0, 0x4f, 0xfb, 0xaf,
    0xf5, 0x0, 0x4, 0xff, 0xba, 0xff, 0x50, 0x0,
    0x4f, 0xfb, 0xaf, 0xf5, 0x0, 0x4, 0xff, 0xba,
    0xff, 0x50, 0x0, 0x4f, 0xfb, 0xaf, 0xf5, 0x0,
    0x4, 0xff, 0xba, 0xff, 0x50, 0x0, 0x4f, 0xfb,

    /* U+0049 "I" */
    0xef, 0xff, 0xff, 0xff, 0xf2, 0xef, 0xff, 0xff,
    0xff, 0xf2, 0x67, 0x7f, 0xff, 0x87, 0x70, 0x0,
    0xf, 0xff, 0x10, 0x0, 0x0, 0xf, 0xff, 0x10,
    0x0, 0x0, 0xf, 0xff, 0x10, 0x0, 0x0, 0xf,
    0xff, 0x10, 0x0, 0x0, 0xf, 0xff, 0x10, 0x0,
    0x0, 0xf, 0xff, 0x10, 0x0, 0x0, 0xf, 0xff,
    0x10, 0x0, 0x0, 0xf, 0xff, 0x10, 0x0, 0x0,
    0xf, 0xff, 0x10, 0x0, 0x0, 0xf, 0xff, 0x10,
    0x0, 0x67, 0x7f, 0xff, 0x77, 0x70, 0xef, 0xff,
    0xff, 0xff, 0xf2, 0xef, 0xff, 0xff, 0xff, 0xf2,

    /* U+004A "J" */
    0x0, 0x0, 0x0, 0x3, 0xff, 0xd0, 0x0, 0x0,
    0x0, 0x3f, 0xfd, 0x0, 0x0, 0x0, 0x3, 0xff,
    0xd0, 0x0, 0x0, 0x0, 0x3f, 0xfd, 0x0, 0x0,
    0x0, 0x3, 0xff, 0xd0, 0x0, 0x0, 0x0, 0x3f,
    0xfd, 0x0, 0x0, 0x0, 0x3, 0xff, 0xd0, 0x0,
    0x0, 0x0, 0x3f, 0xfd, 0x0, 0x0, 0x0, 0x3,
    0xff, 0xd0, 0x0, 0x0, 0x0, 0x3f, 0xfd, 0x0,
    0x0, 0x0, 0x3, 0xff, 0xda, 0xdd, 0x30, 0x0,
    0x4f, 0xfc, 0xaf, 0xf8, 0x0, 0xa, 0xff, 0x94,
    0xff, 0xfa, 0x7b, 0xff, 0xf2, 0x9, 0xff, 0xff,
    0xff, 0xf5, 0x0, 0x5, 0xbf, 0xfe, 0xa2, 0x0,

    /* U+004B "K" */
    0x9f, 0xf6, 0x0, 0x0, 0xbf, 0xfe, 0x19, 0xff,
    0x60, 0x0, 0x6f, 0xff, 0x30, 0x9f, 0xf6, 0x0,
    0x2f, 0xff, 0x70, 0x9, 0xff, 0x60, 0xd, 0xff,
    0xb0, 0x0, 0x9f, 0xf6, 0x8, 0xff, 0xe1, 0x0,
    0x9, 0xff, 0x64, 0xff, 0xf3, 0x0, 0x0, 0x9f,
    0xf8, 0xef, 0xf7, 0x0, 0x0, 0x9, 0xff, 0xff,
    0xff, 0x50, 0x0, 0x0, 0x9f, 0xff, 0xff, 0xfe,
    0x0, 0x0, 0x9, 0xff, 0xfe, 0xdf, 0xf8, 0x0,
    0x0, 0x9f, 0xff, 0x25, 0xff, 0xf2, 0x0, 0x9,
    0xff, 0x70, 0xb, 0xff, 0xc0, 0x0, 0x9f, 0xf6,
    0x0, 0x2f, 0xff, 0x60, 0x9, 0xff, 0x60, 0x0,
    0x8f, 0xfe, 0x10, 0x9f, 0xf6, 0x0, 0x0, 0xef,
    0xf9, 0x9, 0xff, 0x60, 0x0, 0x5, 0xff, 0xf3,

    /* U+004C "L" */
    0x6f, 0xfa, 0x0, 0x0, 0x0, 0x6, 0xff, 0xa0,
    0x0, 0x0, 0x0, 0x6f, 0xfa, 0x0, 0x0, 0x0,
    0x6, 0xff, 0xa0, 0x0, 0x0, 0x0, 0x6f, 0xfa,
    0x0, 0x0, 0x0, 0x6, 0xff, 0xa0, 0x0, 0x0,
    0x0, 0x6f, 0xfa, 0x0, 0x0, 0x0, 0x6, 0xff,
    0xa0, 0x0, 0x0, 0x0, 0x6f, 0xfa, 0x0, 0x0,
    0x0, 0x6, 0xff, 0xa0, 0x0, 0x0, 0x0, 0x6f,
    0xfa, 0x0, 0x0, 0x0, 0x6, 0xff, 0xa0, 0x0,
    0x0, 0x0, 0x6f, 0xfa, 0x0, 0x0, 0x0, 0x6,
    0xff, 0xc7, 0x77, 0x77, 0x77, 0x6f, 0xff, 0xff,
    0xff, 0xff, 0xf6, 0xff, 0xff, 0xff, 0xff, 0xff,

    /* U+004D "M" */
    0xaf, 0xff, 0x30, 0xd, 0xff, 0xf0, 0xaf, 0xff,
    0x70, 0x2f, 0xff, 0xf0, 0xaf, 0xff, 0xb0, 0x6f,
    0xff, 0xf0, 0xaf, 0xff, 0xf0, 0xbf, 0xff, 0xf0,
    0xaf, 0xfe, 0xf4, 0xff, 0xcf, 0xf0, 0xaf, 0xfa,
    0xfb, 0xfe, 0xaf, 0xf0, 0xaf, 0xf6, 0xff, 0xf9,
    0xaf, 0xf0, 0xaf, 0xf2, 0xff, 0xf4, 0xaf, 0xf0,
    0xaf, 0xf1, 0xcf, 0xf0, 0xbf, 0xf0, 0xaf, 0xf1,
    0x8f, 0xb0, 0xbf, 0xf0, 0xaf, 0xf2, 0x3b, 0x50,
    0xbf, 0xf0, 0xaf, 0xf2, 0x0, 0x0, 0xbf, 0xf0,
    0xaf, 0xf2, 0x0, 0x0, 0xbf, 0xf0, 0xaf, 0xf2,
    0x0, 0x0, 0xbf, 0xf0, 0xaf, 0xf2, 0x0, 0x0,
    0xbf, 0xf0, 0xaf, 0xf2, 0x0, 0x0, 0xbf, 0xf0,

    /* U+004E "N" */
    0xaf, 0xf9, 0x0, 0x5, 0xff, 0xba, 0xff, 0xf0,
    0x0, 0x5f, 0xfb, 0xaf, 0xff, 0x60, 0x5, 0xff,
    0xba, 0xff, 0xfd, 0x0, 0x5f, 0xfb, 0xaf, 0xff,
    0xf4, 0x5, 0xff, 0xba, 0xff, 0xff, 0xa0, 0x5f,
    0xfb, 0xaf, 0xfa, 0xff, 0x15, 0xff, 0xba, 0xff,
    0x5d, 0xf8, 0x5f, 0xfb, 0xaf, 0xf5, 0x7f, 0xe5,
    0xff, 0xba, 0xff, 0x51, 0xff, 0xaf, 0xfb, 0xaf,
    0xf5, 0x9, 0xff, 0xff, 0xba, 0xff, 0x50, 0x2f,
    0xff, 0xfb, 0xaf, 0xf5, 0x0, 0xcf, 0xff, 0xba,
    0xff, 0x50, 0x5, 0xff, 0xfb, 0xaf, 0xf5, 0x0,
    0xe, 0xff, 0xba, 0xff, 0x50, 0x0, 0x7f, 0xfb,

    /* U+004F "O" */
    0x0, 0x2, 0xae, 0xfe, 0xa2, 0x0, 0x0, 0x4,
    0xff, 0xff, 0xff, 0xf5, 0x0, 0x1, 0xff, 0xfc,
    0x8c, 0xff, 0xf2, 0x0, 0x8f, 0xfa, 0x0, 0x9,
    0xff, 0xb0, 0xd, 0xff, 0x30, 0x0, 0x1f, 0xff,
    0x0, 0xff, 0xf0, 0x0, 0x0, 0xdf, 0xf3, 0x2f,
    0xff, 0x0, 0x0, 0xc, 0xff, 0x42, 0xff, 0xe0,
    0x0, 0x0, 0xbf, 0xf5, 0x2f, 0xfe, 0x0, 0x0,
    0xb, 0xff, 0x52, 0xff, 0xf0, 0x0, 0x0, 0xcf,
    0xf4, 0xf, 0xff, 0x0, 0x0, 0xd, 0xff, 0x30,
    0xdf, 0xf3, 0x0, 0x1, 0xff, 0xf0, 0x8, 0xff,
    0xa0, 0x0, 0x9f, 0xfb, 0x0, 0x1f, 0xff, 0xc8,
    0xbf, 0xff, 0x20, 0x0, 0x4f, 0xff, 0xff, 0xff,
    0x50, 0x0, 0x0, 0x2a, 0xef, 0xea, 0x20, 0x0,

    /* U+0050 "P" */
    0x6f, 0xff, 0xff, 0xfd, 0x81, 0x0, 0x6f, 0xff,
    0xff, 0xff, 0xfe, 0x20, 0x6f, 0xfc, 0x77, 0x8e,
    0xff, 0xd0, 0x6f, 0xfa, 0x0, 0x1, 0xef, 0xf4,
    0x6f, 0xfa, 0x0, 0x0, 0x9f, 0xf7, 0x6f, 0xfa,
    0x0, 0x0, 0x8f, 0xf8, 0x6f, 0xfa, 0x0, 0x1,
    0xef, 0xf5, 0x6f, 0xfc, 0x77, 0x8e, 0xff, 0xd0,
    0x6f, 0xff, 0xff, 0xff, 0xfe, 0x20, 0x6f, 0xff,
    0xff, 0xfd, 0x81, 0x0, 0x6f, 0xfa, 0x0, 0x0,
    0x0, 0x0, 0x6f, 0xfa, 0x0, 0x0, 0x0, 0x0,
    0x6f, 0xfa, 0x0, 0x0, 0x0, 0x0, 0x6f, 0xfa,
    0x0, 0x0, 0x0, 0x0, 0x6f, 0xfa, 0x0, 0x0,
    0x0, 0x0, 0x6f, 0xfa, 0x0, 0x0, 0x0, 0x0,

    /* U+0051 "Q" */
    0x0, 0x2, 0x9e, 0xfe, 0xa3, 0x0, 0x0, 0x0,
    0x3f, 0xff, 0xff, 0xff, 0x60, 0x0, 0x1, 0xef,
    0xfc, 0x8b, 0xff, 0xf3, 0x0, 0x7, 0xff, 0xb0,
    0x0, 0x7f, 0xfc, 0x0, 0xc, 0xff, 0x40, 0x0,
    0xf, 0xff, 0x10, 0xf, 0xff, 0x10, 0x0, 0xb,
    0xff, 0x50, 0x1f, 0xff, 0x0, 0x0, 0xa, 0xff,
    0x60, 0x1f, 0xff, 0x0, 0x0, 0xa, 0xff, 0x60,
    0x1f, 0xff, 0x0, 0x0, 0xa, 0xff, 0x60, 0x1f,
    0xff, 0x0, 0x0, 0xa, 0xff, 0x60, 0xf, 0xff,
    0x0, 0x0, 0xb, 0xff, 0x50, 0xd, 0xff, 0x30,
    0x0, 0xe, 0xff, 0x20, 0x8, 0xff, 0xb0, 0x0,
    0x7f, 0xfd, 0x0, 0x1, 0xef, 0xfc, 0x8b, 0xff,
    0xf4, 0x0, 0x0, 0x4f, 0xff, 0xff, 0xff, 0xb0,
    0x0, 0x0, 0x2, 0x9e, 0xfe, 0xff, 0xf9, 0x0,
    0x0, 0x0, 0x0, 0x0, 0x2e, 0xff, 0xb0, 0x0,
    0x0, 0x0, 0x0, 0x2, 0xef, 0x50, 0x0, 0x0,
    0x0, 0x0, 0x0, 0x14, 0x0,

    /* U+0052 "R" */
    0x9f, 0xff, 0xff, 0xfc, 0x81, 0x0, 0x9f, 0xff,
    0xff, 0xff, 0xfe, 0x20, 0x9f, 0xfb, 0x77, 0x9e,
    0xff, 0xd0, 0x9f, 0xf6, 0x0, 0x2, 0xff, 0xf3,
    0x9f, 0xf6, 0x0, 0x0, 0xbf, 0xf5, 0x9f, 0xf6,
    0x0, 0x0, 0xbf, 0xf5, 0x9f, 0xf6, 0x0, 0x2,
    0xff, 0xf1, 0x9f, 0xfb, 0x77, 0x9f, 0xff, 0x90,
    0x9f, 0xff, 0xff, 0xff, 0xfa, 0x0, 0x9f, 0xff,
    0xff, 0xff, 0xb0, 0x0, 0x9f, 0xf6, 0x1, 0xff,
    0xf2, 0x0, 0x9f, 0xf6, 0x0, 0x8f, 0xfa, 0x0,
    0x9f, 0xf6, 0x0, 0x1f, 0xff, 0x30, 0x9f, 0xf6,
    0x0, 0x9, 0xff, 0xb0, 0x9f, 0xf6, 0x0, 0x1,
    0xff, 0xf3, 0x9f, 0xf6, 0x0, 0x0, 0x9f, 0xfb,

    /* U+0053 "S" */
    0x0, 0x2, 0x9d, 0xff, 0xd8, 0x10, 0x0, 0x5,
    0xff, 0xff, 0xff, 0xfe, 0x20, 0x2, 0xff, 0xfb,
    0x78, 0xdf, 0xfd, 0x0, 0x7f, 0xfa, 0x0, 0x0,
    0xdf, 0xf4, 0x9, 0xff, 0x60, 0x0, 0x6, 0xcc,
    0x50, 0x6f, 0xfd, 0x10, 0x0, 0x0, 0x0, 0x0,
    0xdf, 0xff, 0x94, 0x0, 0x0, 0x0, 0x2, 0xdf,
    0xff, 0xfe, 0x80, 0x0, 0x0, 0x0, 0x6d, 0xff,
    0xff, 0xd2, 0x0, 0x0, 0x0, 0x2, 0x7e, 0xff,
    0xd0, 0x1, 0x10, 0x0, 0x0, 0x1d, 0xff, 0x40,
    0xff, 0xf0, 0x0, 0x0, 0x8f, 0xf7, 0xc, 0xff,
    0x60, 0x0, 0xb, 0xff, 0x60, 0x4f, 0xff, 0xb7,
    0x7c, 0xff, 0xf1, 0x0, 0x6f, 0xff, 0xff, 0xff,
    0xf5, 0x0, 0x0, 0x29, 0xdf, 0xfd, 0x92, 0x0,

    /* U+0054 "T" */
    0xbf, 0xff, 0xff, 0xff, 0xff, 0xff, 0xeb, 0xff,
    0xff, 0xff, 0xff, 0xff, 0xfe, 0x57, 0x77, 0x7f,
    0xff, 0x87, 0x77, 0x70, 0x0, 0x0, 0xff, 0xf1,
    0x0, 0x0, 0x0, 0x0, 0xf, 0xff, 0x10, 0x0,
    0x0, 0x0, 0x0, 0xff, 0xf1, 0x0, 0x0, 0x0,
    0x0, 0xf, 0xff, 0x10, 0x0, 0x0, 0x0, 0x0,
    0xff, 0xf1, 0x0, 0x0, 0x0, 0x0, 0xf, 0xff,
    0x10, 0x0, 0x0, 0x0, 0x0, 0xff, 0xf1, 0x0,
    0x0, 0x0, 0x0, 0xf, 0xff, 0x10, 0x0, 0x0,
    0x0, 0x0, 0xff, 0xf1, 0x0, 0x0, 0x0, 0x0,
    0xf, 0xff, 0x10, 0x0, 0x0, 0x0, 0x0, 0xff,
    0xf1, 0x0, 0x0, 0x0, 0x0, 0xf, 0xff, 0x10,
    0x0, 0x0, 0x0, 0x0, 0xff, 0xf1, 0x0, 0x0,

    /* U+0055 "U" */
    0xaf, 0xf6, 0x0, 0x2, 0xff, 0xda, 0xff, 0x60,
    0x0, 0x2f, 0xfd, 0xaf, 0xf6, 0x0, 0x2, 0xff,
    0xda, 0xff, 0x60, 0x0, 0x2f, 0xfd, 0xaf, 0xf6,
    0x0, 0x2, 0xff, 0xda, 0xff, 0x60, 0x0, 0x3f,
    0xfd, 0xaf, 0xf6, 0x0, 0x3, 0xff, 0xda, 0xff,
    0x60, 0x0, 0x3f, 0xfd, 0xaf, 0xf6, 0x0, 0x3,
    0xff, 0xda, 0xff, 0x60, 0x0, 0x3f, 0xfd, 0xaf,
    0xf6, 0x0, 0x3, 0xff, 0xd9, 0xff, 0x70, 0x0,
    0x4f, 0xfc, 0x5f, 0xfc, 0x0, 0xa, 0xff, 0x90,
    0xef, 0xfc, 0x7b, 0xff, 0xf2, 0x4, 0xff, 0xff,
    0xff, 0xf7, 0x0, 0x2, 0xae, 0xfe, 0xb4, 0x0,

    /* U+0056 "V" */
    0x8f, 0xfc, 0x0, 0x0, 0x9, 0xff, 0xb3, 0xff,
    0xf0, 0x0, 0x0, 0xdf, 0xf6, 0xe, 0xff, 0x40,
    0x0, 0x1f, 0xff, 0x20, 0xaf, 0xf8, 0x0, 0x5,
    0xff, 0xd0, 0x5, 0xff, 0xc0, 0x0, 0x9f, 0xf8,
    0x0, 0x1f, 0xff, 0x10, 0xd, 0xff, 0x30, 0x0,
    0xcf, 0xf5, 0x1, 0xff, 0xe0, 0x0, 0x7, 0xff,
    0x90, 0x6f, 0xfa, 0x0, 0x0, 0x2f, 0xfd, 0xa,
    0xff, 0x50, 0x0, 0x0, 0xdf, 0xf1, 0xef, 0xf1,
    0x0, 0x0, 0x9, 0xff, 0x7f, 0xfc, 0x0, 0x0,
    0x0, 0x4f, 0xfe, 0xff, 0x70, 0x0, 0x0, 0x0,
    0xff, 0xff, 0xf2, 0x0, 0x0, 0x0, 0xa, 0xff,
    0xfd, 0x0, 0x0, 0x0, 0x0, 0x6f, 0xff, 0x90,
    0x0, 0x0, 0x0, 0x1, 0xff, 0xf4, 0x0, 0x0,

    /* U+0057 "W" */
    0xaf, 0xf1, 0x9, 0xfb, 0x0, 0xef, 0xe8, 0xff,
    0x30, 0xbf, 0xd0, 0xf, 0xfc, 0x6f, 0xf5, 0xd,
    0xff, 0x1, 0xff, 0xa4, 0xff, 0x70, 0xff, 0xf2,
    0x3f, 0xf7, 0x1f, 0xf9, 0x2f, 0xff, 0x45, 0xff,
    0x50, 0xff, 0xa4, 0xff, 0xf7, 0x7f, 0xf3, 0xd,
    0xfc, 0x6f, 0xff, 0x99, 0xff, 0x10, 0xbf, 0xe8,
    0xfb, 0xfb, 0xbf, 0xf0, 0x9, 0xff, 0xbf, 0x6f,
    0xed, 0xfd, 0x0, 0x7f, 0xff, 0xf2, 0xff, 0xff,
    0xa0, 0x5, 0xff, 0xff, 0xc, 0xff, 0xf8, 0x0,
    0x2f, 0xff, 0xd0, 0xaf, 0xff, 0x60, 0x0, 0xff,
    0xfb, 0x7, 0xff, 0xf4, 0x0, 0xe, 0xff, 0x80,
    0x5f, 0xff, 0x20, 0x0, 0xcf, 0xf6, 0x2, 0xff,
    0xf0, 0x0, 0xa, 0xff, 0x30, 0xf, 0xfd, 0x0,

    /* U+0058 "X" */
    0x4f, 0xff, 0x30, 0x0, 0xc, 0xff, 0xc0, 0xb,
    0xff, 0xb0, 0x0, 0x4f, 0xff, 0x30, 0x3, 0xff,
    0xf2, 0x0, 0xbf, 0xfa, 0x0, 0x0, 0xaf, 0xfa,
    0x3, 0xff, 0xf1, 0x0, 0x0, 0x1f, 0xff, 0x2b,
    0xff, 0x80, 0x0, 0x0, 0x8, 0xff, 0xcf, 0xfe,
    0x0, 0x0, 0x0, 0x0, 0xef, 0xff, 0xf6, 0x0,
    0x0, 0x0, 0x0, 0x6f, 0xff, 0xd0, 0x0, 0x0,
    0x0, 0x0, 0x7f, 0xff, 0xe0, 0x0, 0x0, 0x0,
    0x1, 0xff, 0xff, 0xf7, 0x0, 0x0, 0x0, 0x9,
    0xff, 0xbf, 0xff, 0x10, 0x0, 0x0, 0x2f, 0xff,
    0x19, 0xff, 0x90, 0x0, 0x0, 0xbf, 0xf9, 0x2,
    0xff, 0xf3, 0x0, 0x4, 0xff, 0xf2, 0x0, 0x9f,
    0xfb, 0x0, 0xd, 0xff, 0xa0, 0x0, 0x2f, 0xff,
    0x40, 0x6f, 0xff, 0x20, 0x0, 0xa, 0xff, 0xd0,

    /* U+0059 "Y" */
    0x6f, 0xfd, 0x0, 0x0, 0x6, 0xff, 0xe0, 0xe,
    0xff, 0x40, 0x0, 0xc, 0xff, 0x70, 0x7, 0xff,
    0xb0, 0x0, 0x3f, 0xfe, 0x0, 0x0, 0xff, 0xf2,
    0x0, 0xaf, 0xf8, 0x0, 0x0, 0x8f, 0xf8, 0x1,
    0xff, 0xf1, 0x0, 0x0, 0x1f, 0xff, 0x7, 0xff,
    0x90, 0x0, 0x0, 0x9, 0xff, 0x6e, 0xff, 0x10,
    0x0, 0x0, 0x2, 0xff, 0xff, 0xfa, 0x0, 0x0,
    0x0, 0x0, 0xaf, 0xff, 0xf2, 0x0, 0x0, 0x0,
    0x0, 0x3f, 0xff, 0xa0, 0x0, 0x0, 0x0, 0x0,
    0xd, 0xff, 0x40, 0x0, 0x0, 0x0, 0x0, 0xc,
    0xff, 0x30, 0x0, 0x0, 0x0, 0x0, 0xc, 0xff,
    0x30, 0x0, 0x0, 0x0, 0x0, 0xc, 0xff, 0x30,
    0x0, 0x0, 0x0, 0x0, 0xc, 0xff, 0x30, 0x0,
    0x0, 0x0, 0x0, 0xc, 0xff, 0x30, 0x0, 0x0,

    /* U+005A "Z" */
    0xf, 0xff, 0xff, 0xff, 0xff, 0xff, 0x30, 0xff,
    0xff, 0xff, 0xff, 0xff, 0xf3, 0x7, 0x77, 0x77,
    0x77, 0xcf, 0xfc, 0x0, 0x0, 0x0, 0x0, 0x2f,
    0xff, 0x20, 0x0, 0x0, 0x0, 0xc, 0xff, 0x70,
    0x0, 0x0, 0x0, 0x6, 0xff, 0xc0, 0x0, 0x0,
    0x0, 0x1, 0xff, 0xf3, 0x0, 0x0, 0x0, 0x0,
    0xbf, 0xf8, 0x0, 0x0, 0x0, 0x0, 0x6f, 0xfd,
    0x0, 0x0, 0x0, 0x0, 0x1f, 0xff, 0x30, 0x0,
    0x0, 0x0, 0xa, 0xff, 0x90, 0x0, 0x0, 0x0,
    0x5, 0xff, 0xe0, 0x0, 0x0, 0x0, 0x1, 0xef,
    0xf4, 0x0, 0x0, 0x0, 0x0, 0xaf, 0xfe, 0x77,
    0x77, 0x77, 0x72, 0xf, 0xff, 0xff, 0xff, 0xff,
    0xff, 0x60, 0xff, 0xff, 0xff, 0xff, 0xff, 0xf6,

    /* U+005B "[" */
    0xbf, 0xff, 0xf1, 0xbf, 0xff, 0xf1, 0xbf, 0xf8,
    0x50, 0xbf, 0xf4, 0x0, 0xbf, 0xf4, 0x0, 0xbf,
    0xf4, 0x0, 0xbf, 0xf4, 0x0, 0xbf, 0xf4, 0x0,
    0xbf, 0xf4, 0x0, 0xbf, 0xf4, 0x0, 0xbf, 0xf4,
    0x0, 0xbf, 0xf4, 0x0, 0xbf, 0xf4, 0x0, 0xbf,
    0xf4, 0x0, 0xbf, 0xf4, 0x0, 0xbf, 0xf4, 0x0,
    0xbf, 0xf4, 0x0, 0xbf, 0xf4, 0x0, 0xbf, 0xf4,
    0x0, 0xbf, 0xf8, 0x50, 0xbf, 0xff, 0xf1, 0xbf,
    0xff, 0xf1,

    /* U+005C "\\" */
    0x4f, 0xf8, 0x0, 0x0, 0x0, 0xe, 0xfe, 0x0,
    0x0, 0x0, 0x9, 0xff, 0x30, 0x0, 0x0, 0x3,
    0xff, 0x90, 0x0, 0x0, 0x0, 0xdf, 0xe0, 0x0,
    0x0, 0x0, 0x8f, 0xf4, 0x0, 0x0, 0x0, 0x2f,
    0xf9, 0x0, 0x0, 0x0, 0xd, 0xfe, 0x0, 0x0,
    0x0, 0x7, 0xff, 0x40, 0x0, 0x0, 0x2, 0xff,
    0xa0, 0x0, 0x0, 0x0, 0xcf, 0xf0, 0x0, 0x0,
    0x0, 0x7f, 0xf5, 0x0, 0x0, 0x0, 0x1f, 0xfa,
    0x0, 0x0, 0x0, 0xc, 0xff, 0x0, 0x0, 0x0,
    0x6, 0xff, 0x50, 0x0, 0x0, 0x1, 0xff, 0xb0,
    0x0, 0x0, 0x0, 0xbf, 0xf1,

    /* U+005D "]" */
    0xbf, 0xff, 0xf1, 0xbf, 0xff, 0xf1, 0x35, 0xef,
    0xf1, 0x0, 0xdf, 0xf1, 0x0, 0xdf, 0xf1, 0x0,
    0xdf, 0xf1, 0x0, 0xdf, 0xf1, 0x0, 0xdf, 0xf1,
    0x0, 0xdf, 0xf1, 0x0, 0xdf, 0xf1, 0x0, 0xdf,
    0xf1, 0x0, 0xdf, 0xf1, 0x0, 0xdf, 0xf1, 0x0,
    0xdf, 0xf1, 0x0, 0xdf, 0xf1, 0x0, 0xdf, 0xf1,
    0x0, 0xdf, 0xf1, 0x0, 0xdf, 0xf1, 0x0, 0xdf,
    0xf1, 0x35, 0xef, 0xf1, 0xbf, 0xff, 0xf1, 0xbf,
    0xff, 0xf1,

    /* U+005E "^" */
    0x0, 0x3, 0x87, 0x0, 0x0, 0x0, 0xb, 0xff,
    0x40, 0x0, 0x0, 0x1f, 0xff, 0xa0, 0x0, 0x0,
    0x7f, 0xcf, 0xf1, 0x0, 0x0, 0xef, 0x5c, 0xf7,
    0x0, 0x4, 0xff, 0x6, 0xfe, 0x0, 0xb, 0xf9,
    0x1, 0xff, 0x40, 0x1f, 0xf3, 0x0, 0xaf, 0xb0,
    0x8f, 0xd0, 0x0, 0x4f, 0xf1,

    /* U+005F "_" */
    0x25, 0x55, 0x55, 0x55, 0x55, 0x26, 0xff, 0xff,
    0xff, 0xff, 0xf6, 0x6f, 0xff, 0xff, 0xff, 0xff,
    0x60,

    /* U+0060 "`" */
    0x0, 0x0, 0x0, 0x2e, 0xff, 0x10, 0x3, 0xff,
    0xa0, 0x0, 0x3f, 0xf4,

    /* U+0061 "a" */
    0x0, 0x5b, 0xff, 0xea, 0x30, 0x0, 0x8f, 0xff,
    0xff, 0xff, 0x60, 0x3f, 0xfe, 0x64, 0x9f, 0xff,
    0x16, 0xdd, 0x70, 0x0, 0xcf, 0xf4, 0x0, 0x0,
    0x0, 0xa, 0xff, 0x50, 0x17, 0xcf, 0xff, 0xff,
    0xf5, 0x1e, 0xff, 0xfd, 0xce, 0xff, 0x59, 0xff,
    0xa0, 0x0, 0xaf, 0xf5, 0xbf, 0xf4, 0x0, 0xa,
    0xff, 0x5a, 0xff, 0xa2, 0x38, 0xff, 0xf5, 0x2f,
    0xff, 0xff, 0xff, 0xff, 0x60, 0x2a, 0xef, 0xd8,
    0x6f, 0xfa,

    /* U+0062 "b" */
    0x6f, 0xf9, 0x0, 0x0, 0x0, 0x6, 0xff, 0x90,
    0x0, 0x0, 0x0, 0x6f, 0xf9, 0x0, 0x0, 0x0,
    0x6, 0xff, 0x90, 0x0, 0x0, 0x0, 0x6f, 0xf9,
    0x0, 0x0, 0x0, 0x6, 0xff, 0x97, 0xef, 0xd7,
    0x0, 0x6f, 0xff, 0xff, 0xff, 0xfb, 0x6, 0xff,
    0xfc, 0x7a, 0xff, 0xf5, 0x6f, 0xfc, 0x0, 0x8,
    0xff, 0xa6, 0xff, 0x90, 0x0, 0x2f, 0xfe, 0x6f,
    0xf9, 0x0, 0x0, 0xff, 0xf6, 0xff, 0x90, 0x0,
    0xf, 0xff, 0x6f, 0xf9, 0x0, 0x1, 0xff, 0xe6,
    0xff, 0xa0, 0x0, 0x5f, 0xfb, 0x6f, 0xff, 0x84,
    0x6e, 0xff, 0x56, 0xff, 0xff, 0xff, 0xff, 0xb0,
    0x6f, 0xf5, 0x8e, 0xfe, 0x80, 0x0,

    /* U+0063 "c" */
    0x0, 0x19, 0xef, 0xfb, 0x40, 0x0, 0x3e, 0xff,
    0xff, 0xff, 0x80, 0xe, 0xff, 0xc7, 0xaf, 0xff,
    0x35, 0xff, 0xc0, 0x0, 0x7f, 0xf8, 0xaf, 0xf6,
    0x0, 0x1, 0x88, 0x5b, 0xff, 0x40, 0x0, 0x0,
    0x0, 0xbf, 0xf4, 0x0, 0x0, 0x0, 0xa, 0xff,
    0x60, 0x0, 0x3, 0x32, 0x5f, 0xfc, 0x0, 0x5,
    0xff, 0x80, 0xef, 0xfb, 0x79, 0xff, 0xf3, 0x3,
    0xef, 0xff, 0xff, 0xf7, 0x0, 0x1, 0x9e, 0xff,
    0xb4, 0x0,

    /* U+0064 "d" */
    0x0, 0x0, 0x0, 0x6, 0xff, 0x90, 0x0, 0x0,
    0x0, 0x6f, 0xf9, 0x0, 0x0, 0x0, 0x6, 0xff,
    0x90, 0x0, 0x0, 0x0, 0x6f, 0xf9, 0x0, 0x0,
    0x0, 0x6, 0xff, 0x90, 0x5, 0xcf, 0xe9, 0x7f,
    0xf9, 0x7, 0xff, 0xff, 0xff, 0xff, 0x92, 0xff,
    0xfb, 0x7a, 0xff, 0xf9, 0x7f, 0xfb, 0x0, 0x8,
    0xff, 0x9b, 0xff, 0x50, 0x0, 0x6f, 0xf9, 0xcf,
    0xf3, 0x0, 0x6, 0xff, 0x9c, 0xff, 0x30, 0x0,
    0x6f, 0xf9, 0xbf, 0xf5, 0x0, 0x6, 0xff, 0x97,
    0xff, 0xb0, 0x0, 0x8f, 0xf9, 0x1f, 0xff, 0xb7,
    0xaf, 0xff, 0x90, 0x6f, 0xff, 0xff, 0xef, 0xf9,
    0x0, 0x5c, 0xfe, 0x93, 0xff, 0x90,

    /* U+0065 "e" */
    0x0, 0x8, 0xdf, 0xfc, 0x50, 0x0, 0x2, 0xdf,
    0xff, 0xff, 0xf9, 0x0, 0xd, 0xff, 0xd7, 0x8f,
    0xff, 0x50, 0x5f, 0xfd, 0x0, 0x3, 0xff, 0xc0,
    0xaf, 0xf7, 0x11, 0x11, 0xdf, 0xf0, 0xcf, 0xff,
    0xff, 0xff, 0xff, 0xf1, 0xcf, 0xff, 0xff, 0xff,
    0xff, 0xf2, 0xbf, 0xf6, 0x0, 0x0, 0x0, 0x0,
    0x6f, 0xfd, 0x10, 0x0, 0x17, 0x0, 0xd, 0xff,
    0xe8, 0x79, 0xef, 0x80, 0x2, 0xdf, 0xff, 0xff,
    0xff, 0x40, 0x0, 0x7, 0xcf, 0xfd, 0x92, 0x0,

    /* U+0066 "f" */
    0x0, 0x0, 0x5, 0xbe, 0xff, 0xd4, 0x0, 0x0,
    0x8f, 0xff, 0xff, 0xf4, 0x0, 0x3, 0xff, 0xfc,
    0x87, 0x82, 0x0, 0x8, 0xff, 0xa0, 0x0, 0x0,
    0x0, 0x9, 0xff, 0x60, 0x0, 0x0, 0xaf, 0xff,
    0xff, 0xff, 0xff, 0x90, 0xaf, 0xff, 0xff, 0xff,
    0xff, 0x90, 0x23, 0x3b, 0xff, 0x83, 0x33, 0x20,
    0x0, 0x9, 0xff, 0x60, 0x0, 0x0, 0x0, 0x9,
    0xff, 0x60, 0x0, 0x0, 0x0, 0x9, 0xff, 0x60,
    0x0, 0x0, 0x0, 0x9, 0xff, 0x60, 0x0, 0x0,
    0x0, 0x9, 0xff, 0x60, 0x0, 0x0, 0x0, 0x9,
    0xff, 0x60, 0x0, 0x0, 0x0, 0x9, 0xff, 0x60,
    0x0, 0x0, 0x0, 0x9, 0xff, 0x60, 0x0, 0x0,
    0x0, 0x9, 0xff, 0x60, 0x0, 0x0,

    /* U+0067 "g" */
    0x0, 0x4c, 0xff, 0xc4, 0xff, 0xc0, 0x6f, 0xff,
    0xff, 0xff, 0xfc, 0x1f, 0xff, 0x94, 0x6e, 0xff,
    0xc7, 0xff, 0xb0, 0x0, 0x4f, 0xfc, 0xaf, 0xf5,
    0x0, 0x3, 0xff, 0xcc, 0xff, 0x30, 0x0, 0x3f,
    0xfc, 0xcf, 0xf3, 0x0, 0x3, 0xff, 0xca, 0xff,
    0x60, 0x0, 0x3f, 0xfc, 0x7f, 0xfc, 0x0, 0x6,
    0xff, 0xc1, 0xff, 0xfc, 0x79, 0xff, 0xfc, 0x5,
    0xff, 0xff, 0xff, 0xff, 0xc0, 0x4, 0xcf, 0xfa,
    0x5f, 0xfc, 0x0, 0x0, 0x0, 0x5, 0xff, 0xb0,
    0x2b, 0x0, 0x0, 0xbf, 0xf8, 0xb, 0xfd, 0x76,
    0xbf, 0xff, 0x20, 0xbf, 0xff, 0xff, 0xff, 0x50,
    0x0, 0x5b, 0xff, 0xea, 0x20, 0x0,

    /* U+0068 "h" */
    0x7f, 0xf8, 0x0, 0x0, 0x0, 0x7, 0xff, 0x80,
    0x0, 0x0, 0x0, 0x7f, 0xf8, 0x0, 0x0, 0x0,
    0x7, 0xff, 0x80, 0x0, 0x0, 0x0, 0x7f, 0xf8,
    0x0, 0x0, 0x0, 0x7, 0xff, 0x83, 0xcf, 0xfa,
    0x20, 0x7f, 0xfb, 0xff, 0xff, 0xfe, 0x17, 0xff,
    0xfb, 0x79, 0xff, 0xf8, 0x7f, 0xf9, 0x0, 0x5,
    0xff, 0xc7, 0xff, 0x80, 0x0, 0x1f, 0xfe, 0x7f,
    0xf8, 0x0, 0x1, 0xff, 0xe7, 0xff, 0x80, 0x0,
    0x1f, 0xfe, 0x7f, 0xf8, 0x0, 0x1, 0xff, 0xe7,
    0xff, 0x80, 0x0, 0x1f, 0xfe, 0x7f, 0xf8, 0x0,
    0x1, 0xff, 0xe7, 0xff, 0x80, 0x0, 0x1f, 0xfe,
    0x7f, 0xf8, 0x0, 0x1, 0xff, 0xe0,

    /* U+0069 "i" */
    0x0, 0x2, 0xdf, 0x60, 0x0, 0x0, 0x9, 0xff,
    0xd0, 0x0, 0x0, 0x4, 0xff, 0x90, 0x0, 0x0,
    0x0, 0x12, 0x0, 0x0, 0x0, 0x0, 0x0, 0x0,
    0x0, 0xbf, 0xff, 0xff, 0xa0, 0x0, 0xbf, 0xff,
    0xff, 0xa0, 0x0, 0x57, 0x7a, 0xff, 0xa0, 0x0,
    0x0, 0x6, 0xff, 0xa0, 0x0, 0x0, 0x6, 0xff,
    0xa0, 0x0, 0x0, 0x6, 0xff, 0xa0, 0x0, 0x0,
    0x6, 0xff, 0xa0, 0x0, 0x0, 0x6, 0xff, 0xa0,
    0x0, 0x0, 0x6, 0xff, 0xa0, 0x0, 0x57, 0x7a,
    0xff, 0xc7, 0x75, 0xbf, 0xff, 0xff, 0xff, 0xfc,
    0xbf, 0xff, 0xff, 0xff, 0xfc,

    /* U+006A "j" */
    0x0, 0x0, 0x7f, 0xd1, 0x0, 0x0, 0xff, 0xf7,
    0x0, 0x0, 0xaf, 0xf3, 0x0, 0x0, 0x2, 0x10,
    0x0, 0x0, 0x0, 0x0, 0xb, 0xff, 0xff, 0xf4,
    0xb, 0xff, 0xff, 0xf4, 0x5, 0x77, 0xef, 0xf4,
    0x0, 0x0, 0xcf, 0xf4, 0x0, 0x0, 0xcf, 0xf4,
    0x0, 0x0, 0xcf, 0xf4, 0x0, 0x0, 0xcf, 0xf4,
    0x0, 0x0, 0xcf, 0xf4, 0x0, 0x0, 0xcf, 0xf4,
    0x0, 0x0, 0xcf, 0xf4, 0x0, 0x0, 0xcf, 0xf4,
    0x0, 0x0, 0xcf, 0xf4, 0x0, 0x0, 0xcf, 0xf3,
    0x0, 0x1, 0xff, 0xf2, 0x48, 0x8d, 0xff, 0xe0,
    0x8f, 0xff, 0xff, 0x50, 0x8f, 0xfe, 0xb3, 0x0,

    /* U+006B "k" */
    0x7f, 0xf8, 0x0, 0x0, 0x0, 0x0, 0x7f, 0xf8,
    0x0, 0x0, 0x0, 0x0, 0x7f, 0xf8, 0x0, 0x0,
    0x0, 0x0, 0x7f, 0xf8, 0x0, 0x0, 0x0, 0x0,
    0x7f, 0xf8, 0x0, 0x0, 0x0, 0x0, 0x7f, 0xf8,
    0x0, 0xc, 0xff, 0xc0, 0x7f, 0xf8, 0x0, 0xaf,
    0xfd, 0x10, 0x7f, 0xf8, 0x8, 0xff, 0xe2, 0x0,
    0x7f, 0xf8, 0x7f, 0xff, 0x30, 0x0, 0x7f, 0xfc,
    0xff, 0xf4, 0x0, 0x0, 0x7f, 0xff, 0xff, 0xf3,
    0x0, 0x0, 0x7f, 0xff, 0xff, 0xfd, 0x0, 0x0,
    0x7f, 0xff, 0x7c, 0xff, 0xa0, 0x0, 0x7f, 0xf9,
    0x2, 0xff, 0xf5, 0x0, 0x7f, 0xf8, 0x0, 0x7f,
    0xff, 0x20, 0x7f, 0xf8, 0x0, 0xc, 0xff, 0xc0,
    0x7f, 0xf8, 0x0, 0x2, 0xff, 0xf7,

    /* U+006C "l" */
    0xdf, 0xff, 0xff, 0xa0, 0x0, 0xdf, 0xff, 0xff,
    0xa0, 0x0, 0x67, 0x7a, 0xff, 0xa0, 0x0, 0x0,
    0x6, 0xff, 0xa0, 0x0, 0x0, 0x6, 0xff, 0xa0,
    0x0, 0x0, 0x6, 0xff, 0xa0, 0x0, 0x0, 0x6,
    0xff, 0xa0, 0x0, 0x0, 0x6, 0xff, 0xa0, 0x0,
    0x0, 0x6, 0xff, 0xa0, 0x0, 0x0, 0x6, 0xff,
    0xa0, 0x0, 0x0, 0x6, 0xff, 0xa0, 0x0, 0x0,
    0x6, 0xff, 0xa0, 0x0, 0x0, 0x6, 0xff, 0xa0,
    0x0, 0x0, 0x6, 0xff, 0xa0, 0x0, 0x67, 0x7a,
    0xff, 0xc7, 0x77, 0xdf, 0xff, 0xff, 0xff, 0xff,
    0xdf, 0xff, 0xff, 0xff, 0xff,

    /* U+006D "m" */
    0x3f, 0xf7, 0xaf, 0xe4, 0xaf, 0xe4, 0x3, 0xff,
    0xef, 0xff, 0xff, 0xff, 0xe0, 0x3f, 0xfd, 0x5f,
    0xff, 0x5c, 0xff, 0x33, 0xff, 0x80, 0xcf, 0xd0,
    0x6f, 0xf4, 0x3f, 0xf8, 0xc, 0xfd, 0x6, 0xff,
    0x43, 0xff, 0x80, 0xcf, 0xd0, 0x6f, 0xf4, 0x3f,
    0xf8, 0xc, 0xfd, 0x6, 0xff, 0x43, 0xff, 0x80,
    0xcf, 0xd0, 0x6f, 0xf4, 0x3f, 0xf8, 0xc, 0xfd,
    0x6, 0xff, 0x43, 0xff, 0x80, 0xcf, 0xd0, 0x6f,
    0xf4, 0x3f, 0xf8, 0xc, 0xfd, 0x6, 0xff, 0x43,
    0xff, 0x80, 0xcf, 0xd0, 0x6f, 0xf4,

    /* U+006E "n" */
    0x7f, 0xf4, 0x3c, 0xff, 0xb3, 0x7, 0xff, 0xaf,
    0xff, 0xff, 0xf1, 0x7f, 0xff, 0xb7, 0x9f, 0xff,
    0x87, 0xff, 0xa0, 0x0, 0x5f, 0xfc, 0x7f, 0xf8,
    0x0, 0x1, 0xff, 0xe7, 0xff, 0x80, 0x0, 0x1f,
    0xfe, 0x7f, 0xf8, 0x0, 0x1, 0xff, 0xe7, 0xff,
    0x80, 0x0, 0x1f, 0xfe, 0x7f, 0xf8, 0x0, 0x1,
    0xff, 0xe7, 0xff, 0x80, 0x0, 0x1f, 0xfe, 0x7f,
    0xf8, 0x0, 0x1, 0xff, 0xe7, 0xff, 0x80, 0x0,
    0x1f, 0xfe,

    /* U+006F "o" */
    0x0, 0x2a, 0xef, 0xeb, 0x30, 0x0, 0x4, 0xff,
    0xff, 0xff, 0xf6, 0x0, 0x1f, 0xff, 0xb7, 0xaf,
    0xff, 0x30, 0x7f, 0xfb, 0x0, 0x8, 0xff, 0xa0,
    0xcf, 0xf4, 0x0, 0x1, 0xff, 0xf0, 0xdf, 0xf1,
    0x0, 0x0, 0xff, 0xf0, 0xef, 0xf1, 0x0, 0x0,
    0xff, 0xf0, 0xcf, 0xf4, 0x0, 0x1, 0xff, 0xf0,
    0x7f, 0xfa, 0x0, 0x8, 0xff, 0xa0, 0x1f, 0xff,
    0xb7, 0xaf, 0xff, 0x30, 0x4, 0xff, 0xff, 0xff,
    0xf7, 0x0, 0x0, 0x2a, 0xef, 0xeb, 0x30, 0x0,

    /* U+0070 "p" */
    0x7f, 0xf6, 0x8e, 0xfd, 0x70, 0x7, 0xff, 0xef,
    0xff, 0xff, 0xa0, 0x7f, 0xff, 0xb7, 0xaf, 0xff,
    0x47, 0xff, 0xa0, 0x0, 0x9f, 0xfa, 0x7f, 0xf8,
    0x0, 0x3, 0xff, 0xd7, 0xff, 0x80, 0x0, 0xf,
    0xff, 0x7f, 0xf8, 0x0, 0x0, 0xff, 0xf7, 0xff,
    0x80, 0x0, 0x2f, 0xfd, 0x7f, 0xfa, 0x0, 0x9,
    0xff, 0xa7, 0xff, 0xfa, 0x7a, 0xff, 0xf4, 0x7f,
    0xff, 0xff, 0xff, 0xf9, 0x7, 0xff, 0x98, 0xef,
    0xd7, 0x0, 0x7f, 0xf8, 0x0, 0x0, 0x0, 0x7,
    0xff, 0x80, 0x0, 0x0, 0x0, 0x7f, 0xf8, 0x0,
    0x0, 0x0, 0x7, 0xff, 0x80, 0x0, 0x0, 0x0,
    0x7f, 0xf8, 0x0, 0x0, 0x0, 0x0,

    /* U+0071 "q" */
    0x0, 0x5c, 0xff, 0xa3, 0xff, 0x90, 0x7f, 0xff,
    0xff, 0xff, 0xf9, 0x2f, 0xff, 0x84, 0x6f, 0xff,
    0x97, 0xff, 0xa0, 0x0, 0x7f, 0xf9, 0xaf, 0xf5,
    0x0, 0x6, 0xff, 0x9c, 0xff, 0x30, 0x0, 0x6f,
    0xf9, 0xcf, 0xf3, 0x0, 0x6, 0xff, 0x9a, 0xff,
    0x50, 0x0, 0x6f, 0xf9, 0x7f, 0xfc, 0x0, 0x8,
    0xff, 0x91, 0xff, 0xfb, 0x79, 0xff, 0xf9, 0x7,
    0xff, 0xff, 0xff, 0xff, 0x90, 0x5, 0xcf, 0xe9,
    0x7f, 0xf9, 0x0, 0x0, 0x0, 0x6, 0xff, 0x90,
    0x0, 0x0, 0x0, 0x6f, 0xf9, 0x0, 0x0, 0x0,
    0x6, 0xff, 0x90, 0x0, 0x0, 0x0, 0x6f, 0xf9,
    0x0, 0x0, 0x0, 0x6, 0xff, 0x90,

    /* U+0072 "r" */
    0xef, 0xe0, 0x4c, 0xff, 0xd0, 0xef, 0xf7, 0xff,
    0xff, 0xd0, 0xef, 0xff, 0xff, 0xff, 0xb0, 0xef,
    0xff, 0x61, 0x1, 0x20, 0xef, 0xf4, 0x0, 0x0,
    0x0, 0xef, 0xf1, 0x0, 0x0, 0x0, 0xef, 0xf1,
    0x0, 0x0, 0x0, 0xef, 0xf1, 0x0, 0x0, 0x0,
    0xef, 0xf1, 0x0, 0x0, 0x0, 0xef, 0xf1, 0x0,
    0x0, 0x0, 0xef, 0xf1, 0x0, 0x0, 0x0, 0xef,
    0xf1, 0x0, 0x0, 0x0,

    /* U+0073 "s" */
    0x0, 0x3a, 0xef, 0xfc, 0x70, 0x0, 0x7f, 0xff,
    0xff, 0xff, 0xd1, 0x1f, 0xfe, 0x63, 0x4c, 0xff,
    0x94, 0xff, 0x90, 0x0, 0x2c, 0xca, 0x2f, 0xff,
    0x72, 0x0, 0x0, 0x0, 0x7f, 0xff, 0xff, 0xc7,
    0x0, 0x0, 0x29, 0xef, 0xff, 0xfe, 0x20, 0x0,
    0x0, 0x25, 0xcf, 0xfb, 0x9e, 0xe4, 0x0, 0x0,
    0xff, 0xe4, 0xff, 0xe6, 0x34, 0x9f, 0xfb, 0x8,
    0xff, 0xff, 0xff, 0xfe, 0x20, 0x4, 0xbe, 0xff,
    0xc8, 0x10,

    /* U+0074 "t" */
    0x0, 0xf, 0xff, 0x0, 0x0, 0x0, 0x0, 0xff,
    0xf0, 0x0, 0x0, 0x0, 0xf, 0xff, 0x0, 0x0,
    0xa, 0xff, 0xff, 0xff, 0xff, 0xf5, 0xaf, 0xff,
    0xff, 0xff, 0xff, 0x52, 0x33, 0xff, 0xf3, 0x33,
    0x31, 0x0, 0xf, 0xff, 0x0, 0x0, 0x0, 0x0,
    0xff, 0xf0, 0x0, 0x0, 0x0, 0xf, 0xff, 0x0,
    0x0, 0x0, 0x0, 0xff, 0xf0, 0x0, 0x0, 0x0,
    0xf, 0xff, 0x0, 0x0, 0x0, 0x0, 0xef, 0xf3,
    0x0, 0x0, 0x0, 0xb, 0xff, 0xe8, 0x89, 0x70,
    0x0, 0x3f, 0xff, 0xff, 0xfb, 0x0, 0x0, 0x3b,
    0xff, 0xeb, 0x60,

    /* U+0075 "u" */
    0x6f, 0xf9, 0x0, 0x3, 0xff, 0xd6, 0xff, 0x90,
    0x0, 0x3f, 0xfd, 0x6f, 0xf9, 0x0, 0x3, 0xff,
    0xd6, 0xff, 0x90, 0x0, 0x3f, 0xfd, 0x6f, 0xf9,
    0x0, 0x3, 0xff, 0xd6, 0xff, 0x90, 0x0, 0x3f,
    0xfd, 0x6f, 0xf9, 0x0, 0x3, 0xff, 0xd5, 0xff,
    0x90, 0x0, 0x3f, 0xfd, 0x4f, 0xfb, 0x0, 0x4,
    0xff, 0xd0, 0xff, 0xf7, 0x46, 0xef, 0xfd, 0x7,
    0xff, 0xff, 0xfc, 0xff, 0xd0, 0x6, 0xdf, 0xe8,
    0xf, 0xfd,

    /* U+0076 "v" */
    0x1f, 0xff, 0x10, 0x0, 0xd, 0xff, 0x30, 0xaf,
    0xf5, 0x0, 0x2, 0xff, 0xd0, 0x4, 0xff, 0xa0,
    0x0, 0x7f, 0xf8, 0x0, 0xe, 0xfe, 0x0, 0xb,
    0xff, 0x20, 0x0, 0x9f, 0xf4, 0x1, 0xff, 0xc0,
    0x0, 0x3, 0xff, 0x80, 0x5f, 0xf6, 0x0, 0x0,
    0xd, 0xfd, 0xa, 0xff, 0x10, 0x0, 0x0, 0x7f,
    0xf2, 0xef, 0xa0, 0x0, 0x0, 0x1, 0xff, 0xaf,
    0xf4, 0x0, 0x0, 0x0, 0xb, 0xff, 0xfe, 0x0,
    0x0, 0x0, 0x0, 0x5f, 0xff, 0x90, 0x0, 0x0,
    0x0, 0x0, 0xff, 0xf3, 0x0, 0x0,

    /* U+0077 "w" */
    0x9f, 0xf1, 0x9, 0xf9, 0x1, 0xff, 0x97, 0xff,
    0x30, 0xcf, 0xc0, 0x3f, 0xf7, 0x4f, 0xf5, 0xf,
    0xfe, 0x5, 0xff, 0x41, 0xff, 0x72, 0xff, 0xf1,
    0x7f, 0xf1, 0xe, 0xf9, 0x4f, 0xef, 0x49, 0xfe,
    0x0, 0xcf, 0xb7, 0xf8, 0xf7, 0xbf, 0xb0, 0x9,
    0xfd, 0xaf, 0x2f, 0xad, 0xf9, 0x0, 0x6f, 0xfd,
    0xd0, 0xed, 0xff, 0x60, 0x3, 0xff, 0xfa, 0xb,
    0xff, 0xf3, 0x0, 0xf, 0xff, 0x70, 0x8f, 0xff,
    0x0, 0x0, 0xef, 0xf4, 0x4, 0xff, 0xd0, 0x0,
    0xb, 0xff, 0x10, 0x1f, 0xfb, 0x0,

    /* U+0078 "x" */
    0x9, 0xff, 0xa0, 0x0, 0x1e, 0xff, 0x40, 0xd,
    0xff, 0x50, 0xa, 0xff, 0x90, 0x0, 0x3f, 0xfe,
    0x15, 0xff, 0xe0, 0x0, 0x0, 0x9f, 0xfb, 0xef,
    0xf4, 0x0, 0x0, 0x0, 0xef, 0xff, 0xfa, 0x0,
    0x0, 0x0, 0x4, 0xff, 0xfe, 0x10, 0x0, 0x0,
    0x0, 0x6f, 0xff, 0xf2, 0x0, 0x0, 0x0, 0x1f,
    0xff, 0xff, 0xc0, 0x0, 0x0, 0xb, 0xff, 0x9d,
    0xff, 0x60, 0x0, 0x6, 0xff, 0xd0, 0x3f, 0xff,
    0x20, 0x1, 0xff, 0xf3, 0x0, 0x8f, 0xfb, 0x0,
    0xbf, 0xf8, 0x0, 0x0, 0xcf, 0xf6,

    /* U+0079 "y" */
    0x3f, 0xff, 0x0, 0x0, 0x4, 0xff, 0xf0, 0xc,
    0xff, 0x60, 0x0, 0xa, 0xff, 0x90, 0x6, 0xff,
    0xc0, 0x0, 0xf, 0xff, 0x20, 0x0, 0xef, 0xf2,
    0x0, 0x6f, 0xfb, 0x0, 0x0, 0x8f, 0xf8, 0x0,
    0xcf, 0xf4, 0x0, 0x0, 0x2f, 0xfd, 0x2, 0xff,
    0xd0, 0x0, 0x0, 0xb, 0xff, 0x48, 0xff, 0x70,
    0x0, 0x0, 0x4, 0xff, 0x9d, 0xff, 0x10, 0x0,
    0x0, 0x0, 0xdf, 0xff, 0xf9, 0x0, 0x0, 0x0,
    0x0, 0x6f, 0xff, 0xf3, 0x0, 0x0, 0x0, 0x0,
    0xf, 0xff, 0xc0, 0x0, 0x0, 0x0, 0x0, 0xa,
    0xff, 0x50, 0x0, 0x0, 0x0, 0x0, 0xe, 0xfe,
    0x0, 0x0, 0x0, 0x0, 0x0, 0x8f, 0xf7, 0x0,
    0x0, 0x0, 0x0, 0x69, 0xff, 0xf1, 0x0, 0x0,
    0x0, 0x0, 0xef, 0xff, 0x60, 0x0, 0x0, 0x0,
    0x0, 0xef, 0xd5, 0x0, 0x0, 0x0, 0x0,

    /* U+007A "z" */
    0x9f, 0xff, 0xff, 0xff, 0xff, 0xe0, 0x9f, 0xff,
    0xff, 0xff, 0xff, 0xe0, 0x47, 0x77, 0x77, 0xbf,
    0xff, 0x50, 0x0, 0x0, 0x2, 0xff, 0xf8, 0x0,
    0x0, 0x0, 0x1d, 0xff, 0xa0, 0x0, 0x0, 0x0,
    0xcf, 0xfc, 0x0, 0x0, 0x0, 0xa, 0xff, 0xd1,
    0x0, 0x0, 0x0, 0x8f, 0xff, 0x20, 0x0, 0x0,
    0x5, 0xff, 0xf4, 0x0, 0x0, 0x0, 0x3f, 0xff,
    0xc6, 0x66, 0x66, 0x61, 0xbf, 0xff, 0xff, 0xff,
    0xff, 0xf3, 0xbf, 0xff, 0xff, 0xff, 0xff, 0xf3,

    /* U+007B "{" */
    0x0, 0x0, 0x2b, 0xf3, 0x0, 0x1, 0xef, 0xe4,
    0x0, 0x9, 0xff, 0x10, 0x0, 0xd, 0xfc, 0x0,
    0x0, 0xf, 0xfb, 0x0, 0x0, 0xf, 0xfb, 0x0,
    0x0, 0xf, 0xfb, 0x0, 0x0, 0x2f, 0xf9, 0x0,
    0x2, 0xbf, 0xf2, 0x0, 0xbf, 0xfe, 0x40, 0x0,
    0xbf, 0xfc, 0x20, 0x0, 0x25, 0xef, 0xe1, 0x0,
    0x0, 0x3f, 0xf7, 0x0, 0x0, 0xf, 0xfa, 0x0,
    0x0, 0xf, 0xfb, 0x0, 0x0, 0xf, 0xfb, 0x0,
    0x0, 0xe, 0xfc, 0x0, 0x0, 0xc, 0xfe, 0x0,
    0x0, 0x6, 0xff, 0x40, 0x0, 0x0, 0xcf, 0xf4,
    0x0, 0x0, 0x1a, 0xf3,

    /* U+007C "|" */
    0x4f, 0x94, 0xf9, 0x4f, 0x94, 0xf9, 0x4f, 0x94,
    0xf9, 0x4f, 0x94, 0xf9, 0x4f, 0x94, 0xf9, 0x4f,
    0x94, 0xf9, 0x4f, 0x94, 0xf9, 0x4f, 0x94, 0xf9,
    0x4f, 0x94, 0xf9, 0x4f, 0x94, 0xf9, 0x4f, 0x90,

    /* U+007D "}" */
    0x2f, 0xb2, 0x0, 0x0, 0x4e, 0xfe, 0x10, 0x0,
    0x1, 0xff, 0x90, 0x0, 0x0, 0xcf, 0xe0, 0x0,
    0x0, 0xbf, 0xf0, 0x0, 0x0, 0xbf, 0xf0, 0x0,
    0x0, 0xaf, 0xf0, 0x0, 0x0, 0x8f, 0xf2, 0x0,
    0x0, 0x2f, 0xfc, 0x20, 0x0, 0x5, 0xef, 0xfb,
    0x0, 0x2, 0xcf, 0xfb, 0x0, 0x1e, 0xfe, 0x52,
    0x0, 0x7f, 0xf4, 0x0, 0x0, 0xaf, 0xf0, 0x0,
    0x0, 0xbf, 0xf0, 0x0, 0x0, 0xbf, 0xf0, 0x0,
    0x0, 0xbf, 0xf0, 0x0, 0x0, 0xdf, 0xc0, 0x0,
    0x3, 0xff, 0x60, 0x0, 0x4f, 0xfd, 0x0, 0x0,
    0x2f, 0xa1, 0x0, 0x0,

    /* U+007E "~" */
    0x3, 0xcf, 0xd7, 0x0, 0x0, 0x44, 0x1, 0xef,
    0xff, 0xfc, 0x10, 0xe, 0xf3, 0x7f, 0xf8, 0xaf,
    0xfe, 0x9c, 0xff, 0xa, 0xf6, 0x0, 0x4f, 0xff,
    0xff, 0x90, 0x14, 0x10, 0x0, 0x2b, 0xff, 0x90,
    0x0,

    /* U+00A0 " " */

    /* U+00A1 "¡" */
    0x5e, 0xe3, 0xcf, 0xfa, 0x9f, 0xf6, 0x4, 0x30,
    0x0, 0x0, 0x0, 0x0, 0x24, 0x41, 0x7f, 0xf3,
    0x8f, 0xf4, 0x8f, 0xf4, 0x8f, 0xf4, 0x9f, 0xf5,
    0x9f, 0xf5, 0x9f, 0xf5, 0x9f, 0xf5, 0xaf, 0xf6,
    0xaf, 0xf6,

    /* U+00A2 "¢" */
    0x0, 0x0, 0x2f, 0xf0, 0x0, 0x0, 0x0, 0x2,
    0xff, 0x0, 0x0, 0x0, 0x2, 0x8f, 0xf7, 0x10,
    0x0, 0x7, 0xff, 0xff, 0xff, 0x60, 0x6, 0xff,
    0xfd, 0xef, 0xff, 0x30, 0xef, 0xf5, 0x0, 0x7f,
    0xfb, 0x4f, 0xfc, 0x0, 0x0, 0xee, 0xc6, 0xff,
    0x90, 0x0, 0x0, 0x0, 0x7f, 0xf8, 0x0, 0x0,
    0x0, 0x6, 0xff, 0x90, 0x0, 0x0, 0x0, 0x3f,
    0xfc, 0x0, 0x0, 0xab, 0x90, 0xef, 0xf6, 0x0,
    0x7f, 0xfb, 0x5, 0xff, 0xfe, 0xff, 0xff, 0x30,
    0x6, 0xff, 0xff, 0xfe, 0x40, 0x0, 0x1, 0x7f,
    0xf5, 0x0, 0x0, 0x0, 0x2, 0xff, 0x0, 0x0,
    0x0, 0x0, 0x2f, 0xf0, 0x0, 0x0,

    /* U+00A3 "£" */
    0x0, 0x1, 0x9e, 0xff, 0xc5, 0x0, 0x0, 0x2e,
    0xff, 0xff, 0xff, 0x70, 0x0, 0xcf, 0xfd, 0x8a,
    0xff, 0xf2, 0x1, 0xff, 0xf1, 0x0, 0x9f, 0xf6,
    0x2, 0xff, 0xd0, 0x0, 0x25, 0x52, 0x2, 0xff,
    0xd0, 0x0, 0x0, 0x0, 0x1, 0xff, 0xe0, 0x0,
    0x0, 0x0, 0xcf, 0xff, 0xff, 0xff, 0x40, 0x0,
    0xcf, 0xff, 0xff, 0xff, 0x40, 0x0, 0x56, 0xff,
    0xf6, 0x66, 0x10, 0x0, 0x0, 0xff, 0xf0, 0x0,
    0x0, 0x0, 0x0, 0xff, 0xf0, 0x0, 0x0, 0x0,
    0x1, 0xff, 0xe0, 0x0, 0x0, 0x0, 0x5b, 0xff,
    0xc7, 0x77, 0x77, 0x74, 0xbf, 0xff, 0xff, 0xff,
    0xff, 0xf9, 0xbf, 0xff, 0xff, 0xff, 0xff, 0xf9,

    /* U+00A4 "¤" */
    0x0, 0x20, 0x0, 0x0, 0x0, 0x20, 0x0, 0x7f,
    0x59, 0xef, 0xfa, 0x4e, 0xa0, 0xc, 0xff, 0xff,
    0xff, 0xff, 0xfe, 0x10, 0x1f, 0xfc, 0x30, 0x2a,
    0xff, 0x30, 0x5, 0xfd, 0x0, 0x0, 0xa, 0xf8,
    0x0, 0xaf, 0x60, 0x0, 0x0, 0x3f, 0xc0, 0xb,
    0xf4, 0x0, 0x0, 0x1, 0xfe, 0x0, 0xaf, 0x60,
    0x0, 0x0, 0x3f, 0xc0, 0x5, 0xfd, 0x0, 0x0,
    0xb, 0xf8, 0x0, 0x3f, 0xfc, 0x41, 0x3b, 0xff,
    0x60, 0xd, 0xff, 0xff, 0xff, 0xff, 0xff, 0x10,
    0x3c, 0x28, 0xef, 0xe9, 0x2b, 0x60, 0x0, 0x0,
    0x0, 0x0, 0x0, 0x0, 0x0,

    /* U+00A5 "¥" */
    0x8f, 0xfc, 0x0, 0x0, 0x6, 0xff, 0xd0, 0x1f,
    0xff, 0x30, 0x0, 0xd, 0xff, 0x60, 0x7, 0xff,
    0xb0, 0x0, 0x4f, 0xfd, 0x0, 0x0, 0xef, 0xf2,
    0x0, 0xcf, 0xf5, 0x0, 0x0, 0x7f, 0xf9, 0x3,
    0xff, 0xd0, 0x0, 0x0, 0xe, 0xff, 0x1a, 0xff,
    0x50, 0x0, 0x0, 0x6, 0xff, 0x9f, 0xfc, 0x0,
    0x0, 0x0, 0x0, 0xef, 0xff, 0xf4, 0x0, 0x0,
    0x8, 0xff, 0xff, 0xff, 0xff, 0xfb, 0x0, 0x6,
    0xdd, 0xdf, 0xff, 0xdd, 0xd9, 0x0, 0x0, 0x0,
    0xd, 0xff, 0x20, 0x0, 0x0, 0x8, 0xff, 0xff,
    0xff, 0xff, 0xfb, 0x0, 0x6, 0xcc, 0xcf, 0xff,
    0xdc, 0xc9, 0x0, 0x0, 0x0, 0xd, 0xff, 0x20,
    0x0, 0x0, 0x0, 0x0, 0xd, 0xff, 0x20, 0x0,
    0x0, 0x0, 0x0, 0xd, 0xff, 0x20, 0x0, 0x0,

    /* U+00A6 "¦" */
    0xcf, 0xfc, 0xff, 0xcf, 0xfc, 0xff, 0xcf, 0xfc,
    0xff, 0xcf, 0xfc, 0xff, 0x34, 0x30, 0x0, 0xcf,
    0xfc, 0xff, 0xcf, 0xfc, 0xff, 0xcf, 0xfc, 0xff,
    0xcf, 0xfc, 0xff, 0x7a, 0xa0,

    /* U+00A7 "§" */
    0x0, 0x4, 0xbe, 0xff, 0xd8, 0x10, 0x0, 0xa,
    0xff, 0xff, 0xff, 0xff, 0x30, 0x5, 0xff, 0xfa,
    0x78, 0xef, 0xfd, 0x0, 0xaf, 0xf6, 0x0, 0x1,
    0xef, 0xf3, 0xb, 0xff, 0x50, 0x0, 0x7, 0xaa,
    0x30, 0x8f, 0xfe, 0x50, 0x0, 0x0, 0x0, 0x1,
    0xef, 0xff, 0xfb, 0x61, 0x0, 0x0, 0xa, 0xff,
    0xff, 0xff, 0xf8, 0x0, 0x8, 0xff, 0xa9, 0xdf,
    0xff, 0xfc, 0x0, 0xff, 0xf0, 0x0, 0x3a, 0xff,
    0xf5, 0xf, 0xff, 0x10, 0x0, 0x9, 0xff, 0x80,
    0xdf, 0xfc, 0x40, 0x0, 0x7f, 0xf7, 0x5, 0xff,
    0xff, 0xe9, 0x5e, 0xff, 0x20, 0x4, 0xef, 0xff,
    0xff, 0xff, 0x50, 0x0, 0x0, 0x5a, 0xef, 0xff,
    0xf7, 0x0, 0x0, 0x0, 0x0, 0x4b, 0xff, 0xf0,
    0x9, 0x98, 0x0, 0x0, 0xd, 0xff, 0x30, 0xff,
    0xf3, 0x0, 0x0, 0xdf, 0xf3, 0xa, 0xff, 0xf9,
    0x78, 0xdf, 0xfe, 0x0, 0x1c, 0xff, 0xff, 0xff,
    0xff, 0x40, 0x0, 0x6, 0xbe, 0xff, 0xd9, 0x20,
    0x0,

    /* U+00A8 "¨" */
    0x7, 0xa3, 0x0, 0x5b, 0x41, 0xff, 0xb0, 0xf,
    0xfe, 0xb, 0xf6, 0x0, 0x9f, 0x80,

    /* U+00A9 "©" */
    0x0, 0x0, 0x7c, 0xed, 0x92, 0x0, 0x0, 0x2,
    0xda, 0x42, 0x37, 0xe6, 0x0, 0x0, 0xd5, 0x2b,
    0xed, 0x52, 0xe4, 0x0, 0x89, 0xd, 0xa2, 0x7f,
    0x14, 0xd0, 0xd, 0x22, 0xf1, 0x0, 0x92, 0xd,
    0x30, 0xf0, 0x3f, 0x0, 0x0, 0x0, 0xa5, 0xf,
    0x3, 0xf0, 0x0, 0x51, 0x9, 0x50, 0xd2, 0xe,
    0x70, 0x4f, 0x20, 0xc3, 0x8, 0x90, 0x4e, 0xff,
    0x70, 0x3d, 0x0, 0x1e, 0x40, 0x2, 0x0, 0x1d,
    0x50, 0x0, 0x3e, 0x82, 0x1, 0x6e, 0x70, 0x0,
    0x0, 0x18, 0xdf, 0xea, 0x30, 0x0,

    /* U+00AA "ª" */
    0x0, 0x5d, 0xfe, 0x80, 0x0, 0x4f, 0xea, 0xdf,
    0x70, 0x7, 0xd4, 0x2, 0xfc, 0x0, 0x0, 0x0,
    0x1f, 0xd0, 0x2, 0xbf, 0xff, 0xfd, 0x0, 0xdf,
    0x73, 0x4f, 0xd0, 0xf, 0xd0, 0x3, 0xfd, 0x0,
    0xdf, 0xaa, 0xff, 0xd0, 0x3, 0xcf, 0xd5, 0xef,
    0x0,

    /* U+00AB "«" */
    0x0, 0x2b, 0x80, 0x1a, 0x90, 0x0, 0xcf, 0x40,
    0xbf, 0x50, 0x8, 0xfa, 0x7, 0xfb, 0x0, 0x4f,
    0xf1, 0x3f, 0xf2, 0x0, 0xdf, 0x80, 0xcf, 0x90,
    0x0, 0x7f, 0xd0, 0x6f, 0xe0, 0x0, 0xb, 0xf7,
    0xa, 0xf8, 0x0, 0x1, 0xef, 0x21, 0xef, 0x20,
    0x0, 0x5f, 0xa0, 0x4f, 0xb0,

    /* U+00AC "¬" */
    0xd, 0xdd, 0xdd, 0xdd, 0xdd, 0xf, 0xff, 0xff,
    0xff, 0xff, 0x0, 0x0, 0x0, 0x3, 0xff, 0x0,
    0x0, 0x0, 0x3, 0xff, 0x0, 0x0, 0x0, 0x3,
    0xff,

    /* U+00AD "­" */
    0x77, 0x77, 0x77, 0x77, 0x7f, 0xff, 0xff, 0xff,
    0xff, 0xff, 0xff, 0xff, 0xff, 0xf0,

    /* U+00AE "®" */
    0x0, 0x0, 0x7c, 0xed, 0x92, 0x0, 0x0, 0x2,
    0xda, 0x42, 0x38, 0xe5, 0x0, 0x0, 0xd6, 0xaf,
    0xed, 0x52, 0xe4, 0x0, 0x89, 0xb, 0x92, 0x5f,
    0x14, 0xd0, 0xd, 0x20, 0xb8, 0x3, 0xf1, 0xd,
    0x20, 0xf0, 0xb, 0xff, 0xe5, 0x0, 0xa5, 0xf,
    0x0, 0xb9, 0x3f, 0x10, 0xa, 0x50, 0xe1, 0xb,
    0x80, 0xa8, 0x0, 0xc3, 0x9, 0x80, 0xb8, 0x3,
    0xe0, 0x3e, 0x0, 0x1e, 0x31, 0x10, 0x2, 0x1d,
    0x50, 0x0, 0x4e, 0x71, 0x0, 0x5d, 0x80, 0x0,
    0x0, 0x2a, 0xff, 0xfc, 0x50, 0x0, 0x0, 0x0,
    0x0, 0x10, 0x0, 0x0, 0x0,

    /* U+00AF "¯" */
    0xc, 0xcc, 0xcc, 0xcc, 0x91, 0xff, 0xff, 0xff,
    0xfc,

    /* U+00B0 "°" */
    0x1, 0xaf, 0xd5, 0x0, 0xbf, 0xad, 0xf2, 0x1f,
    0x80, 0x1f, 0x81, 0xf8, 0x1, 0xf8, 0xc, 0xfa,
    0xdf, 0x30, 0x1b, 0xfd, 0x50,

    /* U+00B1 "±" */
    0x0, 0x0, 0xcf, 0xd0, 0x0, 0x0, 0x0, 0xc,
    0xfd, 0x0, 0x0, 0x0, 0x0, 0xcf, 0xd0, 0x0,
    0x0, 0x0, 0xc, 0xfd, 0x0, 0x0, 0x6f, 0xff,
    0xff, 0xff, 0xff, 0x66, 0xff, 0xff, 0xff, 0xff,
    0xf6, 0x38, 0x88, 0xef, 0xe8, 0x88, 0x30, 0x0,
    0xc, 0xfd, 0x0, 0x0, 0x0, 0x0, 0xcf, 0xd0,
    0x0, 0x0, 0x0, 0xc, 0xfd, 0x0, 0x0, 0x0,
    0x0, 0x45, 0x40, 0x0, 0x1, 0x77, 0x77, 0x77,
    0x77, 0x70, 0x2f, 0xff, 0xff, 0xff, 0xff, 0x12,
    0xff, 0xff, 0xff, 0xff, 0xf1,

    /* U+00B2 "²" */
    0x6, 0xdf, 0xe8, 0x0, 0x5f, 0xfc, 0xff, 0x70,
    0xbf, 0x70, 0x7f, 0xc0, 0x0, 0x0, 0xaf, 0xa0,
    0x0, 0x7, 0xff, 0x30, 0x0, 0x7f, 0xf5, 0x0,
    0x8, 0xfe, 0x30, 0x0, 0x7f, 0xfd, 0xbb, 0xb0,
    0x9f, 0xff, 0xff, 0xf0,

    /* U+00B3 "³" */
    0x7, 0xef, 0xe9, 0x0, 0x7f, 0xfc, 0xff, 0x90,
    0x68, 0x40, 0x5f, 0xd0, 0x0, 0x2, 0x9f, 0xa0,
    0x0, 0x7f, 0xfd, 0x10, 0x0, 0x25, 0xaf, 0xb0,
    0x8a, 0x40, 0x3f, 0xf0, 0x9f, 0xfb, 0xef, 0xc0,
    0x8, 0xef, 0xe9, 0x10,

    /* U+00B4 "´" */
    0x0, 0x0, 0x0, 0x4, 0xff, 0xc1, 0xd, 0xfd,
    0x10, 0x9f, 0xd1, 0x0,

    /* U+00B5 "µ" */
    0x2f, 0xfd, 0x0, 0x0, 0xff, 0xf1, 0x2f, 0xfd,
    0x0, 0x0, 0xff, 0xf1, 0x2f, 0xfd, 0x0, 0x0,
    0xff, 0xf1, 0x2f, 0xfd, 0x0, 0x0, 0xff, 0xf1,
    0x2f, 0xfd, 0x0, 0x0, 0xff, 0xf1, 0x2f, 0xfd,
    0x0, 0x0, 0xff, 0xf1, 0x2f, 0xfd, 0x0, 0x0,
    0xff, 0xf1, 0x2f, 0xfe, 0x0, 0x0, 0xff, 0xf1,
    0x2f, 0xff, 0x20, 0x1, 0xff, 0xf1, 0x2f, 0xff,
    0xd8, 0x8e, 0xff, 0xf1, 0x2f, 0xff, 0xff, 0xff,
    0xff, 0xf1, 0x2f, 0xfe, 0xcf, 0xe8, 0xcf, 0xf1,
    0x2f, 0xfd, 0x0, 0x0, 0x0, 0x0, 0x2f, 0xfd,
    0x0, 0x0, 0x0, 0x0, 0x2f, 0xfd, 0x0, 0x0,
    0x0, 0x0, 0x2f, 0xfd, 0x0, 0x0, 0x0, 0x0,
    0x2f, 0xfd, 0x0, 0x0, 0x0, 0x0,

    /* U+00B6 "¶" */
    0x0, 0x3a, 0xef, 0xff, 0xd0, 0x5f, 0xff, 0xff,
    0xfd, 0x1f, 0xff, 0xff, 0xff, 0xd7, 0xff, 0xff,
    0xff, 0xfd, 0xaf, 0xff, 0xff, 0xff, 0xda, 0xff,
    0xff, 0xff, 0xfd, 0x8f, 0xff, 0xff, 0xff, 0xd2,
    0xff, 0xff, 0xff, 0xfd, 0x8, 0xff, 0xff, 0xff,
    0xd0, 0x5, 0xdf, 0xff, 0xfd, 0x0, 0x0, 0x12,
    0x9f, 0xd0, 0x0, 0x0, 0x8, 0xfd, 0x0, 0x0,
    0x0, 0x8f, 0xd0, 0x0, 0x0, 0x8, 0xfd, 0x0,
    0x0, 0x0, 0x8f, 0xd0, 0x0, 0x0, 0x8, 0xfd,

    /* U+00B7 "·" */
    0x2, 0x20, 0x6f, 0xf6, 0xaf, 0xfa, 0x4e, 0xe4,

    /* U+00B8 "¸" */
    0x1f, 0xf6, 0x2, 0xaf, 0xf7, 0x0, 0xcf, 0xb0,
    0xdf, 0xf7, 0xf, 0xd7, 0x0,

    /* U+00B9 "¹" */
    0x0, 0x3, 0x23, 0x9e, 0xf6, 0xcf, 0xff, 0x65,
    0x3b, 0xf6, 0x0, 0xbf, 0x60, 0xb, 0xf6, 0x0,
    0xbf, 0x60, 0xb, 0xf6, 0x0, 0xbf, 0x60,

    /* U+00BA "º" */
    0x0, 0x6d, 0xfe, 0x80, 0x0, 0x7f, 0xe9, 0xdf,
    0x90, 0xe, 0xf1, 0x0, 0xdf, 0x11, 0xfc, 0x0,
    0x9, 0xf4, 0x2f, 0xb0, 0x0, 0x9f, 0x41, 0xfc,
    0x0, 0x9, 0xf4, 0xe, 0xf1, 0x0, 0xdf, 0x10,
    0x6f, 0xe9, 0xdf, 0x90, 0x0, 0x6d, 0xfe, 0x80,
    0x0,

    /* U+00BB "»" */
    0x4b, 0x70, 0x3b, 0x70, 0x0, 0xd, 0xf4, 0xc,
    0xf4, 0x0, 0x4, 0xfe, 0x13, 0xfe, 0x10, 0x0,
    0xaf, 0xa0, 0x9f, 0xb0, 0x0, 0x2f, 0xf4, 0x1f,
    0xf5, 0x0, 0x7f, 0xd0, 0x6f, 0xe0, 0x1, 0xff,
    0x31, 0xff, 0x30, 0xa, 0xf7, 0x9, 0xf8, 0x0,
    0x4f, 0xb0, 0x3f, 0xc0, 0x0,

    /* U+00BC "¼" */
    0x0, 0x17, 0x50, 0x0, 0x0, 0x0, 0x2, 0xcf,
    0xf7, 0x0, 0x0, 0x0, 0x0, 0x4d, 0xcf, 0x70,
    0x0, 0x10, 0x0, 0x0, 0x7, 0xf7, 0x0, 0xc,
    0xc0, 0x0, 0x0, 0x7f, 0x70, 0x5, 0xf7, 0x0,
    0x0, 0x7, 0xf7, 0x0, 0xde, 0x0, 0x0, 0x0,
    0x7f, 0x70, 0x6f, 0x60, 0x0, 0x0, 0x7, 0xf7,
    0xe, 0xd0, 0x0, 0x0, 0x0, 0x0, 0x7, 0xf5,
    0x5, 0xb8, 0x0, 0x0, 0x1, 0xfc, 0x2, 0xff,
    0xb0, 0x0, 0x0, 0x9f, 0x30, 0xcf, 0xfb, 0x0,
    0x0, 0x2f, 0xb0, 0x7f, 0x8f, 0xb0, 0x0, 0xa,
    0xf2, 0x3f, 0x84, 0xfb, 0x0, 0x0, 0x15, 0xa,
    0xff, 0xff, 0xf9, 0x0, 0x0, 0x0, 0x69, 0x9b,
    0xfe, 0x50, 0x0, 0x0, 0x0, 0x0, 0x4f, 0xb0,

    /* U+00BD "½" */
    0x0, 0x39, 0x0, 0x0, 0x0, 0x0, 0x7, 0xef,
    0xf0, 0x0, 0x0, 0x0, 0x0, 0xab, 0xff, 0x0,
    0x0, 0x10, 0x0, 0x0, 0xe, 0xf0, 0x0, 0x8f,
    0x10, 0x0, 0x0, 0xef, 0x0, 0x1f, 0xb0, 0x0,
    0x0, 0xe, 0xf0, 0xa, 0xf2, 0x0, 0x0, 0x0,
    0xef, 0x3, 0xf9, 0x0, 0x0, 0x0, 0xe, 0xf0,
    0xbf, 0x10, 0x0, 0x0, 0x0, 0x0, 0x4f, 0x82,
    0xbf, 0xe9, 0x0, 0x0, 0xd, 0xe1, 0xdf, 0xac,
    0xf8, 0x0, 0x6, 0xf6, 0x1b, 0x90, 0x4f, 0xb0,
    0x0, 0xed, 0x0, 0x0, 0xb, 0xf7, 0x0, 0x5f,
    0x50, 0x0, 0xb, 0xfb, 0x0, 0x0, 0x20, 0x0,
    0xb, 0xfa, 0x0, 0x0, 0x0, 0x0, 0xc, 0xfe,
    0x99, 0x80, 0x0, 0x0, 0x0, 0xff, 0xff, 0xff,

    /* U+00BE "¾" */
    0x8, 0xef, 0xe7, 0x0, 0x0, 0x0, 0x0, 0x6f,
    0xd9, 0xef, 0x40, 0x0, 0x0, 0x0, 0x1, 0x11,
    0xaf, 0x40, 0x6, 0x40, 0x0, 0x0, 0x8f, 0xfa,
    0x0, 0x1f, 0xa0, 0x0, 0x0, 0x24, 0xcf, 0x40,
    0x9f, 0x20, 0x0, 0x59, 0x30, 0x7f, 0x82, 0xf9,
    0x0, 0x0, 0x6f, 0xe9, 0xef, 0x4a, 0xf1, 0x0,
    0x0, 0x7, 0xef, 0xd6, 0x2f, 0x90, 0x0, 0x0,
    0x0, 0x0, 0x0, 0xaf, 0x10, 0xab, 0x20, 0x0,
    0x0, 0x3, 0xf9, 0x9, 0xff, 0x30, 0x0, 0x0,
    0xb, 0xf1, 0x4f, 0xff, 0x30, 0x0, 0x0, 0x3f,
    0x81, 0xec, 0xcf, 0x30, 0x0, 0x0, 0xbf, 0x1a,
    0xe1, 0xcf, 0x30, 0x0, 0x0, 0x15, 0x2f, 0xff,
    0xff, 0xf1, 0x0, 0x0, 0x0, 0x19, 0x99, 0xef,
    0xb0, 0x0, 0x0, 0x0, 0x0, 0x0, 0xcf, 0x30,

    /* U+00BF "¿" */
    0x0, 0x0, 0xdf, 0x50, 0x0, 0x0, 0x3, 0xff,
    0x90, 0x0, 0x0, 0x0, 0xac, 0x30, 0x0, 0x0,
    0x0, 0x0, 0x0, 0x0, 0x0, 0x0, 0x0, 0x0,
    0x0, 0x0, 0x3, 0xff, 0x70, 0x0, 0x0, 0x5,
    0xff, 0x70, 0x0, 0x0, 0x2e, 0xff, 0x30, 0x0,
    0x1, 0xef, 0xfa, 0x0, 0x0, 0xc, 0xff, 0xb0,
    0x0, 0x0, 0x6f, 0xfe, 0x0, 0x0, 0x0, 0xbf,
    0xf6, 0x0, 0x0, 0x0, 0xdf, 0xf3, 0x0, 0x17,
    0x75, 0xbf, 0xf5, 0x0, 0x7f, 0xfa, 0x7f, 0xfe,
    0x89, 0xff, 0xf6, 0xc, 0xff, 0xff, 0xff, 0xb0,
    0x0, 0x8d, 0xff, 0xc7, 0x0,

    /* U+00C0 "À" */
    0x0, 0xb, 0xff, 0x60, 0x0, 0x0, 0x0, 0x0,
    0x0, 0xbf, 0xf1, 0x0, 0x0, 0x0, 0x0, 0x0,
    0xc, 0xfa, 0x0, 0x0, 0x0, 0x0, 0x0, 0x0,
    0x0, 0x0, 0x0, 0x0, 0x0, 0x0, 0xb, 0xff,
    0x50, 0x0, 0x0, 0x0, 0x0, 0x1f, 0xff, 0xa0,
    0x0, 0x0, 0x0, 0x0, 0x6f, 0xff, 0xf0, 0x0,
    0x0, 0x0, 0x0, 0xbf, 0xff, 0xf4, 0x0, 0x0,
    0x0, 0x0, 0xff, 0xcf, 0xf9, 0x0, 0x0, 0x0,
    0x5, 0xff, 0x6d, 0xfe, 0x0, 0x0, 0x0, 0xa,
    0xff, 0x28, 0xff, 0x30, 0x0, 0x0, 0xf, 0xfd,
    0x4, 0xff, 0x80, 0x0, 0x0, 0x4f, 0xf9, 0x0,
    0xff, 0xd0, 0x0, 0x0, 0x9f, 0xf4, 0x0, 0xbf,
    0xf2, 0x0, 0x0, 0xef, 0xff, 0xff, 0xff, 0xf7,
    0x0, 0x4, 0xff, 0xff, 0xff, 0xff, 0xfc, 0x0,
    0x9, 0xff, 0xb9, 0x99, 0x9f, 0xff, 0x10, 0xe,
    0xff, 0x20, 0x0, 0xa, 0xff, 0x60, 0x3f, 0xfe,
    0x0, 0x0, 0x6, 0xff, 0xb0, 0x8f, 0xf9, 0x0,
    0x0, 0x1, 0xff, 0xf0,

    /* U+00C1 "Á" */
    0x0, 0x0, 0x0, 0xc, 0xff, 0x50, 0x0, 0x0,
    0x0, 0x0, 0x7f, 0xf6, 0x0, 0x0, 0x0, 0x0,
    0x2, 0xff, 0x60, 0x0, 0x0, 0x0, 0x0, 0x0,
    0x0, 0x0, 0x0, 0x0, 0x0, 0x0, 0xb, 0xff,
    0x50, 0x0, 0x0, 0x0, 0x0, 0x1f, 0xff, 0xa0,
    0x0, 0x0, 0x0, 0x0, 0x6f, 0xff, 0xf0, 0x0,
    0x0, 0x0, 0x0, 0xbf, 0xff, 0xf4, 0x0, 0x0,
    0x0, 0x0, 0xff, 0xcf, 0xf9, 0x0, 0x0, 0x0,
    0x5, 0xff, 0x6d, 0xfe, 0x0, 0x0, 0x0, 0xa,
    0xff, 0x28, 0xff, 0x30, 0x0, 0x0, 0xf, 0xfd,
    0x4, 0xff, 0x80, 0x0, 0x0, 0x4f, 0xf9, 0x0,
    0xff, 0xd0, 0x0, 0x0, 0x9f, 0xf4, 0x0, 0xbf,
    0xf2, 0x0, 0x0, 0xef, 0xff, 0xff, 0xff, 0xf7,
    0x0, 0x4, 0xff, 0xff, 0xff, 0xff, 0xfc, 0x0,
    0x9, 0xff, 0xb9, 0x99, 0x9f, 0xff, 0x10, 0xe,
    0xff, 0x20, 0x0, 0xa, 0xff, 0x60, 0x3f, 0xfe,
    0x0, 0x0, 0x6, 0xff, 0xb0, 0x8f, 0xf9, 0x0,
    0x0, 0x1, 0xff, 0xf0,

    /* U+00C2 "Â" */
    0x0, 0x0, 0x2, 0x87, 0x0, 0x0, 0x0, 0x0,
    0x0, 0x4f, 0xff, 0xc1, 0x0, 0x0, 0x0, 0x6,
    0xff, 0x6b, 0xfd, 0x20, 0x0, 0x0, 0x18, 0x83,
    0x0, 0x68, 0x60, 0x0, 0x0, 0x0, 0x0, 0x0,
    0x0, 0x0, 0x0, 0x0, 0x0, 0xb, 0xff, 0x50,
    0x0, 0x0, 0x0, 0x0, 0x1f, 0xff, 0xa0, 0x0,
    0x0, 0x0, 0x0, 0x6f, 0xff, 0xf0, 0x0, 0x0,
    0x0, 0x0, 0xbf, 0xff, 0xf4, 0x0, 0x0, 0x0,
    0x0, 0xff, 0xcf, 0xf9, 0x0, 0x0, 0x0, 0x5,
    0xff, 0x6d, 0xfe, 0x0, 0x0, 0x0, 0xa, 0xff,
    0x28, 0xff, 0x30, 0x0, 0x0, 0xf, 0xfd, 0x4,
    0xff, 0x80, 0x0, 0x0, 0x4f, 0xf9, 0x0, 0xff,
    0xd0, 0x0, 0x0, 0x9f, 0xf4, 0x0, 0xbf, 0xf2,
    0x0, 0x0, 0xef, 0xff, 0xff, 0xff, 0xf7, 0x0,
    0x4, 0xff, 0xff, 0xff, 0xff, 0xfc, 0x0, 0x9,
    0xff, 0xb9, 0x99, 0x9f, 0xff, 0x10, 0xe, 0xff,
    0x20, 0x0, 0xa, 0xff, 0x60, 0x3f, 0xfe, 0x0,
    0x0, 0x6, 0xff, 0xb0, 0x8f, 0xf9, 0x0, 0x0,
    0x1, 0xff, 0xf0,

    /* U+00C3 "Ã" */
    0x0, 0x0, 0x0, 0x0, 0x0, 0x0, 0x0, 0x0,
    0x2, 0xce, 0x81, 0xd, 0x80, 0x0, 0x0, 0xc,
    0xff, 0xff, 0xff, 0x60, 0x0, 0x0, 0xe, 0x90,
    0x5d, 0xf9, 0x0, 0x0, 0x0, 0x0, 0x0, 0x0,
    0x0, 0x0, 0x0, 0x0, 0x0, 0x0, 0x0, 0x0,
    0x0, 0x0, 0x0, 0x0, 0xb, 0xff, 0x50, 0x0,
    0x0, 0x0, 0x0, 0x1f, 0xff, 0xa0, 0x0, 0x0,
    0x0, 0x0, 0x6f, 0xff, 0xf0, 0x0, 0x0, 0x0,
    0x0, 0xbf, 0xff, 0xf4, 0x0, 0x0, 0x0, 0x0,
    0xff, 0xcf, 0xf9, 0x0, 0x0, 0x0, 0x5, 0xff,
    0x6d, 0xfe, 0x0, 0x0, 0x0, 0xa, 0xff, 0x28,
    0xff, 0x30, 0x0, 0x0, 0xf, 0xfd, 0x4, 0xff,
    0x80, 0x0, 0x0, 0x4f, 0xf9, 0x0, 0xff, 0xd0,
    0x0, 0x0, 0x9f, 0xf4, 0x0, 0xbf, 0xf2, 0x0,
    0x0, 0xef, 0xff, 0xff, 0xff, 0xf7, 0x0, 0x4,
    0xff, 0xff, 0xff, 0xff, 0xfc, 0x0, 0x9, 0xff,
    0xb9, 0x99, 0x9f, 0xff, 0x10, 0xe, 0xff, 0x20,
    0x0, 0xa, 0xff, 0x60, 0x3f, 0xfe, 0x0, 0x0,
    0x6, 0xff, 0xb0, 0x8f, 0xf9, 0x0, 0x0, 0x1,
    0xff, 0xf0,

    /* U+00C4 "Ä" */
    0x0, 0x1d, 0xf4, 0x0, 0xbf, 0x60, 0x0, 0x0,
    0x4f, 0xf9, 0x1, 0xff, 0xb0, 0x0, 0x0, 0x8,
    0xa2, 0x0, 0x6a, 0x30, 0x0, 0x0, 0x0, 0x0,
    0x0, 0x0, 0x0, 0x0, 0x0, 0x0, 0xb, 0xff,
    0x50, 0x0, 0x0, 0x0, 0x0, 0x1f, 0xff, 0xa0,
    0x0, 0x0, 0x0, 0x0, 0x6f, 0xff, 0xf0, 0x0,
    0x0, 0x0, 0x0, 0xbf, 0xff, 0xf4, 0x0, 0x0,
    0x0, 0x0, 0xff, 0xcf, 0xf9, 0x0, 0x0, 0x0,
    0x5, 0xff, 0x6d, 0xfe, 0x0, 0x0, 0x0, 0xa,
    0xff, 0x28, 0xff, 0x30, 0x0, 0x0, 0xf, 0xfd,
    0x4, 0xff, 0x80, 0x0, 0x0, 0x4f, 0xf9, 0x0,
    0xff, 0xd0, 0x0, 0x0, 0x9f, 0xf4, 0x0, 0xbf,
    0xf2, 0x0, 0x0, 0xef, 0xff, 0xff, 0xff, 0xf7,
    0x0, 0x4, 0xff, 0xff, 0xff, 0xff, 0xfc, 0x0,
    0x9, 0xff, 0xb9, 0x99, 0x9f, 0xff, 0x10, 0xe,
    0xff, 0x20, 0x0, 0xa, 0xff, 0x60, 0x3f, 0xfe,
    0x0, 0x0, 0x6, 0xff, 0xb0, 0x8f, 0xf9, 0x0,
    0x0, 0x1, 0xff, 0xf0,

    /* U+00C5 "Å" */
    0x0, 0x0, 0x8, 0xec, 0x40, 0x0, 0x0, 0x0,
    0x0, 0x5e, 0x37, 0xe0, 0x0, 0x0, 0x0, 0x0,
    0x6d, 0x4, 0xf0, 0x0, 0x0, 0x0, 0x0, 0xb,
    0xff, 0x60, 0x0, 0x0, 0x0, 0x0, 0x0, 0x10,
    0x0, 0x0, 0x0, 0x0, 0x0, 0xb, 0xff, 0x50,
    0x0, 0x0, 0x0, 0x0, 0x1f, 0xff, 0xa0, 0x0,
    0x0, 0x0, 0x0, 0x6f, 0xff, 0xf0, 0x0, 0x0,
    0x0, 0x0, 0xbf, 0xff, 0xf4, 0x0, 0x0, 0x0,
    0x0, 0xff, 0xcf, 0xf9, 0x0, 0x0, 0x0, 0x5,
    0xff, 0x6d, 0xfe, 0x0, 0x0, 0x0, 0xa, 0xff,
    0x28, 0xff, 0x30, 0x0, 0x0, 0xf, 0xfd, 0x4,
    0xff, 0x80, 0x0, 0x0, 0x4f, 0xf9, 0x0, 0xff,
    0xd0, 0x0, 0x0, 0x9f, 0xf4, 0x0, 0xbf, 0xf2,
    0x0, 0x0, 0xef, 0xff, 0xff, 0xff, 0xf7, 0x0,
    0x4, 0xff, 0xff, 0xff, 0xff, 0xfc, 0x0, 0x9,
    0xff, 0xb9, 0x99, 0x9f, 0xff, 0x10, 0xe, 0xff,
    0x20, 0x0, 0xa, 0xff, 0x60, 0x3f, 0xfe, 0x0,
    0x0, 0x6, 0xff, 0xb0, 0x8f, 0xf9, 0x0, 0x0,
    0x1, 0xff, 0xf0,

    /* U+00C6 "Æ" */
    0x0, 0x0, 0x8, 0xff, 0xff, 0xff, 0x60, 0x0,
    0x0, 0xdf, 0xff, 0xff, 0xf6, 0x0, 0x0, 0x2f,
    0xff, 0xfd, 0x77, 0x30, 0x0, 0x7, 0xff, 0xff,
    0xc0, 0x0, 0x0, 0x0, 0xcf, 0xdf, 0xfc, 0x0,
    0x0, 0x0, 0x1f, 0xf9, 0xff, 0xc0, 0x0, 0x0,
    0x6, 0xff, 0x4f, 0xfd, 0x77, 0x0, 0x0, 0xcf,
    0xe1, 0xff, 0xff, 0xf1, 0x0, 0x1f, 0xfa, 0x1f,
    0xff, 0xff, 0x10, 0x6, 0xff, 0x61, 0xff, 0xc0,
    0x0, 0x0, 0xbf, 0xff, 0xff, 0xfc, 0x0, 0x0,
    0x1f, 0xff, 0xff, 0xff, 0xc0, 0x0, 0x5, 0xff,
    0xc9, 0xaf, 0xfc, 0x0, 0x0, 0xaf, 0xf4, 0x1,
    0xff, 0xd7, 0x74, 0xf, 0xff, 0x0, 0x1f, 0xff,
    0xff, 0xa5, 0xff, 0xb0, 0x1, 0xff, 0xff, 0xfa,

    /* U+00C7 "Ç" */
    0x0, 0x1, 0x9e, 0xff, 0xc5, 0x0, 0x0, 0x3,
    0xef, 0xff, 0xff, 0xfb, 0x0, 0x1, 0xef, 0xfc,
    0x89, 0xff, 0xf7, 0x0, 0x7f, 0xfb, 0x0, 0x3,
    0xff, 0xe0, 0xd, 0xff, 0x30, 0x0, 0xd, 0xff,
    0x20, 0xff, 0xf0, 0x0, 0x0, 0x34, 0x41, 0x2f,
    0xfe, 0x0, 0x0, 0x0, 0x0, 0x2, 0xff, 0xe0,
    0x0, 0x0, 0x0, 0x0, 0x2f, 0xfe, 0x0, 0x0,
    0x0, 0x0, 0x2, 0xff, 0xe0, 0x0, 0x0, 0x0,
    0x0, 0xf, 0xff, 0x0, 0x0, 0x1, 0x11, 0x0,
    0xdf, 0xf2, 0x0, 0x0, 0xdf, 0xf3, 0x8, 0xff,
    0x90, 0x0, 0x3f, 0xfe, 0x0, 0x1e, 0xff, 0xb7,
    0x9f, 0xff, 0x70, 0x0, 0x4f, 0xff, 0xff, 0xff,
    0xa0, 0x0, 0x0, 0x29, 0xef, 0xfb, 0x50, 0x0,
    0x0, 0x0, 0x9, 0xfe, 0x50, 0x0, 0x0, 0x0,
    0x0, 0x4a, 0xff, 0x20, 0x0, 0x0, 0x0, 0x0,
    0x4f, 0xf4, 0x0, 0x0, 0x0, 0x0, 0x5f, 0xfe,
    0x0, 0x0, 0x0, 0x0, 0x6, 0xea, 0x20, 0x0,
    0x0,

    /* U+00C8 "È" */
    0x0, 0x9f, 0xf8, 0x0, 0x0, 0x0, 0x0, 0xa,
    0xff, 0x20, 0x0, 0x0, 0x0, 0x0, 0xbf, 0xc0,
    0x0, 0x0, 0x0, 0x0, 0x0, 0x0, 0x0, 0x0,
    0x6f, 0xff, 0xff, 0xff, 0xff, 0xf1, 0x6f, 0xff,
    0xff, 0xff, 0xff, 0xf1, 0x6f, 0xfc, 0x77, 0x77,
    0x77, 0x70, 0x6f, 0xf9, 0x0, 0x0, 0x0, 0x0,
    0x6f, 0xf9, 0x0, 0x0, 0x0, 0x0, 0x6f, 0xf9,
    0x0, 0x0, 0x0, 0x0, 0x6f, 0xfc, 0x66, 0x66,
    0x66, 0x0, 0x6f, 0xff, 0xff, 0xff, 0xff, 0x0,
    0x6f, 0xff, 0xff, 0xff, 0xff, 0x0, 0x6f, 0xf9,
    0x0, 0x0, 0x0, 0x0, 0x6f, 0xf9, 0x0, 0x0,
    0x0, 0x0, 0x6f, 0xf9, 0x0, 0x0, 0x0, 0x0,
    0x6f, 0xf9, 0x0, 0x0, 0x0, 0x0, 0x6f, 0xfc,
    0x77, 0x77, 0x77, 0x70, 0x6f, 0xff, 0xff, 0xff,
    0xff, 0xf2, 0x6f, 0xff, 0xff, 0xff, 0xff, 0xf2,

    /* U+00C9 "É" */
    0x0, 0x0, 0x0, 0xaf, 0xf7, 0x0, 0x0, 0x0,
    0x5, 0xff, 0x70, 0x0, 0x0, 0x0, 0x1e, 0xf7,
    0x0, 0x0, 0x0, 0x0, 0x0, 0x0, 0x0, 0x0,
    0x6f, 0xff, 0xff, 0xff, 0xff, 0xf1, 0x6f, 0xff,
    0xff, 0xff, 0xff, 0xf1, 0x6f, 0xfc, 0x77, 0x77,
    0x77, 0x70, 0x6f, 0xf9, 0x0, 0x0, 0x0, 0x0,
    0x6f, 0xf9, 0x0, 0x0, 0x0, 0x0, 0x6f, 0xf9,
    0x0, 0x0, 0x0, 0x0, 0x6f, 0xfc, 0x66, 0x66,
    0x66, 0x0, 0x6f, 0xff, 0xff, 0xff, 0xff, 0x0,
    0x6f, 0xff, 0xff, 0xff, 0xff, 0x0, 0x6f, 0xf9,
    0x0, 0x0, 0x0, 0x0, 0x6f, 0xf9, 0x0, 0x0,
    0x0, 0x0, 0x6f, 0xf9, 0x0, 0x0, 0x0, 0x0,
    0x6f, 0xf9, 0x0, 0x0, 0x0, 0x0, 0x6f, 0xfc,
    0x77, 0x77, 0x77, 0x70, 0x6f, 0xff, 0xff, 0xff,
    0xff, 0xf2, 0x6f, 0xff, 0xff, 0xff, 0xff, 0xf2,

    /* U+00CA "Ê" */
    0x0, 0x0, 0x9f, 0xf7, 0x0, 0x0, 0x0, 0x3d,
    0xf9, 0xbf, 0xc2, 0x0, 0x0, 0x78, 0x40, 0x6,
    0x86, 0x0, 0x0, 0x0, 0x0, 0x0, 0x0, 0x0,
    0x6f, 0xff, 0xff, 0xff, 0xff, 0xf1, 0x6f, 0xff,
    0xff, 0xff, 0xff, 0xf1, 0x6f, 0xfc, 0x77, 0x77,
    0x77, 0x70, 0x6f, 0xf9, 0x0, 0x0, 0x0, 0x0,
    0x6f, 0xf9, 0x0, 0x0, 0x0, 0x0, 0x6f, 0xf9,
    0x0, 0x0, 0x0, 0x0, 0x6f, 0xfc, 0x66, 0x66,
    0x66, 0x0, 0x6f, 0xff, 0xff, 0xff, 0xff, 0x0,
    0x6f, 0xff, 0xff, 0xff, 0xff, 0x0, 0x6f, 0xf9,
    0x0, 0x0, 0x0, 0x0, 0x6f, 0xf9, 0x0, 0x0,
    0x0, 0x0, 0x6f, 0xf9, 0x0, 0x0, 0x0, 0x0,
    0x6f, 0xf9, 0x0, 0x0, 0x0, 0x0, 0x6f, 0xfc,
    0x77, 0x77, 0x77, 0x70, 0x6f, 0xff, 0xff, 0xff,
    0xff, 0xf2, 0x6f, 0xff, 0xff, 0xff, 0xff, 0xf2,

    /* U+00CB "Ë" */
    0x0, 0xcf, 0x50, 0xa, 0xf7, 0x0, 0x2, 0xff,
    0xa0, 0xf, 0xfd, 0x0, 0x0, 0x7a, 0x30, 0x6,
    0xb4, 0x0, 0x0, 0x0, 0x0, 0x0, 0x0, 0x0,
    0x6f, 0xff, 0xff, 0xff, 0xff, 0xf1, 0x6f, 0xff,
    0xff, 0xff, 0xff, 0xf1, 0x6f, 0xfc, 0x77, 0x77,
    0x77, 0x70, 0x6f, 0xf9, 0x0, 0x0, 0x0, 0x0,
    0x6f, 0xf9, 0x0, 0x0, 0x0, 0x0, 0x6f, 0xf9,
    0x0, 0x0, 0x0, 0x0, 0x6f, 0xfc, 0x66, 0x66,
    0x66, 0x0, 0x6f, 0xff, 0xff, 0xff, 0xff, 0x0,
    0x6f, 0xff, 0xff, 0xff, 0xff, 0x0, 0x6f, 0xf9,
    0x0, 0x0, 0x0, 0x0, 0x6f, 0xf9, 0x0, 0x0,
    0x0, 0x0, 0x6f, 0xf9, 0x0, 0x0, 0x0, 0x0,
    0x6f, 0xf9, 0x0, 0x0, 0x0, 0x0, 0x6f, 0xfc,
    0x77, 0x77, 0x77, 0x70, 0x6f, 0xff, 0xff, 0xff,
    0xff, 0xf2, 0x6f, 0xff, 0xff, 0xff, 0xff, 0xf2,

    /* U+00CC "Ì" */
    0x2e, 0xff, 0x10, 0x0, 0x0, 0x3, 0xff, 0xb0,
    0x0, 0x0, 0x0, 0x3f, 0xf5, 0x0, 0x0, 0x0,
    0x0, 0x0, 0x0, 0x0, 0xef, 0xff, 0xff, 0xff,
    0xf2, 0xef, 0xff, 0xff, 0xff, 0xf2, 0x67, 0x7f,
    0xff, 0x87, 0x70, 0x0, 0xf, 0xff, 0x10, 0x0,
    0x0, 0xf, 0xff, 0x10, 0x0, 0x0, 0xf, 0xff,
    0x10, 0x0, 0x0, 0xf, 0xff, 0x10, 0x0, 0x0,
    0xf, 0xff, 0x10, 0x0, 0x0, 0xf, 0xff, 0x10,
    0x0, 0x0, 0xf, 0xff, 0x10, 0x0, 0x0, 0xf,
    0xff, 0x10, 0x0, 0x0, 0xf, 0xff, 0x10, 0x0,
    0x0, 0xf, 0xff, 0x10, 0x0, 0x67, 0x7f, 0xff,
    0x77, 0x70, 0xef, 0xff, 0xff, 0xff, 0xf2, 0xef,
    0xff, 0xff, 0xff, 0xf2,

    /* U+00CD "Í" */
    0x0, 0x0, 0x2f, 0xfe, 0x10, 0x0, 0x0, 0xcf,
    0xe2, 0x0, 0x0, 0x7, 0xfe, 0x20, 0x0, 0x0,
    0x0, 0x0, 0x0, 0x0, 0xef, 0xff, 0xff, 0xff,
    0xf2, 0xef, 0xff, 0xff, 0xff, 0xf2, 0x67, 0x7f,
    0xff, 0x87, 0x70, 0x0, 0xf, 0xff, 0x10, 0x0,
    0x0, 0xf, 0xff, 0x10, 0x0, 0x0, 0xf, 0xff,
    0x10, 0x0, 0x0, 0xf, 0xff, 0x10, 0x0, 0x0,
    0xf, 0xff, 0x10, 0x0, 0x0, 0xf, 0xff, 0x10,
    0x0, 0x0, 0xf, 0xff, 0x10, 0x0, 0x0, 0xf,
    0xff, 0x10, 0x0, 0x0, 0xf, 0xff, 0x10, 0x0,
    0x0, 0xf, 0xff, 0x10, 0x0, 0x67, 0x7f, 0xff,
    0x77, 0x70, 0xef, 0xff, 0xff, 0xff, 0xf2, 0xef,
    0xff, 0xff, 0xff, 0xf2,

    /* U+00CE "Î" */
    0x0, 0x5, 0x84, 0x0, 0x0, 0x0, 0x9f, 0xff,
    0x70, 0x0, 0xb, 0xfd, 0x5e, 0xfa, 0x0, 0x48,
    0x71, 0x1, 0x78, 0x30, 0x0, 0x0, 0x0, 0x0,
    0x0, 0xef, 0xff, 0xff, 0xff, 0xf2, 0xef, 0xff,
    0xff, 0xff, 0xf2, 0x67, 0x7f, 0xff, 0x87, 0x70,
    0x0, 0xf, 0xff, 0x10, 0x0, 0x0, 0xf, 0xff,
    0x10, 0x0, 0x0, 0xf, 0xff, 0x10, 0x0, 0x0,
    0xf, 0xff, 0x10, 0x0, 0x0, 0xf, 0xff, 0x10,
    0x0, 0x0, 0xf, 0xff, 0x10, 0x0, 0x0, 0xf,
    0xff, 0x10, 0x0, 0x0, 0xf, 0xff, 0x10, 0x0,
    0x0, 0xf, 0xff, 0x10, 0x0, 0x0, 0xf, 0xff,
    0x10, 0x0, 0x67, 0x7f, 0xff, 0x77, 0x70, 0xef,
    0xff, 0xff, 0xff, 0xf2, 0xef, 0xff, 0xff, 0xff,
    0xf2,

    /* U+00CF "Ï" */
    0x4f, 0xc1, 0x2, 0xee, 0x20, 0x9f, 0xf3, 0x7,
    0xff, 0x60, 0x2a, 0x80, 0x1, 0x99, 0x0, 0x0,
    0x0, 0x0, 0x0, 0x0, 0xef, 0xff, 0xff, 0xff,
    0xf2, 0xef, 0xff, 0xff, 0xff, 0xf2, 0x67, 0x7f,
    0xff, 0x87, 0x70, 0x0, 0xf, 0xff, 0x10, 0x0,
    0x0, 0xf, 0xff, 0x10, 0x0, 0x0, 0xf, 0xff,
    0x10, 0x0, 0x0, 0xf, 0xff, 0x10, 0x0, 0x0,
    0xf, 0xff, 0x10, 0x0, 0x0, 0xf, 0xff, 0x10,
    0x0, 0x0, 0xf, 0xff, 0x10, 0x0, 0x0, 0xf,
    0xff, 0x10, 0x0, 0x0, 0xf, 0xff, 0x10, 0x0,
    0x0, 0xf, 0xff, 0x10, 0x0, 0x67, 0x7f, 0xff,
    0x77, 0x70, 0xef, 0xff, 0xff, 0xff, 0xf2, 0xef,
    0xff, 0xff, 0xff, 0xf2,

    /* U+00D0 "Ð" */
    0x0, 0x8f, 0xff, 0xfe, 0xb6, 0x0, 0x0, 0x0,
    0x8f, 0xff, 0xff, 0xff, 0xc1, 0x0, 0x0, 0x8f,
    0xfc, 0x79, 0xff, 0xfd, 0x0, 0x0, 0x8f, 0xf8,
    0x0, 0x1d, 0xff, 0x80, 0x0, 0x8f, 0xf8, 0x0,
    0x4, 0xff, 0xe0, 0x0, 0x8f, 0xf8, 0x0, 0x0,
    0xef, 0xf3, 0x0, 0x8f, 0xf8, 0x0, 0x0, 0xbf,
    0xf5, 0x6f, 0xff, 0xff, 0xff, 0x0, 0xaf, 0xf6,
    0x7f, 0xff, 0xff, 0xff, 0x0, 0xaf, 0xf6, 0x0,
    0x8f, 0xf8, 0x0, 0x0, 0xbf, 0xf5, 0x0, 0x8f,
    0xf8, 0x0, 0x0, 0xef, 0xf3, 0x0, 0x8f, 0xf8,
    0x0, 0x3, 0xff, 0xe0, 0x0, 0x8f, 0xf8, 0x0,
    0x1c, 0xff, 0x80, 0x0, 0x8f, 0xfc, 0x78, 0xef,
    0xfd, 0x0, 0x0, 0x8f, 0xff, 0xff, 0xff, 0xd2,
    0x0, 0x0, 0x8f, 0xff, 0xff, 0xc6, 0x0, 0x0,

    /* U+00D1 "Ñ" */
    0x0, 0x0, 0x0, 0x0, 0x0, 0x0, 0x4, 0xdd,
    0x70, 0x3e, 0x50, 0x1, 0xff, 0xff, 0xff, 0xf3,
    0x0, 0x3f, 0x61, 0x7e, 0xf7, 0x0, 0x0, 0x0,
    0x0, 0x0, 0x0, 0x0, 0x0, 0x0, 0x0, 0x0,
    0x0, 0xaf, 0xf9, 0x0, 0x5, 0xff, 0xba, 0xff,
    0xf0, 0x0, 0x5f, 0xfb, 0xaf, 0xff, 0x60, 0x5,
    0xff, 0xba, 0xff, 0xfd, 0x0, 0x5f, 0xfb, 0xaf,
    0xff, 0xf4, 0x5, 0xff, 0xba, 0xff, 0xff, 0xa0,
    0x5f, 0xfb, 0xaf, 0xfa, 0xff, 0x15, 0xff, 0xba,
    0xff, 0x5d, 0xf8, 0x5f, 0xfb, 0xaf, 0xf5, 0x7f,
    0xe5, 0xff, 0xba, 0xff, 0x51, 0xff, 0xaf, 0xfb,
    0xaf, 0xf5, 0x9, 0xff, 0xff, 0xba, 0xff, 0x50,
    0x2f, 0xff, 0xfb, 0xaf, 0xf5, 0x0, 0xcf, 0xff,
    0xba, 0xff, 0x50, 0x5, 0xff, 0xfb, 0xaf, 0xf5,
    0x0, 0xe, 0xff, 0xba, 0xff, 0x50, 0x0, 0x7f,
    0xfb,

    /* U+00D2 "Ò" */
    0x0, 0x0, 0x0, 0x0, 0x0, 0x0, 0x0, 0x0,
    0xcf, 0xf4, 0x0, 0x0, 0x0, 0x0, 0x1, 0xdf,
    0xd0, 0x0, 0x0, 0x0, 0x0, 0x1, 0xef, 0x80,
    0x0, 0x0, 0x0, 0x0, 0x0, 0x0, 0x0, 0x0,
    0x0, 0x0, 0x2a, 0xef, 0xea, 0x20, 0x0, 0x0,
    0x4f, 0xff, 0xff, 0xff, 0x50, 0x0, 0x1f, 0xff,
    0xc8, 0xcf, 0xff, 0x20, 0x8, 0xff, 0xa0, 0x0,
    0x9f, 0xfb, 0x0, 0xdf, 0xf3, 0x0, 0x1, 0xff,
    0xf0, 0xf, 0xff, 0x0, 0x0, 0xd, 0xff, 0x32,
    0xff, 0xf0, 0x0, 0x0, 0xcf, 0xf4, 0x2f, 0xfe,
    0x0, 0x0, 0xb, 0xff, 0x52, 0xff, 0xe0, 0x0,
    0x0, 0xbf, 0xf5, 0x2f, 0xff, 0x0, 0x0, 0xc,
    0xff, 0x40, 0xff, 0xf0, 0x0, 0x0, 0xdf, 0xf3,
    0xd, 0xff, 0x30, 0x0, 0x1f, 0xff, 0x0, 0x8f,
    0xfa, 0x0, 0x9, 0xff, 0xb0, 0x1, 0xff, 0xfc,
    0x8b, 0xff, 0xf2, 0x0, 0x4, 0xff, 0xff, 0xff,
    0xf5, 0x0, 0x0, 0x2, 0xae, 0xfe, 0xa2, 0x0,
    0x0,

    /* U+00D3 "Ó" */
    0x0, 0x0, 0x0, 0x0, 0x0, 0x0, 0x0, 0x0,
    0x0, 0x1, 0xef, 0xe3, 0x0, 0x0, 0x0, 0x0,
    0xaf, 0xf3, 0x0, 0x0, 0x0, 0x0, 0x5f, 0xf3,
    0x0, 0x0, 0x0, 0x0, 0x0, 0x0, 0x0, 0x0,
    0x0, 0x0, 0x2a, 0xef, 0xea, 0x20, 0x0, 0x0,
    0x4f, 0xff, 0xff, 0xff, 0x50, 0x0, 0x1f, 0xff,
    0xc8, 0xcf, 0xff, 0x20, 0x8, 0xff, 0xa0, 0x0,
    0x9f, 0xfb, 0x0, 0xdf, 0xf3, 0x0, 0x1, 0xff,
    0xf0, 0xf, 0xff, 0x0, 0x0, 0xd, 0xff, 0x32,
    0xff, 0xf0, 0x0, 0x0, 0xcf, 0xf4, 0x2f, 0xfe,
    0x0, 0x0, 0xb, 0xff, 0x52, 0xff, 0xe0, 0x0,
    0x0, 0xbf, 0xf5, 0x2f, 0xff, 0x0, 0x0, 0xc,
    0xff, 0x40, 0xff, 0xf0, 0x0, 0x0, 0xdf, 0xf3,
    0xd, 0xff, 0x30, 0x0, 0x1f, 0xff, 0x0, 0x8f,
    0xfa, 0x0, 0x9, 0xff, 0xb0, 0x1, 0xff, 0xfc,
    0x8b, 0xff, 0xf2, 0x0, 0x4, 0xff, 0xff, 0xff,
    0xf5, 0x0, 0x0, 0x2, 0xae, 0xfe, 0xa2, 0x0,
    0x0,

    /* U+00D4 "Ô" */
    0x0, 0x0, 0x1c, 0xfe, 0x30, 0x0, 0x0, 0x0,
    0x2d, 0xfc, 0xff, 0x40, 0x0, 0x0, 0x2e, 0xf8,
    0x5, 0xff, 0x50, 0x0, 0x0, 0x0, 0x0, 0x0,
    0x0, 0x0, 0x0, 0x0, 0x0, 0x0, 0x0, 0x0,
    0x0, 0x0, 0x2a, 0xef, 0xea, 0x20, 0x0, 0x0,
    0x4f, 0xff, 0xff, 0xff, 0x50, 0x0, 0x1f, 0xff,
    0xc8, 0xcf, 0xff, 0x20, 0x8, 0xff, 0xa0, 0x0,
    0x9f, 0xfb, 0x0, 0xdf, 0xf3, 0x0, 0x1, 0xff,
    0xf0, 0xf, 0xff, 0x0, 0x0, 0xd, 0xff, 0x32,
    0xff, 0xf0, 0x0, 0x0, 0xcf, 0xf4, 0x2f, 0xfe,
    0x0, 0x0, 0xb, 0xff, 0x52, 0xff, 0xe0, 0x0,
    0x0, 0xbf, 0xf5, 0x2f, 0xff, 0x0, 0x0, 0xc,
    0xff, 0x40, 0xff, 0xf0, 0x0, 0x0, 0xdf, 0xf3,
    0xd, 0xff, 0x30, 0x0, 0x1f, 0xff, 0x0, 0x8f,
    0xfa, 0x0, 0x9, 0xff, 0xb0, 0x1, 0xff, 0xfc,
    0x8b, 0xff, 0xf2, 0x0, 0x4, 0xff, 0xff, 0xff,
    0xf5, 0x0, 0x0, 0x2, 0xae, 0xfe, 0xa2, 0x0,
    0x0,

    /* U+00D5 "Õ" */
    0x0, 0x0, 0x0, 0x0, 0x0, 0x0, 0x0, 0x0,
    0x4d, 0xd7, 0x13, 0xe5, 0x0, 0x0, 0xf, 0xff,
    0xff, 0xff, 0x30, 0x0, 0x3, 0xe6, 0x6, 0xde,
    0x70, 0x0, 0x0, 0x0, 0x0, 0x0, 0x0, 0x0,
    0x0, 0x0, 0x0, 0x0, 0x0, 0x0, 0x0, 0x0,
    0x2, 0xae, 0xfe, 0xa2, 0x0, 0x0, 0x4, 0xff,
    0xff, 0xff, 0xf5, 0x0, 0x1, 0xff, 0xfc, 0x8c,
    0xff, 0xf2, 0x0, 0x8f, 0xfa, 0x0, 0x9, 0xff,
    0xb0, 0xd, 0xff, 0x30, 0x0, 0x1f, 0xff, 0x0,
    0xff, 0xf0, 0x0, 0x0, 0xdf, 0xf3, 0x2f, 0xff,
    0x0, 0x0, 0xc, 0xff, 0x42, 0xff, 0xe0, 0x0,
    0x0, 0xbf, 0xf5, 0x2f, 0xfe, 0x0, 0x0, 0xb,
    0xff, 0x52, 0xff, 0xf0, 0x0, 0x0, 0xcf, 0xf4,
    0xf, 0xff, 0x0, 0x0, 0xd, 0xff, 0x30, 0xdf,
    0xf3, 0x0, 0x1, 0xff, 0xf0, 0x8, 0xff, 0xa0,
    0x0, 0x9f, 0xfb, 0x0, 0x1f, 0xff, 0xc8, 0xbf,
    0xff, 0x20, 0x0, 0x4f, 0xff, 0xff, 0xff, 0x50,
    0x0, 0x0, 0x2a, 0xef, 0xea, 0x20, 0x0,

    /* U+00D6 "Ö" */
    0x0, 0x19, 0x90, 0x0, 0x9a, 0x10, 0x0, 0x7,
    0xff, 0x60, 0x4f, 0xf8, 0x0, 0x0, 0x2e, 0xe2,
    0x1, 0xde, 0x40, 0x0, 0x0, 0x0, 0x0, 0x0,
    0x0, 0x0, 0x0, 0x0, 0x0, 0x0, 0x0, 0x0,
    0x0, 0x0, 0x2a, 0xef, 0xea, 0x20, 0x0, 0x0,
    0x4f, 0xff, 0xff, 0xff, 0x50, 0x0, 0x1f, 0xff,
    0xc8, 0xcf, 0xff, 0x20, 0x8, 0xff, 0xa0, 0x0,
    0x9f, 0xfb, 0x0, 0xdf, 0xf3, 0x0, 0x1, 0xff,
    0xf0, 0xf, 0xff, 0x0, 0x0, 0xd, 0xff, 0x32,
    0xff, 0xf0, 0x0, 0x0, 0xcf, 0xf4, 0x2f, 0xfe,
    0x0, 0x0, 0xb, 0xff, 0x52, 0xff, 0xe0, 0x0,
    0x0, 0xbf, 0xf5, 0x2f, 0xff, 0x0, 0x0, 0xc,
    0xff, 0x40, 0xff, 0xf0, 0x0, 0x0, 0xdf, 0xf3,
    0xd, 0xff, 0x30, 0x0, 0x1f, 0xff, 0x0, 0x8f,
    0xfa, 0x0, 0x9, 0xff, 0xb0, 0x1, 0xff, 0xfc,
    0x8b, 0xff, 0xf2, 0x0, 0x4, 0xff, 0xff, 0xff,
    0xf5, 0x0, 0x0, 0x2, 0xae, 0xfe, 0xa2, 0x0,
    0x0,

    /* U+00D7 "×" */
    0x0, 0x60, 0x0, 0x0, 0x24, 0x0, 0xbf, 0x90,
    0x0, 0x2e, 0xf4, 0x1d, 0xff, 0x80, 0x2e, 0xff,
    0x70, 0x1d, 0xff, 0x9e, 0xff, 0x70, 0x0, 0x1e,
    0xff, 0xff, 0x80, 0x0, 0x0, 0x3f, 0xff, 0xc0,
    0x0, 0x0, 0x1d, 0xff, 0xff, 0x70, 0x0, 0x1d,
    0xff, 0xae, 0xff, 0x60, 0xc, 0xff, 0xa0, 0x3e,
    0xff, 0x60, 0xbf, 0xa0, 0x0, 0x3f, 0xf5, 0x0,
    0x70, 0x0, 0x0, 0x35, 0x0,

    /* U+00D8 "Ø" */
    0x0, 0x0, 0x0, 0x0, 0x0, 0xef, 0x10, 0x0,
    0x29, 0xef, 0xea, 0x7f, 0x90, 0x0, 0x4f, 0xff,
    0xff, 0xff, 0xf2, 0x0, 0x1e, 0xff, 0xc8, 0xbf,
    0xff, 0x30, 0x7, 0xff, 0xb0, 0x0, 0xef, 0xfb,
    0x0, 0xdf, 0xf4, 0x0, 0x7f, 0xff, 0xf1, 0xf,
    0xff, 0x10, 0x1f, 0xdd, 0xff, 0x41, 0xff, 0xf0,
    0xa, 0xf5, 0xbf, 0xf5, 0x1f, 0xff, 0x3, 0xfc,
    0xb, 0xff, 0x61, 0xff, 0xf0, 0xcf, 0x30, 0xbf,
    0xf6, 0x1f, 0xff, 0x5f, 0x90, 0xb, 0xff, 0x50,
    0xff, 0xfe, 0xf1, 0x0, 0xcf, 0xf4, 0xd, 0xff,
    0xf7, 0x0, 0xf, 0xff, 0x10, 0x7f, 0xff, 0x0,
    0x8, 0xff, 0xc0, 0x1, 0xff, 0xfc, 0x8b, 0xff,
    0xf3, 0x0, 0x2f, 0xff, 0xff, 0xff, 0xf6, 0x0,
    0xb, 0xf5, 0x9e, 0xfe, 0xa3, 0x0, 0x3, 0xfb,
    0x0, 0x0, 0x0, 0x0, 0x0,

    /* U+00D9 "Ù" */
    0x0, 0x0, 0x0, 0x0, 0x0, 0x0, 0xb, 0xff,
    0x50, 0x0, 0x0, 0x0, 0xc, 0xfe, 0x10, 0x0,
    0x0, 0x0, 0x1d, 0xf9, 0x0, 0x0, 0x0, 0x0,
    0x0, 0x0, 0x0, 0xa, 0xff, 0x60, 0x0, 0x2f,
    0xfd, 0xaf, 0xf6, 0x0, 0x2, 0xff, 0xda, 0xff,
    0x60, 0x0, 0x2f, 0xfd, 0xaf, 0xf6, 0x0, 0x2,
    0xff, 0xda, 0xff, 0x60, 0x0, 0x2f, 0xfd, 0xaf,
    0xf6, 0x0, 0x3, 0xff, 0xda, 0xff, 0x60, 0x0,
    0x3f, 0xfd, 0xaf, 0xf6, 0x0, 0x3, 0xff, 0xda,
    0xff, 0x60, 0x0, 0x3f, 0xfd, 0xaf, 0xf6, 0x0,
    0x3, 0xff, 0xda, 0xff, 0x60, 0x0, 0x3f, 0xfd,
    0x9f, 0xf7, 0x0, 0x4, 0xff, 0xc5, 0xff, 0xc0,
    0x0, 0xaf, 0xf9, 0xe, 0xff, 0xc7, 0xbf, 0xff,
    0x20, 0x4f, 0xff, 0xff, 0xff, 0x70, 0x0, 0x2a,
    0xef, 0xeb, 0x40, 0x0,

    /* U+00DA "Ú" */
    0x0, 0x0, 0x0, 0x0, 0x0, 0x0, 0x0, 0x0,
    0xe, 0xff, 0x30, 0x0, 0x0, 0x9, 0xff, 0x40,
    0x0, 0x0, 0x3, 0xff, 0x40, 0x0, 0x0, 0x0,
    0x0, 0x0, 0x0, 0xa, 0xff, 0x60, 0x0, 0x2f,
    0xfd, 0xaf, 0xf6, 0x0, 0x2, 0xff, 0xda, 0xff,
    0x60, 0x0, 0x2f, 0xfd, 0xaf, 0xf6, 0x0, 0x2,
    0xff, 0xda, 0xff, 0x60, 0x0, 0x2f, 0xfd, 0xaf,
    0xf6, 0x0, 0x3, 0xff, 0xda, 0xff, 0x60, 0x0,
    0x3f, 0xfd, 0xaf, 0xf6, 0x0, 0x3, 0xff, 0xda,
    0xff, 0x60, 0x0, 0x3f, 0xfd, 0xaf, 0xf6, 0x0,
    0x3, 0xff, 0xda, 0xff, 0x60, 0x0, 0x3f, 0xfd,
    0x9f, 0xf7, 0x0, 0x4, 0xff, 0xc5, 0xff, 0xc0,
    0x0, 0xaf, 0xf9, 0xe, 0xff, 0xc7, 0xbf, 0xff,
    0x20, 0x4f, 0xff, 0xff, 0xff, 0x70, 0x0, 0x2a,
    0xef, 0xeb, 0x40, 0x0,

    /* U+00DB "Û" */
    0x0, 0x0, 0x38, 0x60, 0x0, 0x0, 0x0, 0x5f,
    0xff, 0xb0, 0x0, 0x0, 0x8f, 0xf5, 0xcf, 0xc1,
    0x0, 0x28, 0x82, 0x0, 0x78, 0x50, 0x0, 0x0,
    0x0, 0x0, 0x0, 0xa, 0xff, 0x60, 0x0, 0x2f,
    0xfd, 0xaf, 0xf6, 0x0, 0x2, 0xff, 0xda, 0xff,
    0x60, 0x0, 0x2f, 0xfd, 0xaf, 0xf6, 0x0, 0x2,
    0xff, 0xda, 0xff, 0x60, 0x0, 0x2f, 0xfd, 0xaf,
    0xf6, 0x0, 0x3, 0xff, 0xda, 0xff, 0x60, 0x0,
    0x3f, 0xfd, 0xaf, 0xf6, 0x0, 0x3, 0xff, 0xda,
    0xff, 0x60, 0x0, 0x3f, 0xfd, 0xaf, 0xf6, 0x0,
    0x3, 0xff, 0xda, 0xff, 0x60, 0x0, 0x3f, 0xfd,
    0x9f, 0xf7, 0x0, 0x4, 0xff, 0xc5, 0xff, 0xc0,
    0x0, 0xaf, 0xf9, 0xe, 0xff, 0xc7, 0xbf, 0xff,
    0x20, 0x4f, 0xff, 0xff, 0xff, 0x70, 0x0, 0x2a,
    0xef, 0xeb, 0x40, 0x0,

    /* U+00DC "Ü" */
    0x2, 0xde, 0x30, 0xc, 0xf5, 0x0, 0x5f, 0xf7,
    0x3, 0xff, 0xa0, 0x0, 0x9a, 0x10, 0x8, 0xa2,
    0x0, 0x0, 0x0, 0x0, 0x0, 0x0, 0xaf, 0xf6,
    0x0, 0x2, 0xff, 0xda, 0xff, 0x60, 0x0, 0x2f,
    0xfd, 0xaf, 0xf6, 0x0, 0x2, 0xff, 0xda, 0xff,
    0x60, 0x0, 0x2f, 0xfd, 0xaf, 0xf6, 0x0, 0x2,
    0xff, 0xda, 0xff, 0x60, 0x0, 0x3f, 0xfd, 0xaf,
    0xf6, 0x0, 0x3, 0xff, 0xda, 0xff, 0x60, 0x0,
    0x3f, 0xfd, 0xaf, 0xf6, 0x0, 0x3, 0xff, 0xda,
    0xff, 0x60, 0x0, 0x3f, 0xfd, 0xaf, 0xf6, 0x0,
    0x3, 0xff, 0xd9, 0xff, 0x70, 0x0, 0x4f, 0xfc,
    0x5f, 0xfc, 0x0, 0xa, 0xff, 0x90, 0xef, 0xfc,
    0x7b, 0xff, 0xf2, 0x4, 0xff, 0xff, 0xff, 0xf7,
    0x0, 0x2, 0xae, 0xfe, 0xb4, 0x0,

    /* U+00DD "Ý" */
    0x0, 0x0, 0x0, 0xd, 0xff, 0x40, 0x0, 0x0,
    0x0, 0x0, 0x8f, 0xf5, 0x0, 0x0, 0x0, 0x0,
    0x2, 0xff, 0x50, 0x0, 0x0, 0x0, 0x0, 0x0,
    0x0, 0x0, 0x0, 0x0, 0x6f, 0xfd, 0x0, 0x0,
    0x6, 0xff, 0xe0, 0xe, 0xff, 0x40, 0x0, 0xc,
    0xff, 0x70, 0x7, 0xff, 0xb0, 0x0, 0x3f, 0xfe,
    0x0, 0x0, 0xff, 0xf2, 0x0, 0xaf, 0xf8, 0x0,
    0x0, 0x8f, 0xf8, 0x1, 0xff, 0xf1, 0x0, 0x0,
    0x1f, 0xff, 0x7, 0xff, 0x90, 0x0, 0x0, 0x9,
    0xff, 0x6e, 0xff, 0x10, 0x0, 0x0, 0x2, 0xff,
    0xff, 0xfa, 0x0, 0x0, 0x0, 0x0, 0xaf, 0xff,
    0xf2, 0x0, 0x0, 0x0, 0x0, 0x3f, 0xff, 0xa0,
    0x0, 0x0, 0x0, 0x0, 0xd, 0xff, 0x40, 0x0,
    0x0, 0x0, 0x0, 0xc, 0xff, 0x30, 0x0, 0x0,
    0x0, 0x0, 0xc, 0xff, 0x30, 0x0, 0x0, 0x0,
    0x0, 0xc, 0xff, 0x30, 0x0, 0x0, 0x0, 0x0,
    0xc, 0xff, 0x30, 0x0, 0x0, 0x0, 0x0, 0xc,
    0xff, 0x30, 0x0, 0x0,

    /* U+00DE "Þ" */
    0x8f, 0xf7, 0x0, 0x0, 0x0, 0x0, 0x8f, 0xf7,
    0x0, 0x0, 0x0, 0x0, 0x8f, 0xf7, 0x0, 0x0,
    0x0, 0x0, 0x8f, 0xff, 0xff, 0xfd, 0x91, 0x0,
    0x8f, 0xff, 0xff, 0xff, 0xff, 0x40, 0x8f, 0xfb,
    0x77, 0x8d, 0xff, 0xe1, 0x8f, 0xf7, 0x0, 0x0,
    0xdf, 0xf6, 0x8f, 0xf7, 0x0, 0x0, 0x7f, 0xf9,
    0x8f, 0xf7, 0x0, 0x0, 0x7f, 0xf9, 0x8f, 0xf7,
    0x0, 0x0, 0xdf, 0xf6, 0x8f, 0xfb, 0x77, 0x8d,
    0xff, 0xe0, 0x8f, 0xff, 0xff, 0xff, 0xff, 0x40,
    0x8f, 0xff, 0xff, 0xfd, 0x81, 0x0, 0x8f, 0xf7,
    0x0, 0x0, 0x0, 0x0, 0x8f, 0xf7, 0x0, 0x0,
    0x0, 0x0, 0x8f, 0xf7, 0x0, 0x0, 0x0, 0x0,

    /* U+00DF "ß" */
    0x0, 0x18, 0xdf, 0xeb, 0x30, 0x0, 0x1, 0xdf,
    0xff, 0xff, 0xf3, 0x0, 0xa, 0xff, 0xd7, 0xcf,
    0xfc, 0x0, 0xf, 0xff, 0x10, 0x1f, 0xff, 0x0,
    0x3f, 0xfc, 0x0, 0xf, 0xff, 0x0, 0x4f, 0xfb,
    0x0, 0x5f, 0xfb, 0x0, 0x4f, 0xfb, 0x0, 0xdf,
    0xf3, 0x0, 0x4f, 0xfb, 0x2, 0xff, 0xd0, 0x0,
    0x4f, 0xfb, 0x1, 0xff, 0xf1, 0x0, 0x4f, 0xfb,
    0x0, 0xcf, 0xfc, 0x0, 0x4f, 0xfb, 0x0, 0x2e,
    0xff, 0xb0, 0x4f, 0xfb, 0x0, 0x3, 0xff, 0xf5,
    0x4f, 0xfb, 0x0, 0x0, 0x6f, 0xfa, 0x4f, 0xfb,
    0x0, 0x0, 0x5f, 0xfa, 0x4f, 0xfb, 0x2c, 0x87,
    0xef, 0xf7, 0x4f, 0xfb, 0x6f, 0xff, 0xff, 0xe1,
    0x4f, 0xfb, 0x4c, 0xef, 0xe9, 0x10,

    /* U+00E0 "à" */
    0x2, 0xef, 0xf1, 0x0, 0x0, 0x0, 0x3, 0xff,
    0xa0, 0x0, 0x0, 0x0, 0x4, 0xff, 0x40, 0x0,
    0x0, 0x0, 0x0, 0x0, 0x0, 0x0, 0x0, 0x0,
    0x0, 0x0, 0x0, 0x0, 0x5, 0xbf, 0xfe, 0xa3,
    0x0, 0x8, 0xff, 0xff, 0xff, 0xf6, 0x3, 0xff,
    0xe6, 0x49, 0xff, 0xf1, 0x6d, 0xd7, 0x0, 0xc,
    0xff, 0x40, 0x0, 0x0, 0x0, 0xaf, 0xf5, 0x1,
    0x7c, 0xff, 0xff, 0xff, 0x51, 0xef, 0xff, 0xdc,
    0xef, 0xf5, 0x9f, 0xfa, 0x0, 0xa, 0xff, 0x5b,
    0xff, 0x40, 0x0, 0xaf, 0xf5, 0xaf, 0xfa, 0x23,
    0x8f, 0xff, 0x52, 0xff, 0xff, 0xff, 0xff, 0xf6,
    0x2, 0xae, 0xfd, 0x86, 0xff, 0xa0,

    /* U+00E1 "á" */
    0x0, 0x0, 0x3, 0xff, 0xd1, 0x0, 0x0, 0x0,
    0xdf, 0xd1, 0x0, 0x0, 0x0, 0x8f, 0xe1, 0x0,
    0x0, 0x0, 0x0, 0x0, 0x0, 0x0, 0x0, 0x0,
    0x0, 0x0, 0x0, 0x0, 0x5, 0xbf, 0xfe, 0xa3,
    0x0, 0x8, 0xff, 0xff, 0xff, 0xf6, 0x3, 0xff,
    0xe6, 0x49, 0xff, 0xf1, 0x6d, 0xd7, 0x0, 0xc,
    0xff, 0x40, 0x0, 0x0, 0x0, 0xaf, 0xf5, 0x1,
    0x7c, 0xff, 0xff, 0xff, 0x51, 0xef, 0xff, 0xdc,
    0xef, 0xf5, 0x9f, 0xfa, 0x0, 0xa, 0xff, 0x5b,
    0xff, 0x40, 0x0, 0xaf, 0xf5, 0xaf, 0xfa, 0x23,
    0x8f, 0xff, 0x52, 0xff, 0xff, 0xff, 0xff, 0xf6,
    0x2, 0xae, 0xfd, 0x86, 0xff, 0xa0,

    /* U+00E2 "â" */
    0x0, 0x2, 0xdf, 0xc1, 0x0, 0x0, 0x3, 0xef,
    0xdf, 0xd2, 0x0, 0x4, 0xff, 0x60, 0x9f, 0xe2,
    0x0, 0x1, 0x10, 0x0, 0x11, 0x0, 0x0, 0x0,
    0x0, 0x0, 0x0, 0x0, 0x5, 0xbf, 0xfe, 0xa3,
    0x0, 0x8, 0xff, 0xff, 0xff, 0xf6, 0x3, 0xff,
    0xe6, 0x49, 0xff, 0xf1, 0x6d, 0xd7, 0x0, 0xc,
    0xff, 0x40, 0x0, 0x0, 0x0, 0xaf, 0xf5, 0x1,
    0x7c, 0xff, 0xff, 0xff, 0x51, 0xef, 0xff, 0xdc,
    0xef, 0xf5, 0x9f, 0xfa, 0x0, 0xa, 0xff, 0x5b,
    0xff, 0x40, 0x0, 0xaf, 0xf5, 0xaf, 0xfa, 0x23,
    0x8f, 0xff, 0x52, 0xff, 0xff, 0xff, 0xff, 0xf6,
    0x2, 0xae, 0xfd, 0x86, 0xff, 0xa0,

    /* U+00E3 "ã" */
    0x0, 0x0, 0x0, 0x0, 0x0, 0x0, 0x7, 0xfd,
    0x60, 0x6f, 0x30, 0x3, 0xff, 0xff, 0xff, 0xf1,
    0x0, 0x5f, 0x20, 0x7d, 0xd4, 0x0, 0x0, 0x0,
    0x0, 0x0, 0x0, 0x0, 0x0, 0x0, 0x0, 0x0,
    0x0, 0x0, 0x5b, 0xff, 0xea, 0x30, 0x0, 0x8f,
    0xff, 0xff, 0xff, 0x60, 0x3f, 0xfe, 0x64, 0x9f,
    0xff, 0x16, 0xdd, 0x70, 0x0, 0xcf, 0xf4, 0x0,
    0x0, 0x0, 0xa, 0xff, 0x50, 0x17, 0xcf, 0xff,
    0xff, 0xf5, 0x1e, 0xff, 0xfd, 0xce, 0xff, 0x59,
    0xff, 0xa0, 0x0, 0xaf, 0xf5, 0xbf, 0xf4, 0x0,
    0xa, 0xff, 0x5a, 0xff, 0xa2, 0x38, 0xff, 0xf5,
    0x2f, 0xff, 0xff, 0xff, 0xff, 0x60, 0x2a, 0xef,
    0xd8, 0x6f, 0xfa,

    /* U+00E4 "ä" */
    0x5, 0xfc, 0x0, 0x3e, 0xd1, 0x0, 0xaf, 0xf3,
    0x7, 0xff, 0x50, 0x2, 0xa8, 0x0, 0x1a, 0x90,
    0x0, 0x0, 0x0, 0x0, 0x0, 0x0, 0x0, 0x0,
    0x0, 0x0, 0x0, 0x0, 0x5, 0xbf, 0xfe, 0xa3,
    0x0, 0x8, 0xff, 0xff, 0xff, 0xf6, 0x3, 0xff,
    0xe6, 0x49, 0xff, 0xf1, 0x6d, 0xd7, 0x0, 0xc,
    0xff, 0x40, 0x0, 0x0, 0x0, 0xaf, 0xf5, 0x1,
    0x7c, 0xff, 0xff, 0xff, 0x51, 0xef, 0xff, 0xdc,
    0xef, 0xf5, 0x9f, 0xfa, 0x0, 0xa, 0xff, 0x5b,
    0xff, 0x40, 0x0, 0xaf, 0xf5, 0xaf, 0xfa, 0x23,
    0x8f, 0xff, 0x52, 0xff, 0xff, 0xff, 0xff, 0xf6,
    0x2, 0xae, 0xfd, 0x86, 0xff, 0xa0,

    /* U+00E5 "å" */
    0x0, 0x1, 0xae, 0x90, 0x0, 0x0, 0x0, 0x9b,
    0x2d, 0x60, 0x0, 0x0, 0xd, 0x60, 0x9a, 0x0,
    0x0, 0x0, 0xb9, 0xc, 0x70, 0x0, 0x0, 0x2,
    0xdf, 0xc1, 0x0, 0x0, 0x0, 0x0, 0x10, 0x0,
    0x0, 0x0, 0x5b, 0xff, 0xea, 0x30, 0x0, 0x8f,
    0xff, 0xff, 0xff, 0x60, 0x3f, 0xfe, 0x64, 0x9f,
    0xff, 0x16, 0xdd, 0x70, 0x0, 0xcf, 0xf4, 0x0,
    0x0, 0x0, 0xa, 0xff, 0x50, 0x17, 0xcf, 0xff,
    0xff, 0xf5, 0x1e, 0xff, 0xfd, 0xce, 0xff, 0x59,
    0xff, 0xa0, 0x0, 0xaf, 0xf5, 0xbf, 0xf4, 0x0,
    0xa, 0xff, 0x5a, 0xff, 0xa2, 0x38, 0xff, 0xf5,
    0x2f, 0xff, 0xff, 0xff, 0xff, 0x60, 0x2a, 0xef,
    0xd8, 0x6f, 0xfa,

    /* U+00E6 "æ" */
    0x0, 0x9e, 0xfd, 0x79, 0xef, 0xc3, 0x0, 0xbf,
    0xff, 0xff, 0xff, 0xff, 0xf2, 0x2f, 0xfe, 0x7e,
    0xff, 0xa9, 0xff, 0x82, 0x77, 0x40, 0xaf, 0xf0,
    0xf, 0xfc, 0x0, 0x0, 0x1a, 0xff, 0x11, 0xef,
    0xd0, 0x19, 0xef, 0xff, 0xff, 0xff, 0xfd, 0xd,
    0xff, 0xff, 0xff, 0xff, 0xff, 0xd5, 0xff, 0xd2,
    0xaf, 0xf0, 0x0, 0x0, 0x7f, 0xf8, 0xa, 0xff,
    0x10, 0x0, 0x6, 0xff, 0xd7, 0xcf, 0xfc, 0x77,
    0xc1, 0x1e, 0xff, 0xff, 0xef, 0xff, 0xff, 0x50,
    0x3c, 0xfe, 0x80, 0x9e, 0xfe, 0xa2,

    /* U+00E7 "ç" */
    0x0, 0x19, 0xef, 0xfb, 0x40, 0x0, 0x3e, 0xff,
    0xff, 0xff, 0x70, 0xe, 0xff, 0xc7, 0xaf, 0xff,
    0x35, 0xff, 0xc0, 0x0, 0x7f, 0xf8, 0xaf, 0xf6,
    0x0, 0x1, 0x88, 0x5b, 0xff, 0x40, 0x0, 0x0,
    0x0, 0xbf, 0xf4, 0x0, 0x0, 0x0, 0xa, 0xff,
    0x60, 0x0, 0x2, 0x21, 0x5f, 0xfb, 0x0, 0x5,
    0xff, 0x80, 0xef, 0xfb, 0x68, 0xff, 0xf3, 0x3,
    0xef, 0xff, 0xff, 0xf7, 0x0, 0x1, 0x9e, 0xff,
    0xb4, 0x0, 0x0, 0x0, 0x9f, 0xe5, 0x0, 0x0,
    0x0, 0x4, 0xaf, 0xf2, 0x0, 0x0, 0x0, 0x4,
    0xff, 0x40, 0x0, 0x0, 0x5, 0xff, 0xe0, 0x0,
    0x0, 0x0, 0x6e, 0xa2, 0x0, 0x0,

    /* U+00E8 "è" */
    0x2, 0xef, 0xf1, 0x0, 0x0, 0x0, 0x0, 0x2e,
    0xfb, 0x0, 0x0, 0x0, 0x0, 0x3, 0xff, 0x50,
    0x0, 0x0, 0x0, 0x0, 0x0, 0x0, 0x0, 0x0,
    0x0, 0x0, 0x0, 0x0, 0x0, 0x0, 0x0, 0x8,
    0xdf, 0xfc, 0x50, 0x0, 0x2, 0xdf, 0xff, 0xff,
    0xf9, 0x0, 0xd, 0xff, 0xd7, 0x8f, 0xff, 0x50,
    0x5f, 0xfd, 0x0, 0x3, 0xff, 0xc0, 0xaf, 0xf7,
    0x11, 0x11, 0xdf, 0xf0, 0xcf, 0xff, 0xff, 0xff,
    0xff, 0xf1, 0xcf, 0xff, 0xff, 0xff, 0xff, 0xf2,
    0xbf, 0xf6, 0x0, 0x0, 0x0, 0x0, 0x6f, 0xfd,
    0x10, 0x0, 0x17, 0x0, 0xd, 0xff, 0xe8, 0x79,
    0xef, 0x80, 0x2, 0xdf, 0xff, 0xff, 0xff, 0x40,
    0x0, 0x7, 0xcf, 0xfd, 0x92, 0x0,

    /* U+00E9 "é" */
    0x0, 0x0, 0x2, 0xff, 0xe2, 0x0, 0x0, 0x0,
    0xc, 0xfe, 0x20, 0x0, 0x0, 0x0, 0x7f, 0xe2,
    0x0, 0x0, 0x0, 0x0, 0x0, 0x0, 0x0, 0x0,
    0x0, 0x0, 0x0, 0x0, 0x0, 0x0, 0x0, 0x8,
    0xdf, 0xfc, 0x50, 0x0, 0x2, 0xdf, 0xff, 0xff,
    0xf9, 0x0, 0xd, 0xff, 0xd7, 0x8f, 0xff, 0x50,
    0x5f, 0xfd, 0x0, 0x3, 0xff, 0xc0, 0xaf, 0xf7,
    0x11, 0x11, 0xdf, 0xf0, 0xcf, 0xff, 0xff, 0xff,
    0xff, 0xf1, 0xcf, 0xff, 0xff, 0xff, 0xff, 0xf2,
    0xbf, 0xf6, 0x0, 0x0, 0x0, 0x0, 0x6f, 0xfd,
    0x10, 0x0, 0x17, 0x0, 0xd, 0xff, 0xe8, 0x79,
    0xef, 0x80, 0x2, 0xdf, 0xff, 0xff, 0xff, 0x40,
    0x0, 0x7, 0xcf, 0xfd, 0x92, 0x0,

    /* U+00EA "ê" */
    0x0, 0x2, 0xdf, 0xc1, 0x0, 0x0, 0x0, 0x3e,
    0xfd, 0xfe, 0x20, 0x0, 0x4, 0xff, 0x70, 0x8f,
    0xf3, 0x0, 0x0, 0x10, 0x0, 0x0, 0x10, 0x0,
    0x0, 0x0, 0x0, 0x0, 0x0, 0x0, 0x0, 0x8,
    0xdf, 0xfc, 0x50, 0x0, 0x2, 0xdf, 0xff, 0xff,
    0xf9, 0x0, 0xd, 0xff, 0xd7, 0x8f, 0xff, 0x50,
    0x5f, 0xfd, 0x0, 0x3, 0xff, 0xc0, 0xaf, 0xf7,
    0x11, 0x11, 0xdf, 0xf0, 0xcf, 0xff, 0xff, 0xff,
    0xff, 0xf1, 0xcf, 0xff, 0xff, 0xff, 0xff, 0xf2,
    0xbf, 0xf6, 0x0, 0x0, 0x0, 0x0, 0x6f, 0xfd,
    0x10, 0x0, 0x17, 0x0, 0xd, 0xff, 0xe8, 0x79,
    0xef, 0x80, 0x2, 0xdf, 0xff, 0xff, 0xff, 0x40,
    0x0, 0x7, 0xcf, 0xfd, 0x92, 0x0,

    /* U+00EB "ë" */
    0x4, 0xfd, 0x10, 0x2e, 0xe2, 0x0, 0x9, 0xff,
    0x30, 0x7f, 0xf6, 0x0, 0x2, 0xa8, 0x0, 0x19,
    0x90, 0x0, 0x0, 0x0, 0x0, 0x0, 0x0, 0x0,
    0x0, 0x0, 0x0, 0x0, 0x0, 0x0, 0x0, 0x8,
    0xdf, 0xfc, 0x50, 0x0, 0x2, 0xdf, 0xff, 0xff,
    0xf9, 0x0, 0xd, 0xff, 0xd7, 0x8f, 0xff, 0x50,
    0x5f, 0xfd, 0x0, 0x3, 0xff, 0xc0, 0xaf, 0xf7,
    0x11, 0x11, 0xdf, 0xf0, 0xcf, 0xff, 0xff, 0xff,
    0xff, 0xf1, 0xcf, 0xff, 0xff, 0xff, 0xff, 0xf2,
    0xbf, 0xf6, 0x0, 0x0, 0x0, 0x0, 0x6f, 0xfd,
    0x10, 0x0, 0x17, 0x0, 0xd, 0xff, 0xe8, 0x79,
    0xef, 0x80, 0x2, 0xdf, 0xff, 0xff, 0xff, 0x40,
    0x0, 0x7, 0xcf, 0xfd, 0x92, 0x0,

    /* U+00EC "ì" */
    0x5, 0xff, 0xc0, 0x0, 0x0, 0x0, 0x6f, 0xf6,
    0x0, 0x0, 0x0, 0x7, 0xff, 0x10, 0x0, 0x0,
    0x0, 0x0, 0x0, 0x0, 0xdf, 0xff, 0xff, 0xa0,
    0x0, 0xdf, 0xff, 0xff, 0xa0, 0x0, 0x67, 0x7a,
    0xff, 0xa0, 0x0, 0x0, 0x6, 0xff, 0xa0, 0x0,
    0x0, 0x6, 0xff, 0xa0, 0x0, 0x0, 0x6, 0xff,
    0xa0, 0x0, 0x0, 0x6, 0xff, 0xa0, 0x0, 0x0,
    0x6, 0xff, 0xa0, 0x0, 0x0, 0x6, 0xff, 0xa0,
    0x0, 0x67, 0x7a, 0xff, 0xc7, 0x77, 0xdf, 0xff,
    0xff, 0xff, 0xff, 0xdf, 0xff, 0xff, 0xff, 0xff,

    /* U+00ED "í" */
    0x0, 0x0, 0x6, 0xff, 0xb0, 0x0, 0x0, 0x2f,
    0xfb, 0x0, 0x0, 0x0, 0xbf, 0xb0, 0x0, 0x0,
    0x0, 0x0, 0x0, 0x0, 0xdf, 0xff, 0xff, 0xa0,
    0x0, 0xdf, 0xff, 0xff, 0xa0, 0x0, 0x67, 0x7a,
    0xff, 0xa0, 0x0, 0x0, 0x6, 0xff, 0xa0, 0x0,
    0x0, 0x6, 0xff, 0xa0, 0x0, 0x0, 0x6, 0xff,
    0xa0, 0x0, 0x0, 0x6, 0xff, 0xa0, 0x0, 0x0,
    0x6, 0xff, 0xa0, 0x0, 0x0, 0x6, 0xff, 0xa0,
    0x0, 0x67, 0x7a, 0xff, 0xc7, 0x77, 0xdf, 0xff,
    0xff, 0xff, 0xff, 0xdf, 0xff, 0xff, 0xff, 0xff,

    /* U+00EE "î" */
    0x0, 0x4, 0xff, 0x90, 0x0, 0x0, 0x6f, 0xfe,
    0xfb, 0x0, 0x7, 0xff, 0x41, 0xcf, 0xc0, 0x1,
    0x21, 0x0, 0x2, 0x20, 0x0, 0x0, 0x0, 0x0,
    0x0, 0xdf, 0xff, 0xff, 0xa0, 0x0, 0xdf, 0xff,
    0xff, 0xa0, 0x0, 0x67, 0x7a, 0xff, 0xa0, 0x0,
    0x0, 0x6, 0xff, 0xa0, 0x0, 0x0, 0x6, 0xff,
    0xa0, 0x0, 0x0, 0x6, 0xff, 0xa0, 0x0, 0x0,
    0x6, 0xff, 0xa0, 0x0, 0x0, 0x6, 0xff, 0xa0,
    0x0, 0x0, 0x6, 0xff, 0xa0, 0x0, 0x67, 0x7a,
    0xff, 0xc7, 0x77, 0xdf, 0xff, 0xff, 0xff, 0xff,
    0xdf, 0xff, 0xff, 0xff, 0xff,

    /* U+00EF "ï" */
    0x8, 0xf9, 0x0, 0x6f, 0xb0, 0xe, 0xff, 0x0,
    0xbf, 0xf1, 0x4, 0xb5, 0x0, 0x3a, 0x70, 0x0,
    0x0, 0x0, 0x0, 0x0, 0xdf, 0xff, 0xff, 0xa0,
    0x0, 0xdf, 0xff, 0xff, 0xa0, 0x0, 0x67, 0x7a,
    0xff, 0xa0, 0x0, 0x0, 0x6, 0xff, 0xa0, 0x0,
    0x0, 0x6, 0xff, 0xa0, 0x0, 0x0, 0x6, 0xff,
    0xa0, 0x0, 0x0, 0x6, 0xff, 0xa0, 0x0, 0x0,
    0x6, 0xff, 0xa0, 0x0, 0x0, 0x6, 0xff, 0xa0,
    0x0, 0x67, 0x7a, 0xff, 0xc7, 0x77, 0xdf, 0xff,
    0xff, 0xff, 0xff, 0xdf, 0xff, 0xff, 0xff, 0xff,

    /* U+00F0 "ð" */
    0x0, 0x0, 0xb, 0x91, 0x0, 0x50, 0x0, 0x0,
    0x2f, 0xff, 0x8d, 0xf5, 0x0, 0x0, 0x4e, 0xff,
    0xfe, 0x50, 0x0, 0x0, 0x1a, 0xff, 0xff, 0x20,
    0x0, 0x1, 0xff, 0x8a, 0xff, 0xb0, 0x0, 0x0,
    0x61, 0x1, 0xff, 0xf2, 0x0, 0x19, 0xef, 0xea,
    0xbf, 0xf7, 0x2, 0xef, 0xff, 0xff, 0xff, 0xfa,
    0xd, 0xff, 0xc5, 0x58, 0xff, 0xfc, 0x4f, 0xfe,
    0x0, 0x0, 0x3f, 0xfd, 0x8f, 0xf8, 0x0, 0x0,
    0x2f, 0xfd, 0x9f, 0xf6, 0x0, 0x0, 0x3f, 0xfb,
    0x8f, 0xf8, 0x0, 0x0, 0x7f, 0xf8, 0x3f, 0xfe,
    0x10, 0x1, 0xef, 0xf3, 0xc, 0xff, 0xe8, 0x8e,
    0xff, 0xa0, 0x1, 0xdf, 0xff, 0xff, 0xfc, 0x0,
    0x0, 0x7, 0xdf, 0xfc, 0x60, 0x0,

    /* U+00F1 "ñ" */
    0x0, 0x0, 0x0, 0x0, 0x0, 0x0, 0x5, 0xee,
    0x71, 0x4f, 0x50, 0x2, 0xff, 0xff, 0xff, 0xf2,
    0x0, 0x4e, 0x40, 0x6d, 0xe5, 0x0, 0x0, 0x0,
    0x0, 0x0, 0x0, 0x0, 0x0, 0x0, 0x0, 0x0,
    0x0, 0x7f, 0xf4, 0x3c, 0xff, 0xb3, 0x7, 0xff,
    0xaf, 0xff, 0xff, 0xf1, 0x7f, 0xff, 0xb7, 0x9f,
    0xff, 0x87, 0xff, 0xa0, 0x0, 0x5f, 0xfc, 0x7f,
    0xf8, 0x0, 0x1, 0xff, 0xe7, 0xff, 0x80, 0x0,
    0x1f, 0xfe, 0x7f, 0xf8, 0x0, 0x1, 0xff, 0xe7,
    0xff, 0x80, 0x0, 0x1f, 0xfe, 0x7f, 0xf8, 0x0,
    0x1, 0xff, 0xe7, 0xff, 0x80, 0x0, 0x1f, 0xfe,
    0x7f, 0xf8, 0x0, 0x1, 0xff, 0xe7, 0xff, 0x80,
    0x0, 0x1f, 0xfe,

    /* U+00F2 "ò" */
    0x0, 0xcf, 0xf4, 0x0, 0x0, 0x0, 0x0, 0x1d,
    0xfd, 0x0, 0x0, 0x0, 0x0, 0x1, 0xef, 0x80,
    0x0, 0x0, 0x0, 0x0, 0x0, 0x0, 0x0, 0x0,
    0x0, 0x0, 0x0, 0x0, 0x0, 0x0, 0x0, 0x2a,
    0xef, 0xeb, 0x30, 0x0, 0x4, 0xff, 0xff, 0xff,
    0xf6, 0x0, 0x1f, 0xff, 0xb7, 0xaf, 0xff, 0x30,
    0x7f, 0xfb, 0x0, 0x8, 0xff, 0xa0, 0xcf, 0xf4,
    0x0, 0x1, 0xff, 0xf0, 0xdf, 0xf1, 0x0, 0x0,
    0xff, 0xf0, 0xef, 0xf1, 0x0, 0x0, 0xff, 0xf0,
    0xcf, 0xf4, 0x0, 0x1, 0xff, 0xf0, 0x7f, 0xfa,
    0x0, 0x8, 0xff, 0xa0, 0x1f, 0xff, 0xb7, 0xaf,
    0xff, 0x30, 0x4, 0xff, 0xff, 0xff, 0xf7, 0x0,
    0x0, 0x2a, 0xef, 0xeb, 0x30, 0x0,

    /* U+00F3 "ó" */
    0x0, 0x0, 0x0, 0xef, 0xf4, 0x0, 0x0, 0x0,
    0x9, 0xff, 0x40, 0x0, 0x0, 0x0, 0x3f, 0xf4,
    0x0, 0x0, 0x0, 0x0, 0x0, 0x0, 0x0, 0x0,
    0x0, 0x0, 0x0, 0x0, 0x0, 0x0, 0x0, 0x2a,
    0xef, 0xeb, 0x30, 0x0, 0x4, 0xff, 0xff, 0xff,
    0xf6, 0x0, 0x1f, 0xff, 0xb7, 0xaf, 0xff, 0x30,
    0x7f, 0xfb, 0x0, 0x8, 0xff, 0xa0, 0xcf, 0xf4,
    0x0, 0x1, 0xff, 0xf0, 0xdf, 0xf1, 0x0, 0x0,
    0xff, 0xf0, 0xef, 0xf1, 0x0, 0x0, 0xff, 0xf0,
    0xcf, 0xf4, 0x0, 0x1, 0xff, 0xf0, 0x7f, 0xfa,
    0x0, 0x8, 0xff, 0xa0, 0x1f, 0xff, 0xb7, 0xaf,
    0xff, 0x30, 0x4, 0xff, 0xff, 0xff, 0xf7, 0x0,
    0x0, 0x2a, 0xef, 0xeb, 0x30, 0x0,

    /* U+00F4 "ô" */
    0x0, 0x0, 0xbf, 0xe3, 0x0, 0x0, 0x0, 0x1c,
    0xfd, 0xff, 0x40, 0x0, 0x2, 0xef, 0xa0, 0x6f,
    0xf5, 0x0, 0x0, 0x11, 0x0, 0x0, 0x10, 0x0,
    0x0, 0x0, 0x0, 0x0, 0x0, 0x0, 0x0, 0x2a,
    0xef, 0xeb, 0x30, 0x0, 0x4, 0xff, 0xff, 0xff,
    0xf6, 0x0, 0x1f, 0xff, 0xb7, 0xaf, 0xff, 0x30,
    0x7f, 0xfb, 0x0, 0x8, 0xff, 0xa0, 0xcf, 0xf4,
    0x0, 0x1, 0xff, 0xf0, 0xdf, 0xf1, 0x0, 0x0,
    0xff, 0xf0, 0xef, 0xf1, 0x0, 0x0, 0xff, 0xf0,
    0xcf, 0xf4, 0x0, 0x1, 0xff, 0xf0, 0x7f, 0xfa,
    0x0, 0x8, 0xff, 0xa0, 0x1f, 0xff, 0xb7, 0xaf,
    0xff, 0x30, 0x4, 0xff, 0xff, 0xff, 0xf7, 0x0,
    0x0, 0x2a, 0xef, 0xeb, 0x30, 0x0,

    /* U+00F5 "õ" */
    0x0, 0x0, 0x0, 0x0, 0x0, 0x0, 0x0, 0x4e,
    0xe8, 0x12, 0xf7, 0x0, 0x0, 0xef, 0xff, 0xff,
    0xf4, 0x0, 0x2, 0xe6, 0x5, 0xce, 0x70, 0x0,
    0x0, 0x0, 0x0, 0x0, 0x0, 0x0, 0x0, 0x0,
    0x0, 0x0, 0x0, 0x0, 0x0, 0x2a, 0xef, 0xeb,
    0x30, 0x0, 0x4, 0xff, 0xff, 0xff, 0xf6, 0x0,
    0x1f, 0xff, 0xb7, 0xaf, 0xff, 0x30, 0x7f, 0xfb,
    0x0, 0x8, 0xff, 0xa0, 0xcf, 0xf4, 0x0, 0x1,
    0xff, 0xf0, 0xdf, 0xf1, 0x0, 0x0, 0xff, 0xf0,
    0xef, 0xf1, 0x0, 0x0, 0xff, 0xf0, 0xcf, 0xf4,
    0x0, 0x1, 0xff, 0xf0, 0x7f, 0xfa, 0x0, 0x8,
    0xff, 0xa0, 0x1f, 0xff, 0xb7, 0xaf, 0xff, 0x30,
    0x4, 0xff, 0xff, 0xff, 0xf7, 0x0, 0x0, 0x2a,
    0xef, 0xeb, 0x30, 0x0,

    /* U+00F6 "ö" */
    0x2, 0xee, 0x20, 0x1d, 0xf4, 0x0, 0x6, 0xff,
    0x70, 0x3f, 0xf9, 0x0, 0x0, 0x99, 0x10, 0x8,
    0xa2, 0x0, 0x0, 0x0, 0x0, 0x0, 0x0, 0x0,
    0x0, 0x0, 0x0, 0x0, 0x0, 0x0, 0x0, 0x2a,
    0xef, 0xeb, 0x30, 0x0, 0x4, 0xff, 0xff, 0xff,
    0xf6, 0x0, 0x1f, 0xff, 0xb7, 0xaf, 0xff, 0x30,
    0x7f, 0xfb, 0x0, 0x8, 0xff, 0xa0, 0xcf, 0xf4,
    0x0, 0x1, 0xff, 0xf0, 0xdf, 0xf1, 0x0, 0x0,
    0xff, 0xf0, 0xef, 0xf1, 0x0, 0x0, 0xff, 0xf0,
    0xcf, 0xf4, 0x0, 0x1, 0xff, 0xf0, 0x7f, 0xfa,
    0x0, 0x8, 0xff, 0xa0, 0x1f, 0xff, 0xb7, 0xaf,
    0xff, 0x30, 0x4, 0xff, 0xff, 0xff, 0xf7, 0x0,
    0x0, 0x2a, 0xef, 0xeb, 0x30, 0x0,

    /* U+00F7 "÷" */
    0x0, 0x0, 0x8f, 0xc0, 0x0, 0x0, 0x0, 0x0,
    0xff, 0xf3, 0x0, 0x0, 0x0, 0x0, 0x9f, 0xd0,
    0x0, 0x0, 0x0, 0x0, 0x0, 0x0, 0x0, 0x0,
    0x0, 0x0, 0x0, 0x0, 0x0, 0x0, 0xdf, 0xff,
    0xff, 0xff, 0xff, 0xf2, 0xdf, 0xff, 0xff, 0xff,
    0xff, 0xf2, 0x67, 0x77, 0x77, 0x77, 0x77, 0x71,
    0x0, 0x0, 0x1, 0x0, 0x0, 0x0, 0x0, 0x0,
    0xaf, 0xd0, 0x0, 0x0, 0x0, 0x0, 0xff, 0xf3,
    0x0, 0x0, 0x0, 0x0, 0x9f, 0xb0, 0x0, 0x0,

    /* U+00F8 "ø" */
    0x0, 0x0, 0x0, 0x0, 0x57, 0x0, 0x0, 0x0,
    0x0, 0x0, 0xfa, 0x0, 0x0, 0x2a, 0xef, 0xed,
    0xf3, 0x0, 0x4, 0xff, 0xff, 0xff, 0xf6, 0x0,
    0x1f, 0xff, 0xb7, 0xcf, 0xff, 0x30, 0x7f, 0xfb,
    0x0, 0xef, 0xff, 0xa0, 0xcf, 0xf4, 0x6, 0xf6,
    0xff, 0xf0, 0xef, 0xf1, 0xd, 0xc0, 0xff, 0xf0,
    0xdf, 0xf1, 0x6f, 0x40, 0xff, 0xf1, 0xcf, 0xf4,
    0xdc, 0x1, 0xff, 0xf0, 0x7f, 0xfe, 0xf4, 0x8,
    0xff, 0xa0, 0x1f, 0xff, 0xf7, 0xaf, 0xff, 0x30,
    0x4, 0xff, 0xff, 0xff, 0xf7, 0x0, 0x0, 0xde,
    0xef, 0xeb, 0x30, 0x0, 0x4, 0xf6, 0x0, 0x0,
    0x0, 0x0, 0x4, 0x80, 0x0, 0x0, 0x0, 0x0,

    /* U+00F9 "ù" */
    0x0, 0xcf, 0xf5, 0x0, 0x0, 0x0, 0x1, 0xdf,
    0xe0, 0x0, 0x0, 0x0, 0x1, 0xdf, 0x90, 0x0,
    0x0, 0x0, 0x0, 0x0, 0x0, 0x0, 0x6f, 0xf9,
    0x0, 0x3, 0xff, 0xd6, 0xff, 0x90, 0x0, 0x3f,
    0xfd, 0x6f, 0xf9, 0x0, 0x3, 0xff, 0xd6, 0xff,
    0x90, 0x0, 0x3f, 0xfd, 0x6f, 0xf9, 0x0, 0x3,
    0xff, 0xd6, 0xff, 0x90, 0x0, 0x3f, 0xfd, 0x6f,
    0xf9, 0x0, 0x3, 0xff, 0xd5, 0xff, 0x90, 0x0,
    0x3f, 0xfd, 0x4f, 0xfb, 0x0, 0x4, 0xff, 0xd0,
    0xff, 0xf7, 0x46, 0xef, 0xfd, 0x7, 0xff, 0xff,
    0xfc, 0xff, 0xd0, 0x6, 0xdf, 0xe8, 0xf, 0xfd,

    /* U+00FA "ú" */
    0x0, 0x0, 0x0, 0xdf, 0xf4, 0x0, 0x0, 0x0,
    0x9f, 0xf4, 0x0, 0x0, 0x0, 0x3f, 0xf4, 0x0,
    0x0, 0x0, 0x0, 0x0, 0x0, 0x0, 0x6f, 0xf9,
    0x0, 0x3, 0xff, 0xd6, 0xff, 0x90, 0x0, 0x3f,
    0xfd, 0x6f, 0xf9, 0x0, 0x3, 0xff, 0xd6, 0xff,
    0x90, 0x0, 0x3f, 0xfd, 0x6f, 0xf9, 0x0, 0x3,
    0xff, 0xd6, 0xff, 0x90, 0x0, 0x3f, 0xfd, 0x6f,
    0xf9, 0x0, 0x3, 0xff, 0xd5, 0xff, 0x90, 0x0,
    0x3f, 0xfd, 0x4f, 0xfb, 0x0, 0x4, 0xff, 0xd0,
    0xff, 0xf7, 0x46, 0xef, 0xfd, 0x7, 0xff, 0xff,
    0xfc, 0xff, 0xd0, 0x6, 0xdf, 0xe8, 0xf, 0xfd,

    /* U+00FB "û" */
    0x0, 0x0, 0xbf, 0xe3, 0x0, 0x0, 0x1, 0xcf,
    0xdf, 0xf4, 0x0, 0x1, 0xdf, 0xa0, 0x5f, 0xf5,
    0x0, 0x1, 0x10, 0x0, 0x11, 0x10, 0x0, 0x0,
    0x0, 0x0, 0x0, 0x6, 0xff, 0x90, 0x0, 0x3f,
    0xfd, 0x6f, 0xf9, 0x0, 0x3, 0xff, 0xd6, 0xff,
    0x90, 0x0, 0x3f, 0xfd, 0x6f, 0xf9, 0x0, 0x3,
    0xff, 0xd6, 0xff, 0x90, 0x0, 0x3f, 0xfd, 0x6f,
    0xf9, 0x0, 0x3, 0xff, 0xd6, 0xff, 0x90, 0x0,
    0x3f, 0xfd, 0x5f, 0xf9, 0x0, 0x3, 0xff, 0xd4,
    0xff, 0xb0, 0x0, 0x4f, 0xfd, 0xf, 0xff, 0x74,
    0x6e, 0xff, 0xd0, 0x7f, 0xff, 0xff, 0xcf, 0xfd,
    0x0, 0x6d, 0xfe, 0x80, 0xff, 0xd0,

    /* U+00FC "ü" */
    0x2, 0xde, 0x30, 0xc, 0xf5, 0x0, 0x5f, 0xf7,
    0x3, 0xff, 0xa0, 0x0, 0x99, 0x10, 0x8, 0xa2,
    0x0, 0x0, 0x0, 0x0, 0x0, 0x0, 0x6f, 0xf9,
    0x0, 0x3, 0xff, 0xd6, 0xff, 0x90, 0x0, 0x3f,
    0xfd, 0x6f, 0xf9, 0x0, 0x3, 0xff, 0xd6, 0xff,
    0x90, 0x0, 0x3f, 0xfd, 0x6f, 0xf9, 0x0, 0x3,
    0xff, 0xd6, 0xff, 0x90, 0x0, 0x3f, 0xfd, 0x6f,
    0xf9, 0x0, 0x3, 0xff, 0xd5, 0xff, 0x90, 0x0,
    0x3f, 0xfd, 0x4f, 0xfb, 0x0, 0x4, 0xff, 0xd0,
    0xff, 0xf7, 0x46, 0xef, 0xfd, 0x7, 0xff, 0xff,
    0xfc, 0xff, 0xd0, 0x6, 0xdf, 0xe8, 0xf, 0xfd,

    /* U+00FD "ý" */
    0x0, 0x0, 0x0, 0xa, 0xff, 0x70, 0x0, 0x0,
    0x0, 0x0, 0x4f, 0xf8, 0x0, 0x0, 0x0, 0x0,
    0x1, 0xef, 0x80, 0x0, 0x0, 0x0, 0x0, 0x0,
    0x0, 0x0, 0x0, 0x0, 0x3f, 0xff, 0x0, 0x0,
    0x4, 0xff, 0xf0, 0xc, 0xff, 0x60, 0x0, 0xa,
    0xff, 0x90, 0x6, 0xff, 0xc0, 0x0, 0xf, 0xff,
    0x20, 0x0, 0xef, 0xf2, 0x0, 0x6f, 0xfb, 0x0,
    0x0, 0x8f, 0xf8, 0x0, 0xcf, 0xf4, 0x0, 0x0,
    0x2f, 0xfd, 0x2, 0xff, 0xd0, 0x0, 0x0, 0xb,
    0xff, 0x48, 0xff, 0x70, 0x0, 0x0, 0x4, 0xff,
    0x9d, 0xff, 0x10, 0x0, 0x0, 0x0, 0xdf, 0xff,
    0xf9, 0x0, 0x0, 0x0, 0x0, 0x6f, 0xff, 0xf3,
    0x0, 0x0, 0x0, 0x0, 0xf, 0xff, 0xc0, 0x0,
    0x0, 0x0, 0x0, 0xa, 0xff, 0x50, 0x0, 0x0,
    0x0, 0x0, 0xe, 0xfe, 0x0, 0x0, 0x0, 0x0,
    0x0, 0x8f, 0xf7, 0x0, 0x0, 0x0, 0x0, 0x69,
    0xff, 0xf1, 0x0, 0x0, 0x0, 0x0, 0xef, 0xff,
    0x60, 0x0, 0x0, 0x0, 0x0, 0xef, 0xd5, 0x0,
    0x0, 0x0, 0x0,

    /* U+00FE "þ" */
    0x7f, 0xf8, 0x0, 0x0, 0x0, 0x7, 0xff, 0x80,
    0x0, 0x0, 0x0, 0x7f, 0xf8, 0x0, 0x0, 0x0,
    0x7, 0xff, 0x80, 0x0, 0x0, 0x0, 0x7f, 0xf8,
    0x0, 0x0, 0x0, 0x7, 0xff, 0x98, 0xef, 0xd7,
    0x0, 0x7f, 0xff, 0xff, 0xff, 0xfa, 0x7, 0xff,
    0xfb, 0x7a, 0xff, 0xf4, 0x7f, 0xfa, 0x0, 0x9,
    0xff, 0xa7, 0xff, 0x80, 0x0, 0x3f, 0xfd, 0x7f,
    0xf8, 0x0, 0x0, 0xff, 0xf7, 0xff, 0x80, 0x0,
    0xf, 0xff, 0x7f, 0xf8, 0x0, 0x2, 0xff, 0xd7,
    0xff, 0xa0, 0x0, 0x9f, 0xfa, 0x7f, 0xff, 0xb7,
    0xaf, 0xff, 0x47, 0xff, 0xff, 0xff, 0xff, 0x90,
    0x7f, 0xf9, 0x8e, 0xfd, 0x70, 0x7, 0xff, 0x80,
    0x0, 0x0, 0x0, 0x7f, 0xf8, 0x0, 0x0, 0x0,
    0x7, 0xff, 0x80, 0x0, 0x0, 0x0, 0x7f, 0xf8,
    0x0, 0x0, 0x0, 0x7, 0xff, 0x80, 0x0, 0x0,
    0x0,

    /* U+00FF "ÿ" */
    0x0, 0xb, 0xf6, 0x0, 0x9f, 0x80, 0x0, 0x0,
    0x1f, 0xfb, 0x0, 0xff, 0xe0, 0x0, 0x0, 0x7,
    0xa3, 0x0, 0x5a, 0x40, 0x0, 0x0, 0x0, 0x0,
    0x0, 0x0, 0x0, 0x0, 0x3f, 0xff, 0x0, 0x0,
    0x4, 0xff, 0xf0, 0xc, 0xff, 0x60, 0x0, 0xa,
    0xff, 0x90, 0x6, 0xff, 0xc0, 0x0, 0xf, 0xff,
    0x20, 0x0, 0xef, 0xf2, 0x0, 0x6f, 0xfb, 0x0,
    0x0, 0x8f, 0xf8, 0x0, 0xcf, 0xf4, 0x0, 0x0,
    0x2f, 0xfd, 0x2, 0xff, 0xd0, 0x0, 0x0, 0xb,
    0xff, 0x48, 0xff, 0x70, 0x0, 0x0, 0x4, 0xff,
    0x9d, 0xff, 0x10, 0x0, 0x0, 0x0, 0xdf, 0xff,
    0xf9, 0x0, 0x0, 0x0, 0x0, 0x6f, 0xff, 0xf3,
    0x0, 0x0, 0x0, 0x0, 0xf, 0xff, 0xc0, 0x0,
    0x0, 0x0, 0x0, 0xa, 0xff, 0x50, 0x0, 0x0,
    0x0, 0x0, 0xe, 0xfe, 0x0, 0x0, 0x0, 0x0,
    0x0, 0x8f, 0xf7, 0x0, 0x0, 0x0, 0x0, 0x69,
    0xff, 0xf1, 0x0, 0x0, 0x0, 0x0, 0xef, 0xff,
    0x60, 0x0, 0x0, 0x0, 0x0, 0xef, 0xd5, 0x0,
    0x0, 0x0, 0x0
};


/*---------------------
 *  GLYPH DESCRIPTION
 *--------------------*/

static const lv_font_fmt_txt_glyph_dsc_t glyph_dsc[] = {
    {.bitmap_index = 0, .adv_w = 0, .box_w = 0, .box_h = 0, .ofs_x = 0, .ofs_y = 0} /* id = 0 reserved */,
    {.bitmap_index = 0, .adv_w = 211, .box_w = 0, .box_h = 0, .ofs_x = 0, .ofs_y = 0},
    {.bitmap_index = 0, .adv_w = 211, .box_w = 5, .box_h = 16, .ofs_x = 4, .ofs_y = 0},
    {.bitmap_index = 40, .adv_w = 211, .box_w = 7, .box_h = 6, .ofs_x = 3, .ofs_y = 11},
    {.bitmap_index = 61, .adv_w = 211, .box_w = 13, .box_h = 16, .ofs_x = 0, .ofs_y = 0},
    {.bitmap_index = 165, .adv_w = 211, .box_w = 12, .box_h = 21, .ofs_x = 1, .ofs_y = -2},
    {.bitmap_index = 291, .adv_w = 211, .box_w = 13, .box_h = 16, .ofs_x = 0, .ofs_y = 0},
    {.bitmap_index = 395, .adv_w = 211, .box_w = 14, .box_h = 16, .ofs_x = 0, .ofs_y = 0},
    {.bitmap_index = 507, .adv_w = 211, .box_w = 4, .box_h = 6, .ofs_x = 4, .ofs_y = 11},
    {.bitmap_index = 519, .adv_w = 211, .box_w = 7, .box_h = 23, .ofs_x = 3, .ofs_y = -5},
    {.bitmap_index = 600, .adv_w = 211, .box_w = 7, .box_h = 23, .ofs_x = 3, .ofs_y = -5},
    {.bitmap_index = 681, .adv_w = 211, .box_w = 12, .box_h = 12, .ofs_x = 1, .ofs_y = 4},
    {.bitmap_index = 753, .adv_w = 211, .box_w = 11, .box_h = 12, .ofs_x = 1, .ofs_y = 2},
    {.bitmap_index = 819, .adv_w = 211, .box_w = 5, .box_h = 8, .ofs_x = 3, .ofs_y = -5},
    {.bitmap_index = 839, .adv_w = 211, .box_w = 9, .box_h = 3, .ofs_x = 3, .ofs_y = 6},
    {.bitmap_index = 853, .adv_w = 211, .box_w = 5, .box_h = 4, .ofs_x = 4, .ofs_y = 0},
    {.bitmap_index = 863, .adv_w = 211, .box_w = 9, .box_h = 17, .ofs_x = 2, .ofs_y = -1},
    {.bitmap_index = 940, .adv_w = 211, .box_w = 11, .box_h = 16, .ofs_x = 1, .ofs_y = 0},
    {.bitmap_index = 1028, .adv_w = 211, .box_w = 8, .box_h = 16, .ofs_x = 1, .ofs_y = 0},
    {.bitmap_index = 1092, .adv_w = 211, .box_w = 12, .box_h = 16, .ofs_x = 0, .ofs_y = 0},
    {.bitmap_index = 1188, .adv_w = 211, .box_w = 11, .box_h = 16, .ofs_x = 1, .ofs_y = 0},
    {.bitmap_index = 1276, .adv_w = 211, .box_w = 13, .box_h = 16, .ofs_x = 0, .ofs_y = 0},
    {.bitmap_index = 1380, .adv_w = 211, .box_w = 11, .box_h = 16, .ofs_x = 1, .ofs_y = 0},
    {.bitmap_index = 1468, .adv_w = 211, .box_w = 11, .box_h = 16, .ofs_x = 1, .ofs_y = 0},
    {.bitmap_index = 1556, .adv_w = 211, .box_w = 12, .box_h = 16, .ofs_x = 0, .ofs_y = 0},
    {.bitmap_index = 1652, .adv_w = 211, .box_w = 11, .box_h = 16, .ofs_x = 1, .ofs_y = 0},
    {.bitmap_index = 1740, .adv_w = 211, .box_w = 11, .box_h = 16, .ofs_x = 1, .ofs_y = 0},
    {.bitmap_index = 1828, .adv_w = 211, .box_w = 5, .box_h = 13, .ofs_x = 4, .ofs_y = 0},
    {.bitmap_index = 1861, .adv_w = 211, .box_w = 6, .box_h = 18, .ofs_x = 4, .ofs_y = -5},
    {.bitmap_index = 1915, .adv_w = 211, .box_w = 11, .box_h = 11, .ofs_x = 1, .ofs_y = 1},
    {.bitmap_index = 1976, .adv_w = 211, .box_w = 11, .box_h = 7, .ofs_x = 1, .ofs_y = 3},
    {.bitmap_index = 2015, .adv_w = 211, .box_w = 11, .box_h = 11, .ofs_x = 1, .ofs_y = 1},
    {.bitmap_index = 2076, .adv_w = 211, .box_w = 11, .box_h = 16, .ofs_x = 1, .ofs_y = 0},
    {.bitmap_index = 2164, .adv_w = 211, .box_w = 13, .box_h = 16, .ofs_x = 0, .ofs_y = 0},
    {.bitmap_index = 2268, .adv_w = 211, .box_w = 14, .box_h = 16, .ofs_x = 0, .ofs_y = 0},
    {.bitmap_index = 2380, .adv_w = 211, .box_w = 12, .box_h = 16, .ofs_x = 1, .ofs_y = 0},
    {.bitmap_index = 2476, .adv_w = 211, .box_w = 13, .box_h = 16, .ofs_x = 0, .ofs_y = 0},
    {.bitmap_index = 2580, .adv_w = 211, .box_w = 12, .box_h = 16, .ofs_x = 1, .ofs_y = 0},
    {.bitmap_index = 2676, .adv_w = 211, .box_w = 12, .box_h = 16, .ofs_x = 1, .ofs_y = 0},
    {.bitmap_index = 2772, .adv_w = 211, .box_w = 12, .box_h = 16, .ofs_x = 1, .ofs_y = 0},
    {.bitmap_index = 2868, .adv_w = 211, .box_w = 13, .box_h = 16, .ofs_x = 0, .ofs_y = 0},
    {.bitmap_index = 2972, .adv_w = 211, .box_w = 11, .box_h = 16, .ofs_x = 1, .ofs_y = 0},
    {.bitmap_index = 3060, .adv_w = 211, .box_w = 10, .box_h = 16, .ofs_x = 2, .ofs_y = 0},
    {.bitmap_index = 3140, .adv_w = 211, .box_w = 11, .box_h = 16, .ofs_x = 1, .ofs_y = 0},
    {.bitmap_index = 3228, .adv_w = 211, .box_w = 13, .box_h = 16, .ofs_x = 1, .ofs_y = 0},
    {.bitmap_index = 3332, .adv_w = 211, .box_w = 11, .box_h = 16, .ofs_x = 1, .ofs_y = 0},
    {.bitmap_index = 3420, .adv_w = 211, .box_w = 12, .box_h = 16, .ofs_x = 1, .ofs_y = 0},
    {.bitmap_index = 3516, .adv_w = 211, .box_w = 11, .box_h = 16, .ofs_x = 1, .ofs_y = 0},
    {.bitmap_index = 3604, .adv_w = 211, .box_w = 13, .box_h = 16, .ofs_x = 0, .ofs_y = 0},
    {.bitmap_index = 3708, .adv_w = 211, .box_w = 12, .box_h = 16, .ofs_x = 1, .ofs_y = 0},
    {.bitmap_index = 3804, .adv_w = 211, .box_w = 14, .box_h = 19, .ofs_x = 0, .ofs_y = -3},
    {.bitmap_index = 3937, .adv_w = 211, .box_w = 12, .box_h = 16, .ofs_x = 1, .ofs_y = 0},
    {.bitmap_index = 4033, .adv_w = 211, .box_w = 13, .box_h = 16, .ofs_x = 0, .ofs_y = 0},
    {.bitmap_index = 4137, .adv_w = 211, .box_w = 13, .box_h = 16, .ofs_x = 0, .ofs_y = 0},
    {.bitmap_index = 4241, .adv_w = 211, .box_w = 11, .box_h = 16, .ofs_x = 1, .ofs_y = 0},
    {.bitmap_index = 4329, .adv_w = 211, .box_w = 13, .box_h = 16, .ofs_x = 0, .ofs_y = 0},
    {.bitmap_index = 4433, .adv_w = 211, .box_w = 13, .box_h = 16, .ofs_x = 0, .ofs_y = 0},
    {.bitmap_index = 4537, .adv_w = 211, .box_w = 14, .box_h = 16, .ofs_x = 0, .ofs_y = 0},
    {.bitmap_index = 4649, .adv_w = 211, .box_w = 14, .box_h = 16, .ofs_x = 0, .ofs_y = 0},
    {.bitmap_index = 4761, .adv_w = 211, .box_w = 13, .box_h = 16, .ofs_x = 0, .ofs_y = 0},
    {.bitmap_index = 4865, .adv_w = 211, .box_w = 6, .box_h = 22, .ofs_x = 4, .ofs_y = -4},
    {.bitmap_index = 4931, .adv_w = 211, .box_w = 10, .box_h = 17, .ofs_x = 2, .ofs_y = -1},
    {.bitmap_index = 5016, .adv_w = 211, .box_w = 6, .box_h = 22, .ofs_x = 4, .ofs_y = -4},
    {.bitmap_index = 5082, .adv_w = 211, .box_w = 10, .box_h = 9, .ofs_x = 2, .ofs_y = 7},
    {.bitmap_index = 5127, .adv_w = 211, .box_w = 11, .box_h = 3, .ofs_x = 1, .ofs_y = -2},
    {.bitmap_index = 5144, .adv_w = 211, .box_w = 6, .box_h = 4, .ofs_x = 4, .ofs_y = 13},
    {.bitmap_index = 5156, .adv_w = 211, .box_w = 11, .box_h = 12, .ofs_x = 1, .ofs_y = 0},
    {.bitmap_index = 5222, .adv_w = 211, .box_w = 11, .box_h = 17, .ofs_x = 1, .ofs_y = 0},
    {.bitmap_index = 5316, .adv_w = 211, .box_w = 11, .box_h = 12, .ofs_x = 1, .ofs_y = 0},
    {.bitmap_index = 5382, .adv_w = 211, .box_w = 11, .box_h = 17, .ofs_x = 1, .ofs_y = 0},
    {.bitmap_index = 5476, .adv_w = 211, .box_w = 12, .box_h = 12, .ofs_x = 1, .ofs_y = 0},
    {.bitmap_index = 5548, .adv_w = 211, .box_w = 12, .box_h = 17, .ofs_x = 1, .ofs_y = 0},
    {.bitmap_index = 5650, .adv_w = 211, .box_w = 11, .box_h = 17, .ofs_x = 1, .ofs_y = -5},
    {.bitmap_index = 5744, .adv_w = 211, .box_w = 11, .box_h = 17, .ofs_x = 1, .ofs_y = 0},
    {.bitmap_index = 5838, .adv_w = 211, .box_w = 10, .box_h = 17, .ofs_x = 2, .ofs_y = 0},
    {.bitmap_index = 5923, .adv_w = 211, .box_w = 8, .box_h = 22, .ofs_x = 2, .ofs_y = -5},
    {.bitmap_index = 6011, .adv_w = 211, .box_w = 12, .box_h = 17, .ofs_x = 1, .ofs_y = 0},
    {.bitmap_index = 6113, .adv_w = 211, .box_w = 10, .box_h = 17, .ofs_x = 2, .ofs_y = 0},
    {.bitmap_index = 6198, .adv_w = 211, .box_w = 13, .box_h = 12, .ofs_x = 0, .ofs_y = 0},
    {.bitmap_index = 6276, .adv_w = 211, .box_w = 11, .box_h = 12, .ofs_x = 1, .ofs_y = 0},
    {.bitmap_index = 6342, .adv_w = 211, .box_w = 12, .box_h = 12, .ofs_x = 1, .ofs_y = 0},
    {.bitmap_index = 6414, .adv_w = 211, .box_w = 11, .box_h = 17, .ofs_x = 1, .ofs_y = -5},
    {.bitmap_index = 6508, .adv_w = 211, .box_w = 11, .box_h = 17, .ofs_x = 1, .ofs_y = -5},
    {.bitmap_index = 6602, .adv_w = 211, .box_w = 10, .box_h = 12, .ofs_x = 3, .ofs_y = 0},
    {.bitmap_index = 6662, .adv_w = 211, .box_w = 11, .box_h = 12, .ofs_x = 1, .ofs_y = 0},
    {.bitmap_index = 6728, .adv_w = 211, .box_w = 11, .box_h = 15, .ofs_x = 1, .ofs_y = 0},
    {.bitmap_index = 6811, .adv_w = 211, .box_w = 11, .box_h = 12, .ofs_x = 1, .ofs_y = 0},
    {.bitmap_index = 6877, .adv_w = 211, .box_w = 13, .box_h = 12, .ofs_x = 0, .ofs_y = 0},
    {.bitmap_index = 6955, .adv_w = 211, .box_w = 13, .box_h = 12, .ofs_x = 0, .ofs_y = 0},
    {.bitmap_index = 7033, .adv_w = 211, .box_w = 13, .box_h = 12, .ofs_x = 0, .ofs_y = 0},
    {.bitmap_index = 7111, .adv_w = 211, .box_w = 14, .box_h = 17, .ofs_x = 0, .ofs_y = -5},
    {.bitmap_index = 7230, .adv_w = 211, .box_w = 12, .box_h = 12, .ofs_x = 1, .ofs_y = 0},
    {.bitmap_index = 7302, .adv_w = 211, .box_w = 8, .box_h = 21, .ofs_x = 3, .ofs_y = -4},
    {.bitmap_index = 7386, .adv_w = 211, .box_w = 3, .box_h = 21, .ofs_x = 5, .ofs_y = -5},
    {.bitmap_index = 7418, .adv_w = 211, .box_w = 8, .box_h = 21, .ofs_x = 3, .ofs_y = -4},
    {.bitmap_index = 7502, .adv_w = 211, .box_w = 13, .box_h = 5, .ofs_x = 0, .ofs_y = 4},
    {.bitmap_index = 7535, .adv_w = 211, .box_w = 0, .box_h = 0, .ofs_x = 0, .ofs_y = 0},
    {.bitmap_index = 7535, .adv_w = 211, .box_w = 4, .box_h = 17, .ofs_x = 5, .ofs_y = -5},
    {.bitmap_index = 7569, .adv_w = 211, .box_w = 11, .box_h = 17, .ofs_x = 1, .ofs_y = -3},
    {.bitmap_index = 7663, .adv_w = 211, .box_w = 12, .box_h = 16, .ofs_x = 1, .ofs_y = 0},
    {.bitmap_index = 7759, .adv_w = 211, .box_w = 13, .box_h = 13, .ofs_x = 0, .ofs_y = -1},
    {.bitmap_index = 7844, .adv_w = 211, .box_w = 14, .box_h = 16, .ofs_x = 0, .ofs_y = 0},
    {.bitmap_index = 7956, .adv_w = 211, .box_w = 3, .box_h = 19, .ofs_x = 5, .ofs_y = -3},
    {.bitmap_index = 7985, .adv_w = 211, .box_w = 13, .box_h = 21, .ofs_x = 0, .ofs_y = -5},
    {.bitmap_index = 8122, .adv_w = 211, .box_w = 9, .box_h = 3, .ofs_x = 2, .ofs_y = 14},
    {.bitmap_index = 8136, .adv_w = 211, .box_w = 13, .box_h = 12, .ofs_x = 0, .ofs_y = 0},
    {.bitmap_index = 8214, .adv_w = 211, .box_w = 9, .box_h = 9, .ofs_x = 2, .ofs_y = 7},
    {.bitmap_index = 8255, .adv_w = 211, .box_w = 10, .box_h = 9, .ofs_x = 2, .ofs_y = 1},
    {.bitmap_index = 8300, .adv_w = 211, .box_w = 10, .box_h = 5, .ofs_x = 1, .ofs_y = 4},
    {.bitmap_index = 8325, .adv_w = 211, .box_w = 9, .box_h = 3, .ofs_x = 3, .ofs_y = 6},
    {.bitmap_index = 8339, .adv_w = 211, .box_w = 13, .box_h = 13, .ofs_x = 0, .ofs_y = -1},
    {.bitmap_index = 8424, .adv_w = 211, .box_w = 9, .box_h = 2, .ofs_x = 2, .ofs_y = 14},
    {.bitmap_index = 8433, .adv_w = 211, .box_w = 7, .box_h = 6, .ofs_x = 3, .ofs_y = 10},
    {.bitmap_index = 8454, .adv_w = 211, .box_w = 11, .box_h = 14, .ofs_x = 1, .ofs_y = 0},
    {.bitmap_index = 8531, .adv_w = 211, .box_w = 8, .box_h = 9, .ofs_x = 3, .ofs_y = 7},
    {.bitmap_index = 8567, .adv_w = 211, .box_w = 8, .box_h = 9, .ofs_x = 3, .ofs_y = 7},
    {.bitmap_index = 8603, .adv_w = 211, .box_w = 6, .box_h = 4, .ofs_x = 4, .ofs_y = 13},
    {.bitmap_index = 8615, .adv_w = 211, .box_w = 12, .box_h = 17, .ofs_x = 1, .ofs_y = -5},
    {.bitmap_index = 8717, .adv_w = 211, .box_w = 9, .box_h = 16, .ofs_x = 2, .ofs_y = 0},
    {.bitmap_index = 8789, .adv_w = 211, .box_w = 4, .box_h = 4, .ofs_x = 5, .ofs_y = 6},
    {.bitmap_index = 8797, .adv_w = 211, .box_w = 5, .box_h = 5, .ofs_x = 4, .ofs_y = -5},
    {.bitmap_index = 8810, .adv_w = 211, .box_w = 5, .box_h = 9, .ofs_x = 4, .ofs_y = 7},
    {.bitmap_index = 8833, .adv_w = 211, .box_w = 9, .box_h = 9, .ofs_x = 2, .ofs_y = 7},
    {.bitmap_index = 8874, .adv_w = 211, .box_w = 10, .box_h = 9, .ofs_x = 2, .ofs_y = 1},
    {.bitmap_index = 8919, .adv_w = 211, .box_w = 13, .box_h = 16, .ofs_x = 0, .ofs_y = 0},
    {.bitmap_index = 9023, .adv_w = 211, .box_w = 13, .box_h = 16, .ofs_x = 0, .ofs_y = 0},
    {.bitmap_index = 9127, .adv_w = 211, .box_w = 14, .box_h = 16, .ofs_x = 0, .ofs_y = 0},
    {.bitmap_index = 9239, .adv_w = 211, .box_w = 10, .box_h = 17, .ofs_x = 2, .ofs_y = -5},
    {.bitmap_index = 9324, .adv_w = 211, .box_w = 14, .box_h = 20, .ofs_x = 0, .ofs_y = 0},
    {.bitmap_index = 9464, .adv_w = 211, .box_w = 14, .box_h = 20, .ofs_x = 0, .ofs_y = 0},
    {.bitmap_index = 9604, .adv_w = 211, .box_w = 14, .box_h = 21, .ofs_x = 0, .ofs_y = 0},
    {.bitmap_index = 9751, .adv_w = 211, .box_w = 14, .box_h = 22, .ofs_x = 0, .ofs_y = 0},
    {.bitmap_index = 9905, .adv_w = 211, .box_w = 14, .box_h = 20, .ofs_x = 0, .ofs_y = 0},
    {.bitmap_index = 10045, .adv_w = 211, .box_w = 14, .box_h = 21, .ofs_x = 0, .ofs_y = 0},
    {.bitmap_index = 10192, .adv_w = 211, .box_w = 13, .box_h = 16, .ofs_x = 0, .ofs_y = 0},
    {.bitmap_index = 10296, .adv_w = 211, .box_w = 13, .box_h = 21, .ofs_x = 0, .ofs_y = -5},
    {.bitmap_index = 10433, .adv_w = 211, .box_w = 12, .box_h = 20, .ofs_x = 1, .ofs_y = 0},
    {.bitmap_index = 10553, .adv_w = 211, .box_w = 12, .box_h = 20, .ofs_x = 1, .ofs_y = 0},
    {.bitmap_index = 10673, .adv_w = 211, .box_w = 12, .box_h = 20, .ofs_x = 1, .ofs_y = 0},
    {.bitmap_index = 10793, .adv_w = 211, .box_w = 12, .box_h = 20, .ofs_x = 1, .ofs_y = 0},
    {.bitmap_index = 10913, .adv_w = 211, .box_w = 10, .box_h = 20, .ofs_x = 2, .ofs_y = 0},
    {.bitmap_index = 11013, .adv_w = 211, .box_w = 10, .box_h = 20, .ofs_x = 2, .ofs_y = 0},
    {.bitmap_index = 11113, .adv_w = 211, .box_w = 10, .box_h = 21, .ofs_x = 2, .ofs_y = 0},
    {.bitmap_index = 11218, .adv_w = 211, .box_w = 10, .box_h = 20, .ofs_x = 2, .ofs_y = 0},
    {.bitmap_index = 11318, .adv_w = 211, .box_w = 14, .box_h = 16, .ofs_x = -1, .ofs_y = 0},
    {.bitmap_index = 11430, .adv_w = 211, .box_w = 11, .box_h = 22, .ofs_x = 1, .ofs_y = 0},
    {.bitmap_index = 11551, .adv_w = 211, .box_w = 13, .box_h = 21, .ofs_x = 0, .ofs_y = 0},
    {.bitmap_index = 11688, .adv_w = 211, .box_w = 13, .box_h = 21, .ofs_x = 0, .ofs_y = 0},
    {.bitmap_index = 11825, .adv_w = 211, .box_w = 13, .box_h = 21, .ofs_x = 0, .ofs_y = 0},
    {.bitmap_index = 11962, .adv_w = 211, .box_w = 13, .box_h = 22, .ofs_x = 0, .ofs_y = 0},
    {.bitmap_index = 12105, .adv_w = 211, .box_w = 13, .box_h = 21, .ofs_x = 0, .ofs_y = 0},
    {.bitmap_index = 12242, .adv_w = 211, .box_w = 11, .box_h = 11, .ofs_x = 1, .ofs_y = 2},
    {.bitmap_index = 12303, .adv_w = 211, .box_w = 13, .box_h = 18, .ofs_x = 0, .ofs_y = -1},
    {.bitmap_index = 12420, .adv_w = 211, .box_w = 11, .box_h = 21, .ofs_x = 1, .ofs_y = 0},
    {.bitmap_index = 12536, .adv_w = 211, .box_w = 11, .box_h = 21, .ofs_x = 1, .ofs_y = 0},
    {.bitmap_index = 12652, .adv_w = 211, .box_w = 11, .box_h = 21, .ofs_x = 1, .ofs_y = 0},
    {.bitmap_index = 12768, .adv_w = 211, .box_w = 11, .box_h = 20, .ofs_x = 1, .ofs_y = 0},
    {.bitmap_index = 12878, .adv_w = 211, .box_w = 14, .box_h = 20, .ofs_x = 0, .ofs_y = 0},
    {.bitmap_index = 13018, .adv_w = 211, .box_w = 12, .box_h = 16, .ofs_x = 1, .ofs_y = 0},
    {.bitmap_index = 13114, .adv_w = 211, .box_w = 12, .box_h = 17, .ofs_x = 1, .ofs_y = 0},
    {.bitmap_index = 13216, .adv_w = 211, .box_w = 11, .box_h = 17, .ofs_x = 1, .ofs_y = 0},
    {.bitmap_index = 13310, .adv_w = 211, .box_w = 11, .box_h = 17, .ofs_x = 1, .ofs_y = 0},
    {.bitmap_index = 13404, .adv_w = 211, .box_w = 11, .box_h = 17, .ofs_x = 1, .ofs_y = 0},
    {.bitmap_index = 13498, .adv_w = 211, .box_w = 11, .box_h = 18, .ofs_x = 1, .ofs_y = 0},
    {.bitmap_index = 13597, .adv_w = 211, .box_w = 11, .box_h = 17, .ofs_x = 1, .ofs_y = 0},
    {.bitmap_index = 13691, .adv_w = 211, .box_w = 11, .box_h = 18, .ofs_x = 1, .ofs_y = 0},
    {.bitmap_index = 13790, .adv_w = 211, .box_w = 13, .box_h = 12, .ofs_x = 0, .ofs_y = 0},
    {.bitmap_index = 13868, .adv_w = 211, .box_w = 11, .box_h = 17, .ofs_x = 1, .ofs_y = -5},
    {.bitmap_index = 13962, .adv_w = 211, .box_w = 12, .box_h = 17, .ofs_x = 1, .ofs_y = 0},
    {.bitmap_index = 14064, .adv_w = 211, .box_w = 12, .box_h = 17, .ofs_x = 1, .ofs_y = 0},
    {.bitmap_index = 14166, .adv_w = 211, .box_w = 12, .box_h = 17, .ofs_x = 1, .ofs_y = 0},
    {.bitmap_index = 14268, .adv_w = 211, .box_w = 12, .box_h = 17, .ofs_x = 1, .ofs_y = 0},
    {.bitmap_index = 14370, .adv_w = 211, .box_w = 10, .box_h = 16, .ofs_x = 2, .ofs_y = 0},
    {.bitmap_index = 14450, .adv_w = 211, .box_w = 10, .box_h = 16, .ofs_x = 2, .ofs_y = 0},
    {.bitmap_index = 14530, .adv_w = 211, .box_w = 10, .box_h = 17, .ofs_x = 2, .ofs_y = 0},
    {.bitmap_index = 14615, .adv_w = 211, .box_w = 10, .box_h = 16, .ofs_x = 2, .ofs_y = 0},
    {.bitmap_index = 14695, .adv_w = 211, .box_w = 12, .box_h = 17, .ofs_x = 0, .ofs_y = 0},
    {.bitmap_index = 14797, .adv_w = 211, .box_w = 11, .box_h = 18, .ofs_x = 1, .ofs_y = 0},
    {.bitmap_index = 14896, .adv_w = 211, .box_w = 12, .box_h = 17, .ofs_x = 1, .ofs_y = 0},
    {.bitmap_index = 14998, .adv_w = 211, .box_w = 12, .box_h = 17, .ofs_x = 1, .ofs_y = 0},
    {.bitmap_index = 15100, .adv_w = 211, .box_w = 12, .box_h = 17, .ofs_x = 1, .ofs_y = 0},
    {.bitmap_index = 15202, .adv_w = 211, .box_w = 12, .box_h = 18, .ofs_x = 1, .ofs_y = 0},
    {.bitmap_index = 15310, .adv_w = 211, .box_w = 12, .box_h = 17, .ofs_x = 1, .ofs_y = 0},
    {.bitmap_index = 15412, .adv_w = 211, .box_w = 12, .box_h = 12, .ofs_x = 1, .ofs_y = 1},
    {.bitmap_index = 15484, .adv_w = 211, .box_w = 12, .box_h = 16, .ofs_x = 1, .ofs_y = -2},
    {.bitmap_index = 15580, .adv_w = 211, .box_w = 11, .box_h = 16, .ofs_x = 1, .ofs_y = 0},
    {.bitmap_index = 15668, .adv_w = 211, .box_w = 11, .box_h = 16, .ofs_x = 1, .ofs_y = 0},
    {.bitmap_index = 15756, .adv_w = 211, .box_w = 11, .box_h = 17, .ofs_x = 1, .ofs_y = 0},
    {.bitmap_index = 15850, .adv_w = 211, .box_w = 11, .box_h = 16, .ofs_x = 1, .ofs_y = 0},
    {.bitmap_index = 15938, .adv_w = 211, .box_w = 14, .box_h = 21, .ofs_x = 0, .ofs_y = -5},
    {.bitmap_index = 16085, .adv_w = 211, .box_w = 11, .box_h = 22, .ofs_x = 1, .ofs_y = -5},
    {.bitmap_index = 16206, .adv_w = 211, .box_w = 14, .box_h = 21, .ofs_x = 0, .ofs_y = -5}
};

/*---------------------
 *  CHARACTER MAPPING
 *--------------------*/



/*Collect the unicode lists and glyph_id offsets*/
static const lv_font_fmt_txt_cmap_t cmaps[] =
{
    {
        .range_start = 32, .range_length = 95, .glyph_id_start = 1,
        .unicode_list = NULL, .glyph_id_ofs_list = NULL, .list_length = 0, .type = LV_FONT_FMT_TXT_CMAP_FORMAT0_TINY
    },
    {
        .range_start = 160, .range_length = 96, .glyph_id_start = 96,
        .unicode_list = NULL, .glyph_id_ofs_list = NULL, .list_length = 0, .type = LV_FONT_FMT_TXT_CMAP_FORMAT0_TINY
    }
};



/*--------------------
 *  ALL CUSTOM DATA
 *--------------------*/

#if LVGL_VERSION_MAJOR == 8
/*Store all the custom data of the font*/
static  lv_font_fmt_txt_glyph_cache_t cache;
#endif

#if LVGL_VERSION_MAJOR >= 8
static const lv_font_fmt_txt_dsc_t font_dsc = {
#else
static lv_font_fmt_txt_dsc_t font_dsc = {
#endif
    .glyph_bitmap = glyph_bitmap,
    .glyph_dsc = glyph_dsc,
    .cmaps = cmaps,
    .kern_dsc = NULL,
    .kern_scale = 0,
    .cmap_num = 2,
    .bpp = 4,
    .kern_classes = 0,
    .bitmap_format = 0,
#if LVGL_VERSION_MAJOR == 8
    .cache = &cache
#endif
};



/*-----------------
 *  PUBLIC FONT
 *----------------*/

/*Initialize a public general font descriptor*/
#if LVGL_VERSION_MAJOR >= 8
const lv_font_t roboto_mono_bold_22 = {
#else
lv_font_t roboto_mono_bold_22 = {
#endif
    .get_glyph_dsc = lv_font_get_glyph_dsc_fmt_txt,    /*Function pointer to get glyph's data*/
    .get_glyph_bitmap = lv_font_get_bitmap_fmt_txt,    /*Function pointer to get glyph's bitmap*/
    .line_height = 27,          /*The maximum line height required by the font*/
    .base_line = 5,             /*Baseline measured from the bottom of the line*/
#if !(LVGL_VERSION_MAJOR == 6 && LVGL_VERSION_MINOR == 0)
    .subpx = LV_FONT_SUBPX_NONE,
#endif
#if LV_VERSION_CHECK(7, 4, 0) || LVGL_VERSION_MAJOR >= 8
    .underline_position = -2,
    .underline_thickness = 1,
#endif
    .dsc = &font_dsc,          /*The custom font data. Will be accessed by `get_glyph_bitmap/dsc` */
#if LV_VERSION_CHECK(8, 2, 0) || LVGL_VERSION_MAJOR >= 9
    .fallback = NULL,
#endif
    .user_data = NULL,
};



#endif /*#if ROBOTO_MONO_BOLD_22*/

