/*******************************************************************************
 * Size: 20 px
 * Bpp: 4
 * Opts: --font RobotoMono-Bold.ttf --size 20 --bpp 4 --format lvgl --lv-font-name roboto_mono_bold_20 --output roboto_mono_bold_20.c --range 0x20-0xFF --no-compress
 ******************************************************************************/
#include "lvgl.h"

#ifndef ROBOTO_MONO_BOLD_20
#define ROBOTO_MONO_BOLD_20 1
#endif

#if ROBOTO_MONO_BOLD_20

/*-----------------
 *    BITMAPS
 *----------------*/

/*Store the image of the glyphs*/
static LV_ATTRIBUTE_LARGE_CONST const uint8_t glyph_bitmap[] = {
    /* U+0020 " " */

    /* U+0021 "!" */
    0x6f, 0xf6, 0x5f, 0xf5, 0x5f, 0xf5, 0x5f, 0xf5,
    0x5f, 0xf5, 0x4f, 0xf4, 0x4f, 0xf4, 0x4f, 0xf4,
    0x4f, 0xf4, 0x17, 0x71, 0x0, 0x0, 0x0, 0x0,
    0x3f, 0xf3, 0x8f, 0xf8, 0x3e, 0xe3,

    /* U+0022 "\"" */
    0x4f, 0xc0, 0x3f, 0xc4, 0xfb, 0x3, 0xfb, 0x4f,
    0xa0, 0x3f, 0xa4, 0xf9, 0x3, 0xf9, 0x4f, 0x80,
    0x3f, 0x81, 0x42, 0x1, 0x42,

    /* U+0023 "#" */
    0x0, 0x0, 0xaf, 0x10, 0xed, 0x0, 0x0, 0x0,
    0xde, 0x1, 0xfa, 0x0, 0x0, 0x0, 0xfb, 0x4,
    0xf7, 0x0, 0x0, 0x3, 0xf8, 0x7, 0xf4, 0x0,
    0xd, 0xff, 0xff, 0xff, 0xff, 0xf4, 0x9, 0xbe,
    0xfb, 0xbf, 0xfb, 0xb3, 0x0, 0xb, 0xf1, 0xf,
    0xc0, 0x0, 0x0, 0xd, 0xe0, 0x2f, 0xa0, 0x0,
    0x0, 0xf, 0xc0, 0x4f, 0x70, 0x0, 0x6b, 0xbf,
    0xeb, 0xcf, 0xdb, 0x60, 0x9f, 0xff, 0xff, 0xff,
    0xff, 0x90, 0x0, 0x7f, 0x40, 0xbf, 0x0, 0x0,
    0x0, 0xaf, 0x10, 0xed, 0x0, 0x0, 0x0, 0xde,
    0x1, 0xfa, 0x0, 0x0, 0x0, 0xfb, 0x4, 0xf7,
    0x0, 0x0,

    /* U+0024 "$" */
    0x0, 0x0, 0x4f, 0x50, 0x0, 0x0, 0x0, 0x4,
    0xf5, 0x0, 0x0, 0x0, 0x29, 0xdf, 0xd8, 0x0,
    0x0, 0x3f, 0xff, 0xff, 0xfd, 0x10, 0xd, 0xff,
    0x86, 0xbf, 0xfa, 0x2, 0xff, 0x90, 0x0, 0xdf,
    0xf0, 0x3f, 0xf8, 0x0, 0x8, 0xdd, 0x10, 0xff,
    0xe3, 0x0, 0x0, 0x0, 0x8, 0xff, 0xfb, 0x40,
    0x0, 0x0, 0x7, 0xff, 0xff, 0xd3, 0x0, 0x0,
    0x1, 0x8e, 0xff, 0xf4, 0x0, 0x0, 0x0, 0x6,
    0xff, 0xd0, 0x7a, 0xa0, 0x0, 0xa, 0xff, 0x1a,
    0xff, 0x20, 0x0, 0xaf, 0xf1, 0x5f, 0xfd, 0x42,
    0x6f, 0xfe, 0x0, 0xbf, 0xff, 0xff, 0xff, 0x50,
    0x0, 0x7d, 0xff, 0xfb, 0x40, 0x0, 0x0, 0x7,
    0xf1, 0x0, 0x0, 0x0, 0x0, 0x7f, 0x10, 0x0,
    0x0,

    /* U+0025 "%" */
    0x8, 0xef, 0xa0, 0x0, 0x0, 0x0, 0x5f, 0xdc,
    0xf9, 0x0, 0x0, 0x0, 0x9f, 0x30, 0xfd, 0x2,
    0xe4, 0x0, 0xaf, 0x20, 0xee, 0xa, 0xf1, 0x0,
    0x8f, 0x62, 0xfc, 0x3f, 0x70, 0x0, 0x2f, 0xff,
    0xf5, 0xce, 0x0, 0x0, 0x2, 0x89, 0x44, 0xf6,
    0x0, 0x0, 0x0, 0x0, 0xd, 0xd0, 0x0, 0x0,
    0x0, 0x0, 0x5f, 0x54, 0x98, 0x20, 0x0, 0x0,
    0xec, 0x6f, 0xff, 0xf2, 0x0, 0x7, 0xf3, 0xdf,
    0x26, 0xf8, 0x0, 0xe, 0xb0, 0xee, 0x3, 0xfa,
    0x0, 0x7, 0x20, 0xef, 0x3, 0xf9, 0x0, 0x0,
    0x0, 0x9f, 0xcd, 0xf5, 0x0, 0x0, 0x0, 0xa,
    0xfe, 0x80,

    /* U+0026 "&" */
    0x0, 0x4, 0xcf, 0xe8, 0x0, 0x0, 0x0, 0x4,
    0xff, 0xff, 0xf8, 0x0, 0x0, 0x0, 0xcf, 0xe5,
    0x9f, 0xf0, 0x0, 0x0, 0xf, 0xf9, 0x2, 0xff,
    0x10, 0x0, 0x0, 0xef, 0xa0, 0x7f, 0xe0, 0x0,
    0x0, 0x9, 0xff, 0x9f, 0xf4, 0x0, 0x0, 0x0,
    0x2f, 0xff, 0xf4, 0x0, 0x0, 0x0, 0x4, 0xff,
    0xf9, 0x0, 0x24, 0x30, 0x4, 0xff, 0xff, 0xf4,
    0xa, 0xfa, 0x0, 0xef, 0xd2, 0xef, 0xe1, 0xef,
    0x80, 0x3f, 0xf8, 0x4, 0xff, 0xef, 0xf4, 0x3,
    0xff, 0x80, 0x8, 0xff, 0xfd, 0x0, 0xf, 0xff,
    0x54, 0x8f, 0xff, 0x60, 0x0, 0x7f, 0xff, 0xff,
    0xff, 0xfe, 0x10, 0x0, 0x5c, 0xff, 0xd7, 0x5f,
    0xfb, 0x0,

    /* U+0027 "'" */
    0x8f, 0x88, 0xf8, 0x8f, 0x78, 0xf6, 0x8f, 0x53,
    0x62,

    /* U+0028 "(" */
    0x0, 0x0, 0x0, 0x0, 0x1, 0xb7, 0x0, 0xc,
    0xf8, 0x0, 0x8f, 0xb0, 0x2, 0xff, 0x10, 0x9,
    0xf9, 0x0, 0xe, 0xf4, 0x0, 0x3f, 0xf0, 0x0,
    0x6f, 0xe0, 0x0, 0x8f, 0xc0, 0x0, 0x9f, 0xb0,
    0x0, 0x9f, 0xb0, 0x0, 0x9f, 0xb0, 0x0, 0x7f,
    0xd0, 0x0, 0x4f, 0xf0, 0x0, 0x1f, 0xf2, 0x0,
    0xb, 0xf7, 0x0, 0x5, 0xfd, 0x0, 0x0, 0xcf,
    0x60, 0x0, 0x2f, 0xf3, 0x0, 0x4, 0xf9, 0x0,
    0x0, 0x22,

    /* U+0029 ")" */
    0x0, 0x0, 0x0, 0x99, 0x0, 0x0, 0xaf, 0xa0,
    0x0, 0xc, 0xf7, 0x0, 0x3, 0xff, 0x10, 0x0,
    0xcf, 0x80, 0x0, 0x7f, 0xe0, 0x0, 0x3f, 0xf2,
    0x0, 0xf, 0xf6, 0x0, 0xe, 0xf8, 0x0, 0xe,
    0xf9, 0x0, 0xd, 0xf9, 0x0, 0xe, 0xf8, 0x0,
    0xf, 0xf7, 0x0, 0x1f, 0xf4, 0x0, 0x5f, 0xf0,
    0x0, 0xaf, 0xa0, 0x1, 0xff, 0x30, 0x8, 0xfb,
    0x0, 0x5f, 0xe1, 0x0, 0xce, 0x30, 0x0, 0x31,
    0x0, 0x0,

    /* U+002A "*" */
    0x0, 0x0, 0x8f, 0x80, 0x0, 0x0, 0x0, 0x6,
    0xf7, 0x0, 0x0, 0x2, 0x0, 0x5f, 0x60, 0x1,
    0x1, 0xfc, 0x44, 0xf4, 0x3a, 0xf1, 0x4e, 0xff,
    0xef, 0xdf, 0xff, 0x50, 0x3, 0x7e, 0xfe, 0x84,
    0x10, 0x0, 0x6, 0xfe, 0xf3, 0x0, 0x0, 0x3,
    0xfd, 0x1f, 0xe1, 0x0, 0x1, 0xef, 0x40, 0x7f,
    0xc0, 0x0, 0x8, 0xb0, 0x0, 0xe8, 0x0, 0x0,
    0x0, 0x0, 0x0, 0x0, 0x0,

    /* U+002B "+" */
    0x0, 0x0, 0x49, 0x91, 0x0, 0x0, 0x0, 0x7,
    0xff, 0x20, 0x0, 0x0, 0x0, 0x7f, 0xf2, 0x0,
    0x0, 0x0, 0x7, 0xff, 0x20, 0x0, 0x8, 0x88,
    0xcf, 0xf9, 0x88, 0x60, 0xff, 0xff, 0xff, 0xff,
    0xfb, 0xf, 0xff, 0xff, 0xff, 0xff, 0xb0, 0x0,
    0x7, 0xff, 0x20, 0x0, 0x0, 0x0, 0x7f, 0xf2,
    0x0, 0x0, 0x0, 0x7, 0xff, 0x20, 0x0, 0x0,
    0x0, 0x7f, 0xf2, 0x0, 0x0,

    /* U+002C "," */
    0x9, 0xff, 0x9, 0xff, 0x9, 0xfe, 0xb, 0xfb,
    0xf, 0xf5, 0x4f, 0xc0, 0x3, 0x10,

    /* U+002D "-" */
    0x14, 0x44, 0x44, 0x44, 0x34, 0xff, 0xff, 0xff,
    0xfe, 0x4f, 0xff, 0xff, 0xff, 0xe0,

    /* U+002E "." */
    0x18, 0x91, 0xbf, 0xfb, 0xdf, 0xfd, 0x5e, 0xe5,

    /* U+002F "/" */
    0x0, 0x0, 0xb, 0xfd, 0x0, 0x0, 0xf, 0xf8,
    0x0, 0x0, 0x5f, 0xf2, 0x0, 0x0, 0xbf, 0xd0,
    0x0, 0x0, 0xff, 0x80, 0x0, 0x5, 0xff, 0x20,
    0x0, 0xb, 0xfd, 0x0, 0x0, 0xf, 0xf8, 0x0,
    0x0, 0x5f, 0xf2, 0x0, 0x0, 0xaf, 0xd0, 0x0,
    0x0, 0xff, 0x80, 0x0, 0x5, 0xff, 0x20, 0x0,
    0xa, 0xfd, 0x0, 0x0, 0xf, 0xf8, 0x0, 0x0,
    0x5f, 0xf2, 0x0, 0x0, 0xaf, 0xd0, 0x0, 0x0,

    /* U+0030 "0" */
    0x0, 0x4c, 0xff, 0xc5, 0x0, 0x6, 0xff, 0xff,
    0xff, 0x60, 0xf, 0xfe, 0x55, 0xef, 0xf1, 0x5f,
    0xf5, 0x0, 0x5f, 0xf5, 0x8f, 0xf2, 0x0, 0x2f,
    0xf8, 0x9f, 0xf1, 0x0, 0x8f, 0xfa, 0xaf, 0xf1,
    0x1c, 0xff, 0xfa, 0xaf, 0xf6, 0xef, 0x6f, 0xfa,
    0xaf, 0xff, 0xd2, 0x1f, 0xfa, 0x9f, 0xfa, 0x0,
    0x1f, 0xfa, 0x8f, 0xf2, 0x0, 0x2f, 0xf8, 0x5f,
    0xf6, 0x0, 0x5f, 0xf6, 0xf, 0xfe, 0x55, 0xef,
    0xf1, 0x5, 0xff, 0xff, 0xff, 0x60, 0x0, 0x4c,
    0xff, 0xc5, 0x0,

    /* U+0031 "1" */
    0x0, 0x0, 0x0, 0x60, 0x0, 0x4, 0xaf, 0xf0,
    0x18, 0xef, 0xff, 0xf0, 0x5f, 0xff, 0xff, 0xf0,
    0x5d, 0x82, 0xbf, 0xf0, 0x0, 0x0, 0xbf, 0xf0,
    0x0, 0x0, 0xbf, 0xf0, 0x0, 0x0, 0xbf, 0xf0,
    0x0, 0x0, 0xbf, 0xf0, 0x0, 0x0, 0xbf, 0xf0,
    0x0, 0x0, 0xbf, 0xf0, 0x0, 0x0, 0xbf, 0xf0,
    0x0, 0x0, 0xbf, 0xf0, 0x0, 0x0, 0xbf, 0xf0,
    0x0, 0x0, 0xbf, 0xf0,

    /* U+0032 "2" */
    0x0, 0x18, 0xdf, 0xfb, 0x30, 0x0, 0x1d, 0xff,
    0xff, 0xff, 0x40, 0xb, 0xff, 0x95, 0x8f, 0xfd,
    0x2, 0xff, 0xa0, 0x0, 0xaf, 0xf1, 0x3d, 0xd5,
    0x0, 0x8, 0xff, 0x20, 0x0, 0x0, 0x0, 0xbf,
    0xf0, 0x0, 0x0, 0x0, 0x4f, 0xfa, 0x0, 0x0,
    0x0, 0x2e, 0xfe, 0x10, 0x0, 0x0, 0x1d, 0xff,
    0x40, 0x0, 0x0, 0xc, 0xff, 0x60, 0x0, 0x0,
    0xb, 0xff, 0x70, 0x0, 0x0, 0x9, 0xff, 0x90,
    0x0, 0x0, 0x7, 0xff, 0xd3, 0x33, 0x33, 0x20,
    0xff, 0xff, 0xff, 0xff, 0xfa, 0xf, 0xff, 0xff,
    0xff, 0xff, 0xa0,

    /* U+0033 "3" */
    0x0, 0x18, 0xdf, 0xfc, 0x60, 0x0, 0x1d, 0xff,
    0xff, 0xff, 0xa0, 0x9, 0xff, 0xa4, 0x5e, 0xff,
    0x30, 0xbe, 0xc0, 0x0, 0x5f, 0xf7, 0x0, 0x0,
    0x0, 0x4, 0xff, 0x60, 0x0, 0x0, 0x2, 0xcf,
    0xf1, 0x0, 0x0, 0xef, 0xff, 0xe4, 0x0, 0x0,
    0xe, 0xff, 0xfe, 0x40, 0x0, 0x0, 0x22, 0x4d,
    0xff, 0x30, 0x0, 0x0, 0x0, 0x2f, 0xf9, 0x4,
    0x43, 0x0, 0x0, 0xff, 0xb0, 0xff, 0xd0, 0x0,
    0x3f, 0xf9, 0xa, 0xff, 0xa4, 0x5d, 0xff, 0x40,
    0x1e, 0xff, 0xff, 0xff, 0x90, 0x0, 0x18, 0xdf,
    0xfb, 0x50, 0x0,

    /* U+0034 "4" */
    0x0, 0x0, 0x0, 0xbf, 0xf5, 0x0, 0x0, 0x0,
    0x5f, 0xff, 0x50, 0x0, 0x0, 0xd, 0xff, 0xf5,
    0x0, 0x0, 0x7, 0xff, 0xff, 0x50, 0x0, 0x1,
    0xff, 0xbf, 0xf5, 0x0, 0x0, 0xaf, 0xb6, 0xff,
    0x50, 0x0, 0x3f, 0xf2, 0x6f, 0xf5, 0x0, 0xc,
    0xf9, 0x6, 0xff, 0x50, 0x6, 0xfe, 0x10, 0x6f,
    0xf5, 0x0, 0xef, 0x93, 0x38, 0xff, 0x73, 0x6f,
    0xff, 0xff, 0xff, 0xff, 0xf5, 0xff, 0xff, 0xff,
    0xff, 0xff, 0x0, 0x0, 0x0, 0x6f, 0xf5, 0x0,
    0x0, 0x0, 0x6, 0xff, 0x50, 0x0, 0x0, 0x0,
    0x6f, 0xf5, 0x0,

    /* U+0035 "5" */
    0xb, 0xff, 0xff, 0xff, 0xf3, 0xd, 0xff, 0xff,
    0xff, 0xf3, 0xf, 0xfb, 0x55, 0x55, 0x51, 0xf,
    0xf7, 0x0, 0x0, 0x0, 0x2f, 0xf5, 0x0, 0x0,
    0x0, 0x4f, 0xfb, 0xef, 0xd7, 0x0, 0x6f, 0xff,
    0xff, 0xff, 0xa0, 0x3b, 0xe6, 0x24, 0xef, 0xf3,
    0x0, 0x0, 0x0, 0x4f, 0xf8, 0x0, 0x0, 0x0,
    0xf, 0xfa, 0x45, 0x40, 0x0, 0x1f, 0xfa, 0xcf,
    0xf1, 0x0, 0x4f, 0xf8, 0x6f, 0xfc, 0x45, 0xef,
    0xf2, 0xb, 0xff, 0xff, 0xff, 0x80, 0x0, 0x6c,
    0xff, 0xc5, 0x0,

    /* U+0036 "6" */
    0x0, 0x1, 0x8d, 0xf9, 0x0, 0x0, 0x5f, 0xff,
    0xf9, 0x0, 0x4, 0xff, 0xf9, 0x52, 0x0, 0xe,
    0xfe, 0x20, 0x0, 0x0, 0x6f, 0xf5, 0x0, 0x0,
    0x0, 0xaf, 0xe4, 0xcf, 0xe8, 0x0, 0xdf, 0xff,
    0xff, 0xff, 0xb0, 0xff, 0xfb, 0x45, 0xef, 0xf4,
    0xff, 0xd0, 0x0, 0x4f, 0xf8, 0xff, 0xc0, 0x0,
    0xf, 0xfb, 0xdf, 0xd0, 0x0, 0xf, 0xfb, 0x9f,
    0xf2, 0x0, 0x4f, 0xf8, 0x3f, 0xfd, 0x55, 0xef,
    0xf2, 0x7, 0xff, 0xff, 0xff, 0x70, 0x0, 0x4c,
    0xff, 0xc4, 0x0,

    /* U+0037 "7" */
    0x5f, 0xff, 0xff, 0xff, 0xff, 0xa5, 0xff, 0xff,
    0xff, 0xff, 0xfa, 0x14, 0x44, 0x44, 0x48, 0xff,
    0x40, 0x0, 0x0, 0x0, 0xbf, 0xd0, 0x0, 0x0,
    0x0, 0x2f, 0xf7, 0x0, 0x0, 0x0, 0x9, 0xff,
    0x10, 0x0, 0x0, 0x1, 0xff, 0xa0, 0x0, 0x0,
    0x0, 0x7f, 0xf3, 0x0, 0x0, 0x0, 0xe, 0xfc,
    0x0, 0x0, 0x0, 0x5, 0xff, 0x60, 0x0, 0x0,
    0x0, 0xcf, 0xf0, 0x0, 0x0, 0x0, 0x3f, 0xf9,
    0x0, 0x0, 0x0, 0xa, 0xff, 0x20, 0x0, 0x0,
    0x1, 0xff, 0xb0, 0x0, 0x0, 0x0, 0x8f, 0xf5,
    0x0, 0x0, 0x0,

    /* U+0038 "8" */
    0x0, 0x8d, 0xff, 0xc5, 0x0, 0xc, 0xff, 0xff,
    0xff, 0x70, 0x5f, 0xfc, 0x46, 0xff, 0xf1, 0x9f,
    0xf3, 0x0, 0x8f, 0xf4, 0x9f, 0xf2, 0x0, 0x7f,
    0xf3, 0x4f, 0xfa, 0x2, 0xdf, 0xe0, 0x7, 0xff,
    0xff, 0xfe, 0x30, 0x6, 0xff, 0xff, 0xfd, 0x20,
    0x4f, 0xfb, 0x45, 0xef, 0xe0, 0xbf, 0xf0, 0x0,
    0x5f, 0xf6, 0xef, 0xd0, 0x0, 0x2f, 0xf9, 0xdf,
    0xf0, 0x0, 0x5f, 0xf8, 0x9f, 0xfb, 0x45, 0xef,
    0xf4, 0x1d, 0xff, 0xff, 0xff, 0x90, 0x1, 0x8d,
    0xff, 0xc5, 0x0,

    /* U+0039 "9" */
    0x0, 0x7, 0xdf, 0xe9, 0x10, 0x0, 0xb, 0xff,
    0xff, 0xfe, 0x10, 0x6, 0xff, 0xc4, 0x8f, 0xfa,
    0x0, 0xcf, 0xf1, 0x0, 0xaf, 0xf1, 0xf, 0xfb,
    0x0, 0x5, 0xff, 0x50, 0xff, 0xa0, 0x0, 0x4f,
    0xf6, 0xe, 0xfd, 0x0, 0x4, 0xff, 0x70, 0xaf,
    0xf8, 0x2, 0xdf, 0xf7, 0x2, 0xff, 0xff, 0xff,
    0xff, 0x50, 0x3, 0xdf, 0xfe, 0xaf, 0xf3, 0x0,
    0x0, 0x12, 0xa, 0xfe, 0x0, 0x0, 0x0, 0x5,
    0xff, 0x80, 0x0, 0x5, 0x7b, 0xff, 0xd0, 0x0,
    0x0, 0xff, 0xff, 0xc1, 0x0, 0x0, 0xe, 0xeb,
    0x60, 0x0, 0x0,

    /* U+003A ":" */
    0x3e, 0xf6, 0xa, 0xff, 0xf0, 0x9f, 0xfe, 0x0,
    0x89, 0x20, 0x0, 0x0, 0x0, 0x0, 0x0, 0x0,
    0x0, 0x0, 0x0, 0x0, 0x8, 0x92, 0x9, 0xff,
    0xe0, 0xbf, 0xff, 0x3, 0xef, 0x70,

    /* U+003B ";" */
    0x5, 0x96, 0x3, 0xff, 0xf3, 0x5f, 0xff, 0x50,
    0xbf, 0xb0, 0x0, 0x0, 0x0, 0x0, 0x0, 0x0,
    0x0, 0x0, 0x0, 0x0, 0x0, 0x0, 0x0, 0x68,
    0x50, 0xd, 0xfa, 0x0, 0xdf, 0xa0, 0xe, 0xf9,
    0x1, 0xff, 0x50, 0x6f, 0xd0, 0x4, 0xc3, 0x0,

    /* U+003C "<" */
    0x0, 0x0, 0x0, 0x4, 0xb2, 0x0, 0x0, 0x17,
    0xdf, 0xf2, 0x0, 0x29, 0xff, 0xff, 0xe2, 0x3c,
    0xff, 0xfe, 0x94, 0x0, 0x7f, 0xfc, 0x40, 0x0,
    0x0, 0x7f, 0xff, 0xb6, 0x10, 0x0, 0x5, 0xbf,
    0xff, 0xfb, 0x50, 0x0, 0x2, 0x9f, 0xff, 0xf2,
    0x0, 0x0, 0x0, 0x6d, 0xf2, 0x0, 0x0, 0x0,
    0x0, 0x41,

    /* U+003D "=" */
    0x14, 0x44, 0x44, 0x44, 0x43, 0x7f, 0xff, 0xff,
    0xff, 0xfc, 0x7f, 0xff, 0xff, 0xff, 0xfc, 0x0,
    0x0, 0x0, 0x0, 0x0, 0x14, 0x44, 0x44, 0x44,
    0x43, 0x7f, 0xff, 0xff, 0xff, 0xfc, 0x7f, 0xff,
    0xff, 0xff, 0xfc,

    /* U+003E ">" */
    0x69, 0x30, 0x0, 0x0, 0x0, 0x6f, 0xfc, 0x60,
    0x0, 0x0, 0x5f, 0xff, 0xfe, 0x82, 0x0, 0x0,
    0x5a, 0xff, 0xff, 0xb2, 0x0, 0x0, 0x5, 0xcf,
    0xf5, 0x0, 0x1, 0x7c, 0xff, 0xf5, 0x17, 0xcf,
    0xff, 0xfa, 0x40, 0x6f, 0xff, 0xe8, 0x10, 0x0,
    0x6f, 0xc5, 0x0, 0x0, 0x0, 0x33, 0x0, 0x0,
    0x0, 0x0,

    /* U+003F "?" */
    0x0, 0x6c, 0xff, 0xd9, 0x10, 0x8, 0xff, 0xff,
    0xff, 0xe1, 0x2f, 0xfe, 0x65, 0xbf, 0xf8, 0x6f,
    0xf6, 0x0, 0xf, 0xfb, 0x0, 0x0, 0x0, 0xf,
    0xfb, 0x0, 0x0, 0x0, 0x8f, 0xf6, 0x0, 0x0,
    0x6, 0xff, 0xc0, 0x0, 0x0, 0x6f, 0xfc, 0x10,
    0x0, 0x0, 0xff, 0xd0, 0x0, 0x0, 0x1, 0xff,
    0x60, 0x0, 0x0, 0x0, 0x77, 0x20, 0x0, 0x0,
    0x0, 0x0, 0x0, 0x0, 0x0, 0x3, 0xff, 0x40,
    0x0, 0x0, 0x8, 0xff, 0x90, 0x0, 0x0, 0x2,
    0xee, 0x30, 0x0,

    /* U+0040 "@" */
    0x0, 0x1, 0x8e, 0xfe, 0x80, 0x0, 0x0, 0x2e,
    0xfa, 0x8a, 0xfd, 0x0, 0x0, 0xde, 0x20, 0x0,
    0x3f, 0x90, 0x8, 0xf3, 0x0, 0x0, 0x8, 0xf0,
    0xf, 0xb0, 0x2b, 0xfe, 0x53, 0xf4, 0x4f, 0x50,
    0xdf, 0x9f, 0xa1, 0xf6, 0x7f, 0x25, 0xf6, 0xf,
    0x91, 0xf6, 0x9f, 0x19, 0xf1, 0xf, 0x81, 0xf5,
    0x9f, 0xc, 0xe0, 0x1f, 0x62, 0xf3, 0x8f, 0x1c,
    0xe0, 0x3f, 0x55, 0xf0, 0x6f, 0x4a, 0xf5, 0x8f,
    0x6b, 0xb0, 0x2f, 0xa3, 0xff, 0xcd, 0xfe, 0x20,
    0xb, 0xf5, 0x24, 0x1, 0x41, 0x0, 0x1, 0xdf,
    0xc9, 0x9b, 0x40, 0x0, 0x0, 0x18, 0xdf, 0xfb,
    0x30, 0x0,

    /* U+0041 "A" */
    0x0, 0x0, 0x3f, 0xf9, 0x0, 0x0, 0x0, 0x0,
    0x8f, 0xfe, 0x0, 0x0, 0x0, 0x0, 0xdf, 0xff,
    0x20, 0x0, 0x0, 0x2, 0xff, 0xff, 0x70, 0x0,
    0x0, 0x7, 0xff, 0xbf, 0xc0, 0x0, 0x0, 0xc,
    0xfc, 0x7f, 0xf1, 0x0, 0x0, 0x1f, 0xf7, 0x2f,
    0xf6, 0x0, 0x0, 0x6f, 0xf3, 0xe, 0xfb, 0x0,
    0x0, 0xbf, 0xf0, 0xa, 0xff, 0x0, 0x0, 0xff,
    0xd6, 0x6a, 0xff, 0x50, 0x5, 0xff, 0xff, 0xff,
    0xff, 0xa0, 0xa, 0xff, 0xff, 0xff, 0xff, 0xe0,
    0xe, 0xfd, 0x0, 0x0, 0x9f, 0xf3, 0x4f, 0xf9,
    0x0, 0x0, 0x5f, 0xf8, 0x9f, 0xf4, 0x0, 0x0,
    0xf, 0xfd,

    /* U+0042 "B" */
    0xbf, 0xff, 0xff, 0xd9, 0x20, 0xb, 0xff, 0xff,
    0xff, 0xff, 0x30, 0xbf, 0xf4, 0x45, 0xaf, 0xfd,
    0xb, 0xff, 0x0, 0x0, 0xcf, 0xf1, 0xbf, 0xf0,
    0x0, 0x9, 0xff, 0x2b, 0xff, 0x0, 0x0, 0xbf,
    0xf0, 0xbf, 0xf1, 0x1, 0x6f, 0xfa, 0xb, 0xff,
    0xff, 0xff, 0xfa, 0x0, 0xbf, 0xff, 0xff, 0xff,
    0xf6, 0xb, 0xff, 0x0, 0x2, 0xcf, 0xf2, 0xbf,
    0xf0, 0x0, 0x4, 0xff, 0x7b, 0xff, 0x0, 0x0,
    0x5f, 0xf7, 0xbf, 0xf4, 0x44, 0x7e, 0xff, 0x3b,
    0xff, 0xff, 0xff, 0xff, 0x90, 0xbf, 0xff, 0xff,
    0xec, 0x60, 0x0,

    /* U+0043 "C" */
    0x0, 0x5, 0xcf, 0xfd, 0x70, 0x0, 0x0, 0x8f,
    0xff, 0xff, 0xfc, 0x0, 0x4, 0xff, 0xd5, 0x5b,
    0xff, 0x80, 0xb, 0xff, 0x20, 0x0, 0xdf, 0xe0,
    0xf, 0xfc, 0x0, 0x0, 0x9e, 0xe1, 0x2f, 0xf9,
    0x0, 0x0, 0x0, 0x0, 0x3f, 0xf9, 0x0, 0x0,
    0x0, 0x0, 0x3f, 0xf9, 0x0, 0x0, 0x0, 0x0,
    0x3f, 0xf9, 0x0, 0x0, 0x0, 0x0, 0x2f, 0xf9,
    0x0, 0x0, 0x0, 0x0, 0xf, 0xfb, 0x0, 0x0,
    0x7c, 0xc1, 0xb, 0xff, 0x10, 0x0, 0xdf, 0xe0,
    0x4, 0xff, 0xd5, 0x5b, 0xff, 0x80, 0x0, 0x9f,
    0xff, 0xff, 0xfc, 0x0, 0x0, 0x5, 0xcf, 0xfd,
    0x70, 0x0,

    /* U+0044 "D" */
    0xcf, 0xff, 0xfc, 0x70, 0x0, 0xc, 0xff, 0xff,
    0xff, 0xd2, 0x0, 0xcf, 0xf4, 0x5b, 0xff, 0xd0,
    0xc, 0xff, 0x0, 0x9, 0xff, 0x60, 0xcf, 0xf0,
    0x0, 0x1f, 0xfc, 0xc, 0xff, 0x0, 0x0, 0xcf,
    0xf0, 0xcf, 0xf0, 0x0, 0xb, 0xff, 0x1c, 0xff,
    0x0, 0x0, 0xaf, 0xf2, 0xcf, 0xf0, 0x0, 0xb,
    0xff, 0x1c, 0xff, 0x0, 0x0, 0xcf, 0xf0, 0xcf,
    0xf0, 0x0, 0x1f, 0xfc, 0xc, 0xff, 0x0, 0x8,
    0xff, 0x70, 0xcf, 0xf4, 0x4a, 0xff, 0xd0, 0xc,
    0xff, 0xff, 0xff, 0xd2, 0x0, 0xcf, 0xff, 0xfd,
    0x70, 0x0, 0x0,

    /* U+0045 "E" */
    0x9f, 0xff, 0xff, 0xff, 0xff, 0x9, 0xff, 0xff,
    0xff, 0xff, 0xf0, 0x9f, 0xf6, 0x44, 0x44, 0x44,
    0x9, 0xff, 0x30, 0x0, 0x0, 0x0, 0x9f, 0xf3,
    0x0, 0x0, 0x0, 0x9, 0xff, 0x30, 0x0, 0x0,
    0x0, 0x9f, 0xf5, 0x33, 0x33, 0x30, 0x9, 0xff,
    0xff, 0xff, 0xff, 0x0, 0x9f, 0xff, 0xff, 0xff,
    0xf0, 0x9, 0xff, 0x30, 0x0, 0x0, 0x0, 0x9f,
    0xf3, 0x0, 0x0, 0x0, 0x9, 0xff, 0x30, 0x0,
    0x0, 0x0, 0x9f, 0xf6, 0x44, 0x44, 0x44, 0x9,
    0xff, 0xff, 0xff, 0xff, 0xf0, 0x9f, 0xff, 0xff,
    0xff, 0xff, 0x0,

    /* U+0046 "F" */
    0x8f, 0xff, 0xff, 0xff, 0xff, 0x18, 0xff, 0xff,
    0xff, 0xff, 0xf1, 0x8f, 0xf6, 0x44, 0x44, 0x44,
    0x8, 0xff, 0x30, 0x0, 0x0, 0x0, 0x8f, 0xf3,
    0x0, 0x0, 0x0, 0x8, 0xff, 0x30, 0x0, 0x0,
    0x0, 0x8f, 0xf6, 0x44, 0x44, 0x41, 0x8, 0xff,
    0xff, 0xff, 0xff, 0x40, 0x8f, 0xff, 0xff, 0xff,
    0xf4, 0x8, 0xff, 0x30, 0x0, 0x0, 0x0, 0x8f,
    0xf3, 0x0, 0x0, 0x0, 0x8, 0xff, 0x30, 0x0,
    0x0, 0x0, 0x8f, 0xf3, 0x0, 0x0, 0x0, 0x8,
    0xff, 0x30, 0x0, 0x0, 0x0, 0x8f, 0xf3, 0x0,
    0x0, 0x0, 0x0,

    /* U+0047 "G" */
    0x0, 0x4, 0xbf, 0xfd, 0x81, 0x0, 0x0, 0x6f,
    0xff, 0xff, 0xfd, 0x10, 0x3, 0xff, 0xe6, 0x4a,
    0xff, 0x80, 0xa, 0xff, 0x40, 0x0, 0xdf, 0xe0,
    0xe, 0xfd, 0x0, 0x0, 0x36, 0x60, 0x1f, 0xfa,
    0x0, 0x0, 0x0, 0x0, 0x2f, 0xf9, 0x0, 0x0,
    0x0, 0x0, 0x2f, 0xf9, 0x0, 0xff, 0xff, 0xf0,
    0x2f, 0xf9, 0x0, 0xff, 0xff, 0xf0, 0x1f, 0xfa,
    0x0, 0x11, 0xbf, 0xf0, 0xf, 0xfd, 0x0, 0x0,
    0xbf, 0xf0, 0xa, 0xff, 0x30, 0x0, 0xbf, 0xf1,
    0x3, 0xff, 0xe6, 0x48, 0xff, 0xf1, 0x0, 0x7f,
    0xff, 0xff, 0xff, 0x90, 0x0, 0x4, 0xbf, 0xfe,
    0xa3, 0x0,

    /* U+0048 "H" */
    0xcf, 0xe0, 0x0, 0xf, 0xfa, 0xcf, 0xe0, 0x0,
    0xf, 0xfa, 0xcf, 0xe0, 0x0, 0xf, 0xfa, 0xcf,
    0xe0, 0x0, 0xf, 0xfa, 0xcf, 0xe0, 0x0, 0xf,
    0xfa, 0xcf, 0xe0, 0x0, 0xf, 0xfa, 0xcf, 0xf4,
    0x44, 0x5f, 0xfa, 0xcf, 0xff, 0xff, 0xff, 0xfa,
    0xcf, 0xff, 0xff, 0xff, 0xfa, 0xcf, 0xe0, 0x0,
    0xf, 0xfa, 0xcf, 0xe0, 0x0, 0xf, 0xfa, 0xcf,
    0xe0, 0x0, 0xf, 0xfa, 0xcf, 0xe0, 0x0, 0xf,
    0xfa, 0xcf, 0xe0, 0x0, 0xf, 0xfa, 0xcf, 0xe0,
    0x0, 0xf, 0xfa,

    /* U+0049 "I" */
    0x1f, 0xff, 0xff, 0xff, 0xf1, 0x1f, 0xff, 0xff,
    0xff, 0xf1, 0x4, 0x49, 0xff, 0x84, 0x40, 0x0,
    0x6, 0xff, 0x50, 0x0, 0x0, 0x6, 0xff, 0x50,
    0x0, 0x0, 0x6, 0xff, 0x50, 0x0, 0x0, 0x6,
    0xff, 0x50, 0x0, 0x0, 0x6, 0xff, 0x50, 0x0,
    0x0, 0x6, 0xff, 0x50, 0x0, 0x0, 0x6, 0xff,
    0x50, 0x0, 0x0, 0x6, 0xff, 0x50, 0x0, 0x0,
    0x6, 0xff, 0x50, 0x0, 0x4, 0x48, 0xff, 0x74,
    0x40, 0x1f, 0xff, 0xff, 0xff, 0xf1, 0x1f, 0xff,
    0xff, 0xff, 0xf1,

    /* U+004A "J" */
    0x0, 0x0, 0x0, 0xf, 0xfb, 0x0, 0x0, 0x0,
    0xf, 0xfb, 0x0, 0x0, 0x0, 0xf, 0xfb, 0x0,
    0x0, 0x0, 0xf, 0xfb, 0x0, 0x0, 0x0, 0xf,
    0xfb, 0x0, 0x0, 0x0, 0xf, 0xfb, 0x0, 0x0,
    0x0, 0xf, 0xfc, 0x0, 0x0, 0x0, 0xf, 0xfc,
    0x0, 0x0, 0x0, 0xf, 0xfc, 0x0, 0x0, 0x0,
    0xf, 0xfc, 0x78, 0x70, 0x0, 0xf, 0xfb, 0xdf,
    0xf0, 0x0, 0x4f, 0xf9, 0x8f, 0xfb, 0x46, 0xef,
    0xf3, 0xd, 0xff, 0xff, 0xff, 0x70, 0x0, 0x8d,
    0xff, 0xb4, 0x0,

    /* U+004B "K" */
    0xbf, 0xf0, 0x0, 0x9, 0xff, 0xc0, 0xbf, 0xf0,
    0x0, 0x4f, 0xfe, 0x10, 0xbf, 0xf0, 0x1, 0xef,
    0xf5, 0x0, 0xbf, 0xf0, 0xa, 0xff, 0x90, 0x0,
    0xbf, 0xf0, 0x5f, 0xfd, 0x0, 0x0, 0xbf, 0xf1,
    0xef, 0xf2, 0x0, 0x0, 0xbf, 0xfb, 0xff, 0x80,
    0x0, 0x0, 0xbf, 0xff, 0xff, 0xd0, 0x0, 0x0,
    0xbf, 0xff, 0xff, 0xf6, 0x0, 0x0, 0xbf, 0xfe,
    0x4f, 0xff, 0x10, 0x0, 0xbf, 0xf2, 0x8, 0xff,
    0x90, 0x0, 0xbf, 0xf0, 0x1, 0xef, 0xf3, 0x0,
    0xbf, 0xf0, 0x0, 0x6f, 0xfc, 0x0, 0xbf, 0xf0,
    0x0, 0xd, 0xff, 0x60, 0xbf, 0xf0, 0x0, 0x4,
    0xff, 0xe1,

    /* U+004C "L" */
    0x8f, 0xf3, 0x0, 0x0, 0x0, 0x8f, 0xf3, 0x0,
    0x0, 0x0, 0x8f, 0xf3, 0x0, 0x0, 0x0, 0x8f,
    0xf3, 0x0, 0x0, 0x0, 0x8f, 0xf3, 0x0, 0x0,
    0x0, 0x8f, 0xf3, 0x0, 0x0, 0x0, 0x8f, 0xf3,
    0x0, 0x0, 0x0, 0x8f, 0xf3, 0x0, 0x0, 0x0,
    0x8f, 0xf3, 0x0, 0x0, 0x0, 0x8f, 0xf3, 0x0,
    0x0, 0x0, 0x8f, 0xf3, 0x0, 0x0, 0x0, 0x8f,
    0xf3, 0x0, 0x0, 0x0, 0x8f, 0xf6, 0x44, 0x44,
    0x43, 0x8f, 0xff, 0xff, 0xff, 0xfe, 0x8f, 0xff,
    0xff, 0xff, 0xfe,

    /* U+004D "M" */
    0xcf, 0xfc, 0x0, 0x9f, 0xff, 0xcf, 0xff, 0x0,
    0xef, 0xff, 0xcf, 0xff, 0x42, 0xff, 0xff, 0xcf,
    0xff, 0x76, 0xff, 0xff, 0xcf, 0xdf, 0xbb, 0xfb,
    0xff, 0xcf, 0xae, 0xff, 0xf8, 0xff, 0xcf, 0xba,
    0xff, 0xb8, 0xff, 0xcf, 0xb5, 0xff, 0x68, 0xff,
    0xcf, 0xb1, 0xff, 0x18, 0xff, 0xcf, 0xb0, 0xdd,
    0x9, 0xff, 0xcf, 0xc0, 0x0, 0x9, 0xff, 0xcf,
    0xc0, 0x0, 0x9, 0xff, 0xcf, 0xc0, 0x0, 0x9,
    0xff, 0xcf, 0xc0, 0x0, 0x9, 0xff, 0xcf, 0xc0,
    0x0, 0x9, 0xff,

    /* U+004E "N" */
    0xcf, 0xf2, 0x0, 0x1f, 0xfa, 0xcf, 0xf9, 0x0,
    0x1f, 0xfa, 0xcf, 0xff, 0x0, 0x1f, 0xfa, 0xcf,
    0xff, 0x60, 0x1f, 0xfa, 0xcf, 0xff, 0xc0, 0x1f,
    0xfa, 0xcf, 0xfe, 0xf3, 0x1f, 0xfa, 0xcf, 0xf8,
    0xf9, 0x1f, 0xfa, 0xcf, 0xf2, 0xff, 0x2f, 0xfa,
    0xcf, 0xf0, 0xbf, 0x8f, 0xfa, 0xcf, 0xf0, 0x5f,
    0xef, 0xfa, 0xcf, 0xf0, 0xe, 0xff, 0xfa, 0xcf,
    0xf0, 0x8, 0xff, 0xfa, 0xcf, 0xf0, 0x1, 0xff,
    0xfa, 0xcf, 0xf0, 0x0, 0xbf, 0xfa, 0xcf, 0xf0,
    0x0, 0x4f, 0xfa,

    /* U+004F "O" */
    0x0, 0x6, 0xcf, 0xfc, 0x40, 0x0, 0x0, 0x9f,
    0xff, 0xff, 0xf7, 0x0, 0x4, 0xff, 0xd6, 0x6e,
    0xff, 0x30, 0xb, 0xff, 0x10, 0x3, 0xff, 0xb0,
    0xf, 0xfb, 0x0, 0x0, 0xcf, 0xf0, 0x2f, 0xf9,
    0x0, 0x0, 0xaf, 0xf2, 0x3f, 0xf9, 0x0, 0x0,
    0x9f, 0xf3, 0x3f, 0xf9, 0x0, 0x0, 0x9f, 0xf3,
    0x3f, 0xf9, 0x0, 0x0, 0x9f, 0xf3, 0x2f, 0xf9,
    0x0, 0x0, 0xaf, 0xf2, 0xf, 0xfb, 0x0, 0x0,
    0xcf, 0xf0, 0xb, 0xff, 0x10, 0x3, 0xff, 0xb0,
    0x4, 0xff, 0xd5, 0x6e, 0xff, 0x30, 0x0, 0x9f,
    0xff, 0xff, 0xf7, 0x0, 0x0, 0x6, 0xcf, 0xfc,
    0x50, 0x0,

    /* U+0050 "P" */
    0x8f, 0xff, 0xff, 0xe9, 0x10, 0x8, 0xff, 0xff,
    0xff, 0xfe, 0x20, 0x8f, 0xf6, 0x44, 0xaf, 0xfc,
    0x8, 0xff, 0x30, 0x0, 0xbf, 0xf2, 0x8f, 0xf3,
    0x0, 0x6, 0xff, 0x58, 0xff, 0x30, 0x0, 0x6f,
    0xf5, 0x8f, 0xf3, 0x0, 0xb, 0xff, 0x38, 0xff,
    0x64, 0x49, 0xff, 0xc0, 0x8f, 0xff, 0xff, 0xff,
    0xe2, 0x8, 0xff, 0xff, 0xfe, 0x91, 0x0, 0x8f,
    0xf3, 0x0, 0x0, 0x0, 0x8, 0xff, 0x30, 0x0,
    0x0, 0x0, 0x8f, 0xf3, 0x0, 0x0, 0x0, 0x8,
    0xff, 0x30, 0x0, 0x0, 0x0, 0x8f, 0xf3, 0x0,
    0x0, 0x0, 0x0,

    /* U+0051 "Q" */
    0x0, 0x5, 0xcf, 0xfc, 0x50, 0x0, 0x0, 0x8f,
    0xff, 0xff, 0xf8, 0x0, 0x3, 0xff, 0xd6, 0x6d,
    0xff, 0x40, 0xb, 0xff, 0x20, 0x2, 0xff, 0xc0,
    0xf, 0xfc, 0x0, 0x0, 0xbf, 0xf1, 0x1f, 0xfa,
    0x0, 0x0, 0x8f, 0xf3, 0x2f, 0xf9, 0x0, 0x0,
    0x8f, 0xf4, 0x2f, 0xf9, 0x0, 0x0, 0x8f, 0xf4,
    0x2f, 0xf9, 0x0, 0x0, 0x8f, 0xf4, 0x2f, 0xfa,
    0x0, 0x0, 0x8f, 0xf4, 0xf, 0xfc, 0x0, 0x0,
    0xbf, 0xf1, 0xb, 0xff, 0x20, 0x1, 0xff, 0xd0,
    0x4, 0xff, 0xd6, 0x6d, 0xff, 0x50, 0x0, 0x8f,
    0xff, 0xff, 0xfc, 0x0, 0x0, 0x5, 0xcf, 0xfe,
    0xff, 0x80, 0x0, 0x0, 0x0, 0x1, 0xcf, 0xf8,
    0x0, 0x0, 0x0, 0x0, 0xb, 0xe2, 0x0, 0x0,
    0x0, 0x0, 0x0, 0x10,

    /* U+0052 "R" */
    0xbf, 0xff, 0xff, 0xd9, 0x20, 0xb, 0xff, 0xff,
    0xff, 0xff, 0x30, 0xbf, 0xf4, 0x45, 0xaf, 0xfd,
    0xb, 0xff, 0x0, 0x0, 0xcf, 0xf2, 0xbf, 0xf0,
    0x0, 0x8, 0xff, 0x3b, 0xff, 0x0, 0x0, 0xaf,
    0xf2, 0xbf, 0xf0, 0x0, 0x6f, 0xfc, 0xb, 0xff,
    0xff, 0xff, 0xff, 0x30, 0xbf, 0xff, 0xff, 0xfd,
    0x20, 0xb, 0xff, 0x44, 0xcf, 0xf2, 0x0, 0xbf,
    0xf0, 0x5, 0xff, 0x90, 0xb, 0xff, 0x0, 0xd,
    0xff, 0x10, 0xbf, 0xf0, 0x0, 0x6f, 0xf9, 0xb,
    0xff, 0x0, 0x0, 0xef, 0xf1, 0xbf, 0xf0, 0x0,
    0x7, 0xff, 0x80,

    /* U+0053 "S" */
    0x0, 0x5, 0xbf, 0xfe, 0x91, 0x0, 0x0, 0xaf,
    0xff, 0xff, 0xff, 0x30, 0x5, 0xff, 0xd5, 0x48,
    0xff, 0xd0, 0xa, 0xff, 0x10, 0x0, 0x8f, 0xf3,
    0xa, 0xff, 0x10, 0x0, 0x27, 0x72, 0x6, 0xff,
    0xc3, 0x0, 0x0, 0x0, 0x0, 0xcf, 0xff, 0xd7,
    0x10, 0x0, 0x0, 0x9, 0xff, 0xff, 0xf7, 0x0,
    0x0, 0x0, 0x27, 0xcf, 0xff, 0x80, 0x0, 0x0,
    0x0, 0x3, 0xef, 0xf1, 0x1b, 0xb6, 0x0, 0x0,
    0x6f, 0xf5, 0xf, 0xfd, 0x0, 0x0, 0x7f, 0xf5,
    0x8, 0xff, 0xb5, 0x36, 0xff, 0xf1, 0x0, 0xbf,
    0xff, 0xff, 0xff, 0x60, 0x0, 0x6, 0xbf, 0xfe,
    0xa3, 0x0,

    /* U+0054 "T" */
    0xbf, 0xff, 0xff, 0xff, 0xff, 0xfb, 0xbf, 0xff,
    0xff, 0xff, 0xff, 0xfb, 0x34, 0x44, 0x9f, 0xf8,
    0x44, 0x43, 0x0, 0x0, 0x6f, 0xf5, 0x0, 0x0,
    0x0, 0x0, 0x6f, 0xf5, 0x0, 0x0, 0x0, 0x0,
    0x6f, 0xf5, 0x0, 0x0, 0x0, 0x0, 0x6f, 0xf5,
    0x0, 0x0, 0x0, 0x0, 0x6f, 0xf5, 0x0, 0x0,
    0x0, 0x0, 0x6f, 0xf5, 0x0, 0x0, 0x0, 0x0,
    0x6f, 0xf5, 0x0, 0x0, 0x0, 0x0, 0x6f, 0xf5,
    0x0, 0x0, 0x0, 0x0, 0x6f, 0xf5, 0x0, 0x0,
    0x0, 0x0, 0x6f, 0xf5, 0x0, 0x0, 0x0, 0x0,
    0x6f, 0xf5, 0x0, 0x0, 0x0, 0x0, 0x6f, 0xf5,
    0x0, 0x0,

    /* U+0055 "U" */
    0xcf, 0xf0, 0x0, 0xf, 0xfc, 0xcf, 0xf0, 0x0,
    0xf, 0xfc, 0xcf, 0xf0, 0x0, 0xf, 0xfc, 0xcf,
    0xf0, 0x0, 0xf, 0xfc, 0xcf, 0xf0, 0x0, 0xf,
    0xfc, 0xcf, 0xf0, 0x0, 0xf, 0xfc, 0xcf, 0xf0,
    0x0, 0xf, 0xfc, 0xcf, 0xf0, 0x0, 0xf, 0xfc,
    0xcf, 0xf0, 0x0, 0xf, 0xfc, 0xcf, 0xf0, 0x0,
    0xf, 0xfc, 0xbf, 0xf0, 0x0, 0xf, 0xfb, 0x9f,
    0xf4, 0x0, 0x4f, 0xf9, 0x3f, 0xfd, 0x55, 0xef,
    0xf3, 0x9, 0xff, 0xff, 0xff, 0x90, 0x0, 0x6c,
    0xff, 0xc6, 0x0,

    /* U+0056 "V" */
    0x9f, 0xf7, 0x0, 0x0, 0x7f, 0xf9, 0x4f, 0xfb,
    0x0, 0x0, 0xbf, 0xf4, 0xf, 0xfe, 0x0, 0x0,
    0xff, 0xf0, 0xb, 0xff, 0x30, 0x3, 0xff, 0xb0,
    0x6, 0xff, 0x70, 0x7, 0xff, 0x60, 0x2, 0xff,
    0xb0, 0xb, 0xff, 0x10, 0x0, 0xdf, 0xe0, 0xe,
    0xfd, 0x0, 0x0, 0x8f, 0xf2, 0x3f, 0xf8, 0x0,
    0x0, 0x4f, 0xf6, 0x6f, 0xf4, 0x0, 0x0, 0xf,
    0xfa, 0xaf, 0xf0, 0x0, 0x0, 0xb, 0xfe, 0xef,
    0xa0, 0x0, 0x0, 0x6, 0xff, 0xff, 0x60, 0x0,
    0x0, 0x2, 0xff, 0xff, 0x10, 0x0, 0x0, 0x0,
    0xdf, 0xfd, 0x0, 0x0, 0x0, 0x0, 0x8f, 0xf8,
    0x0, 0x0,

    /* U+0057 "W" */
    0xbf, 0xd0, 0x1f, 0xf0, 0xc, 0xfb, 0x8f, 0xf0,
    0x3f, 0xf2, 0xe, 0xf9, 0x6f, 0xf0, 0x5f, 0xf4,
    0xf, 0xf7, 0x4f, 0xf2, 0x7f, 0xf7, 0x2f, 0xf5,
    0x2f, 0xf4, 0x9f, 0xf9, 0x4f, 0xf3, 0xf, 0xf6,
    0xcf, 0xfb, 0x5f, 0xf1, 0xe, 0xf8, 0xef, 0xfd,
    0x7f, 0xe0, 0xc, 0xfa, 0xfc, 0xdf, 0x9f, 0xc0,
    0xa, 0xfe, 0xfa, 0xaf, 0xdf, 0xa0, 0x8, 0xff,
    0xf7, 0x8f, 0xff, 0x80, 0x6, 0xff, 0xf5, 0x5f,
    0xff, 0x60, 0x4, 0xff, 0xf3, 0x3f, 0xff, 0x40,
    0x2, 0xff, 0xf0, 0xf, 0xff, 0x20, 0x0, 0xff,
    0xe0, 0xe, 0xff, 0x0, 0x0, 0xdf, 0xc0, 0xc,
    0xfe, 0x0,

    /* U+0058 "X" */
    0x5f, 0xfd, 0x0, 0x0, 0x9f, 0xf9, 0xc, 0xff,
    0x50, 0x1, 0xff, 0xf1, 0x4, 0xff, 0xc0, 0x9,
    0xff, 0x80, 0x0, 0xbf, 0xf4, 0x1f, 0xfe, 0x0,
    0x0, 0x3f, 0xfc, 0x9f, 0xf6, 0x0, 0x0, 0xa,
    0xff, 0xff, 0xd0, 0x0, 0x0, 0x2, 0xff, 0xff,
    0x50, 0x0, 0x0, 0x0, 0xbf, 0xff, 0x0, 0x0,
    0x0, 0x3, 0xff, 0xff, 0x60, 0x0, 0x0, 0xb,
    0xff, 0xef, 0xe0, 0x0, 0x0, 0x4f, 0xfa, 0x6f,
    0xf8, 0x0, 0x0, 0xcf, 0xf3, 0xe, 0xff, 0x10,
    0x5, 0xff, 0xb0, 0x7, 0xff, 0x90, 0xd, 0xff,
    0x30, 0x0, 0xef, 0xf2, 0x6f, 0xfc, 0x0, 0x0,
    0x8f, 0xfa,

    /* U+0059 "Y" */
    0x7f, 0xf8, 0x0, 0x0, 0x4f, 0xfb, 0xf, 0xfe,
    0x0, 0x0, 0xbf, 0xf4, 0x8, 0xff, 0x60, 0x1,
    0xff, 0xd0, 0x1, 0xff, 0xc0, 0x8, 0xff, 0x50,
    0x0, 0xaf, 0xf3, 0xe, 0xfe, 0x0, 0x0, 0x2f,
    0xfa, 0x5f, 0xf7, 0x0, 0x0, 0xb, 0xff, 0xdf,
    0xf0, 0x0, 0x0, 0x4, 0xff, 0xff, 0x80, 0x0,
    0x0, 0x0, 0xcf, 0xff, 0x10, 0x0, 0x0, 0x0,
    0x6f, 0xfa, 0x0, 0x0, 0x0, 0x0, 0x4f, 0xf7,
    0x0, 0x0, 0x0, 0x0, 0x4f, 0xf7, 0x0, 0x0,
    0x0, 0x0, 0x4f, 0xf7, 0x0, 0x0, 0x0, 0x0,
    0x4f, 0xf7, 0x0, 0x0, 0x0, 0x0, 0x4f, 0xf7,
    0x0, 0x0,

    /* U+005A "Z" */
    0x1f, 0xff, 0xff, 0xff, 0xff, 0xf1, 0x1f, 0xff,
    0xff, 0xff, 0xff, 0xf1, 0x4, 0x44, 0x44, 0x49,
    0xff, 0x90, 0x0, 0x0, 0x0, 0x1e, 0xfe, 0x0,
    0x0, 0x0, 0x0, 0xaf, 0xf5, 0x0, 0x0, 0x0,
    0x4, 0xff, 0xb0, 0x0, 0x0, 0x0, 0xd, 0xff,
    0x10, 0x0, 0x0, 0x0, 0x8f, 0xf7, 0x0, 0x0,
    0x0, 0x2, 0xff, 0xd0, 0x0, 0x0, 0x0, 0xb,
    0xff, 0x30, 0x0, 0x0, 0x0, 0x6f, 0xf9, 0x0,
    0x0, 0x0, 0x1, 0xef, 0xe1, 0x0, 0x0, 0x0,
    0xa, 0xff, 0x94, 0x44, 0x44, 0x41, 0x1f, 0xff,
    0xff, 0xff, 0xff, 0xf4, 0x2f, 0xff, 0xff, 0xff,
    0xff, 0xf4,

    /* U+005B "[" */
    0x2, 0x22, 0x20, 0x1f, 0xff, 0xf4, 0x1f, 0xff,
    0xf4, 0x1f, 0xf9, 0x0, 0x1f, 0xf9, 0x0, 0x1f,
    0xf9, 0x0, 0x1f, 0xf9, 0x0, 0x1f, 0xf9, 0x0,
    0x1f, 0xf9, 0x0, 0x1f, 0xf9, 0x0, 0x1f, 0xf9,
    0x0, 0x1f, 0xf9, 0x0, 0x1f, 0xf9, 0x0, 0x1f,
    0xf9, 0x0, 0x1f, 0xf9, 0x0, 0x1f, 0xf9, 0x0,
    0x1f, 0xf9, 0x0, 0x1f, 0xf9, 0x0, 0x1f, 0xfa,
    0x20, 0x1f, 0xff, 0xf4, 0x1f, 0xff, 0xf4,

    /* U+005C "\\" */
    0x7f, 0xf1, 0x0, 0x0, 0x2, 0xff, 0x60, 0x0,
    0x0, 0xd, 0xfb, 0x0, 0x0, 0x0, 0x7f, 0xf1,
    0x0, 0x0, 0x2, 0xff, 0x60, 0x0, 0x0, 0xd,
    0xfb, 0x0, 0x0, 0x0, 0x7f, 0xf1, 0x0, 0x0,
    0x2, 0xff, 0x60, 0x0, 0x0, 0xd, 0xfb, 0x0,
    0x0, 0x0, 0x7f, 0xf1, 0x0, 0x0, 0x2, 0xff,
    0x60, 0x0, 0x0, 0xd, 0xfb, 0x0, 0x0, 0x0,
    0x7f, 0xf1, 0x0, 0x0, 0x2, 0xff, 0x50, 0x0,
    0x0, 0xd, 0xfb, 0x0, 0x0, 0x0, 0x7f, 0xf1,

    /* U+005D "]" */
    0x2, 0x22, 0x20, 0x1f, 0xff, 0xf4, 0x1f, 0xff,
    0xf4, 0x0, 0x6f, 0xf4, 0x0, 0x6f, 0xf4, 0x0,
    0x6f, 0xf4, 0x0, 0x6f, 0xf4, 0x0, 0x6f, 0xf4,
    0x0, 0x6f, 0xf4, 0x0, 0x6f, 0xf4, 0x0, 0x6f,
    0xf4, 0x0, 0x6f, 0xf4, 0x0, 0x6f, 0xf4, 0x0,
    0x6f, 0xf4, 0x0, 0x6f, 0xf4, 0x0, 0x6f, 0xf4,
    0x0, 0x6f, 0xf4, 0x0, 0x6f, 0xf4, 0x2, 0x8f,
    0xf4, 0x1f, 0xff, 0xf4, 0x1f, 0xff, 0xf4,

    /* U+005E "^" */
    0x0, 0x7, 0x82, 0x0, 0x0, 0x3, 0xff, 0x90,
    0x0, 0x0, 0xaf, 0xff, 0x0, 0x0, 0x1f, 0xea,
    0xf6, 0x0, 0x7, 0xf9, 0x4f, 0xd0, 0x0, 0xdf,
    0x30, 0xdf, 0x30, 0x4f, 0xd0, 0x7, 0xfa, 0xb,
    0xf7, 0x0, 0x1f, 0xf1,

    /* U+005F "_" */
    0x12, 0x22, 0x22, 0x22, 0x21, 0x8f, 0xff, 0xff,
    0xff, 0xf5, 0x8f, 0xff, 0xff, 0xff, 0xf5,

    /* U+0060 "`" */
    0x7c, 0xc3, 0x0, 0xcf, 0xc0, 0x0, 0xdf, 0x60,

    /* U+0061 "a" */
    0x1, 0x8d, 0xff, 0xc5, 0x0, 0x1d, 0xff, 0xff,
    0xff, 0x80, 0x7f, 0xf7, 0x13, 0xdf, 0xf1, 0x36,
    0x60, 0x0, 0x7f, 0xf4, 0x0, 0x48, 0xaa, 0xcf,
    0xf5, 0x1c, 0xff, 0xff, 0xff, 0xf5, 0x9f, 0xf7,
    0x10, 0x6f, 0xf5, 0xdf, 0xe0, 0x0, 0x6f, 0xf5,
    0xcf, 0xf3, 0x3, 0xdf, 0xf5, 0x5f, 0xff, 0xff,
    0xff, 0xf6, 0x5, 0xcf, 0xfb, 0x5f, 0xf9,

    /* U+0062 "b" */
    0x9f, 0xf2, 0x0, 0x0, 0x0, 0x9f, 0xf2, 0x0,
    0x0, 0x0, 0x9f, 0xf2, 0x0, 0x0, 0x0, 0x9f,
    0xf2, 0x0, 0x0, 0x0, 0x9f, 0xf5, 0xcf, 0xe9,
    0x10, 0x9f, 0xff, 0xff, 0xff, 0xc0, 0x9f, 0xfd,
    0x55, 0xdf, 0xf6, 0x9f, 0xf3, 0x0, 0x2f, 0xfb,
    0x9f, 0xf2, 0x0, 0xe, 0xfd, 0x9f, 0xf2, 0x0,
    0xd, 0xfe, 0x9f, 0xf2, 0x0, 0xd, 0xfd, 0x9f,
    0xf2, 0x0, 0x1f, 0xfb, 0x9f, 0xfb, 0x21, 0xaf,
    0xf6, 0x9f, 0xff, 0xff, 0xff, 0xc0, 0x9f, 0xe4,
    0xcf, 0xe9, 0x10,

    /* U+0063 "c" */
    0x0, 0x5c, 0xff, 0xd6, 0x0, 0x8, 0xff, 0xff,
    0xff, 0xa0, 0x3f, 0xfd, 0x55, 0xcf, 0xf4, 0x9f,
    0xf3, 0x0, 0x1f, 0xf8, 0xcf, 0xe0, 0x0, 0x2,
    0x21, 0xdf, 0xd0, 0x0, 0x0, 0x0, 0xcf, 0xe0,
    0x0, 0x0, 0x0, 0x9f, 0xf2, 0x0, 0xd, 0xd7,
    0x3f, 0xfd, 0x44, 0xbf, 0xf4, 0x8, 0xff, 0xff,
    0xff, 0xa0, 0x0, 0x5c, 0xff, 0xc6, 0x0,

    /* U+0064 "d" */
    0x0, 0x0, 0x0, 0x2f, 0xf8, 0x0, 0x0, 0x0,
    0x2f, 0xf8, 0x0, 0x0, 0x0, 0x2f, 0xf8, 0x0,
    0x0, 0x0, 0x2f, 0xf8, 0x0, 0x9e, 0xfc, 0x5f,
    0xf8, 0xc, 0xff, 0xff, 0xff, 0xf8, 0x5f, 0xfd,
    0x55, 0xdf, 0xf8, 0xaf, 0xf2, 0x0, 0x3f, 0xf8,
    0xdf, 0xe0, 0x0, 0x2f, 0xf8, 0xef, 0xd0, 0x0,
    0x2f, 0xf8, 0xdf, 0xe0, 0x0, 0x2f, 0xf8, 0xaf,
    0xf2, 0x0, 0x3f, 0xf8, 0x5f, 0xfd, 0x55, 0xdf,
    0xf8, 0xb, 0xff, 0xff, 0xff, 0xf8, 0x0, 0x9e,
    0xfc, 0x3f, 0xf8,

    /* U+0065 "e" */
    0x0, 0x3b, 0xff, 0xd8, 0x0, 0x0, 0x6f, 0xff,
    0xff, 0xfc, 0x0, 0x2f, 0xfd, 0x54, 0x9f, 0xf8,
    0x9, 0xff, 0x20, 0x0, 0xcf, 0xd0, 0xdf, 0xff,
    0xff, 0xff, 0xff, 0xe, 0xff, 0xff, 0xff, 0xff,
    0xf0, 0xdf, 0xf0, 0x0, 0x0, 0x0, 0xa, 0xff,
    0x60, 0x0, 0x5, 0x0, 0x3f, 0xff, 0x84, 0x5b,
    0xf5, 0x0, 0x6f, 0xff, 0xff, 0xff, 0x60, 0x0,
    0x3a, 0xef, 0xea, 0x30, 0x0,

    /* U+0066 "f" */
    0x0, 0x0, 0x19, 0xef, 0xfd, 0x20, 0x0, 0x2e,
    0xff, 0xff, 0xf2, 0x0, 0xa, 0xff, 0xb5, 0x45,
    0x0, 0x0, 0xef, 0xe0, 0x0, 0x0, 0x0, 0xf,
    0xfb, 0x0, 0x0, 0xc, 0xff, 0xff, 0xff, 0xff,
    0x80, 0xcf, 0xff, 0xff, 0xff, 0xf8, 0x0, 0x0,
    0xff, 0xb0, 0x0, 0x0, 0x0, 0xf, 0xfb, 0x0,
    0x0, 0x0, 0x0, 0xff, 0xb0, 0x0, 0x0, 0x0,
    0xf, 0xfb, 0x0, 0x0, 0x0, 0x0, 0xff, 0xb0,
    0x0, 0x0, 0x0, 0xf, 0xfb, 0x0, 0x0, 0x0,
    0x0, 0xff, 0xb0, 0x0, 0x0, 0x0, 0xf, 0xfb,
    0x0, 0x0, 0x0, 0x0, 0xff, 0xb0, 0x0, 0x0,

    /* U+0067 "g" */
    0x0, 0x8e, 0xfd, 0x6d, 0xfb, 0xb, 0xff, 0xff,
    0xff, 0xfb, 0x5f, 0xfc, 0x21, 0x9f, 0xfb, 0xaf,
    0xf2, 0x0, 0xf, 0xfb, 0xdf, 0xe0, 0x0, 0xf,
    0xfb, 0xef, 0xd0, 0x0, 0xf, 0xfb, 0xdf, 0xe0,
    0x0, 0xf, 0xfb, 0xaf, 0xf3, 0x0, 0x1f, 0xfb,
    0x4f, 0xfe, 0x55, 0xbf, 0xfb, 0xb, 0xff, 0xff,
    0xff, 0xfb, 0x0, 0x8e, 0xfd, 0x5f, 0xfa, 0x1,
    0x0, 0x0, 0x3f, 0xf9, 0xb, 0xd5, 0x35, 0xdf,
    0xf4, 0x1e, 0xff, 0xff, 0xff, 0x90, 0x1, 0x8d,
    0xff, 0xc5, 0x0,

    /* U+0068 "h" */
    0xaf, 0xf1, 0x0, 0x0, 0x0, 0xaf, 0xf1, 0x0,
    0x0, 0x0, 0xaf, 0xf1, 0x0, 0x0, 0x0, 0xaf,
    0xf1, 0x0, 0x0, 0x0, 0xaf, 0xf2, 0x9e, 0xfc,
    0x30, 0xaf, 0xfc, 0xff, 0xff, 0xf2, 0xaf, 0xfc,
    0x54, 0xbf, 0xf9, 0xaf, 0xf1, 0x0, 0xf, 0xfc,
    0xaf, 0xf1, 0x0, 0xe, 0xfd, 0xaf, 0xf1, 0x0,
    0xe, 0xfd, 0xaf, 0xf1, 0x0, 0xe, 0xfd, 0xaf,
    0xf1, 0x0, 0xe, 0xfd, 0xaf, 0xf1, 0x0, 0xe,
    0xfd, 0xaf, 0xf1, 0x0, 0xe, 0xfd, 0xaf, 0xf1,
    0x0, 0xe, 0xfd,

    /* U+0069 "i" */
    0x0, 0xa, 0xf9, 0x0, 0x0, 0x0, 0xff, 0xf0,
    0x0, 0x0, 0x9, 0xe9, 0x0, 0x0, 0x0, 0x0,
    0x0, 0x0, 0xef, 0xff, 0xfd, 0x0, 0xe, 0xff,
    0xff, 0xd0, 0x0, 0x34, 0x4e, 0xfd, 0x0, 0x0,
    0x0, 0xef, 0xd0, 0x0, 0x0, 0xe, 0xfd, 0x0,
    0x0, 0x0, 0xef, 0xd0, 0x0, 0x0, 0xe, 0xfd,
    0x0, 0x0, 0x0, 0xef, 0xd0, 0x0, 0x34, 0x4e,
    0xfe, 0x44, 0x2e, 0xff, 0xff, 0xff, 0xfb, 0xef,
    0xff, 0xff, 0xff, 0xb0,

    /* U+006A "j" */
    0x0, 0x2, 0xee, 0x30, 0x0, 0x7f, 0xf9, 0x0,
    0x2, 0xdd, 0x30, 0x0, 0x0, 0x0, 0xf, 0xff,
    0xff, 0x60, 0xff, 0xff, 0xf6, 0x4, 0x48, 0xff,
    0x60, 0x0, 0x5f, 0xf6, 0x0, 0x5, 0xff, 0x60,
    0x0, 0x5f, 0xf6, 0x0, 0x5, 0xff, 0x60, 0x0,
    0x5f, 0xf6, 0x0, 0x5, 0xff, 0x60, 0x0, 0x5f,
    0xf6, 0x0, 0x5, 0xff, 0x60, 0x0, 0x6f, 0xf5,
    0x34, 0x6e, 0xff, 0x2b, 0xff, 0xff, 0xa0, 0xbf,
    0xfd, 0x70, 0x0,

    /* U+006B "k" */
    0x9f, 0xf2, 0x0, 0x0, 0x0, 0x9, 0xff, 0x20,
    0x0, 0x0, 0x0, 0x9f, 0xf2, 0x0, 0x0, 0x0,
    0x9, 0xff, 0x20, 0x0, 0x0, 0x0, 0x9f, 0xf2,
    0x0, 0x9f, 0xfa, 0x9, 0xff, 0x20, 0x7f, 0xfc,
    0x0, 0x9f, 0xf2, 0x5f, 0xfd, 0x10, 0x9, 0xff,
    0x5f, 0xfe, 0x20, 0x0, 0x9f, 0xff, 0xff, 0x50,
    0x0, 0x9, 0xff, 0xff, 0xfc, 0x0, 0x0, 0x9f,
    0xff, 0xcf, 0xf8, 0x0, 0x9, 0xff, 0x51, 0xef,
    0xf3, 0x0, 0x9f, 0xf2, 0x5, 0xff, 0xd0, 0x9,
    0xff, 0x20, 0xa, 0xff, 0xa0, 0x9f, 0xf2, 0x0,
    0x1e, 0xff, 0x50,

    /* U+006C "l" */
    0x1f, 0xff, 0xff, 0xd0, 0x0, 0x1f, 0xff, 0xff,
    0xd0, 0x0, 0x4, 0x44, 0xef, 0xd0, 0x0, 0x0,
    0x0, 0xef, 0xd0, 0x0, 0x0, 0x0, 0xef, 0xd0,
    0x0, 0x0, 0x0, 0xef, 0xd0, 0x0, 0x0, 0x0,
    0xef, 0xd0, 0x0, 0x0, 0x0, 0xef, 0xd0, 0x0,
    0x0, 0x0, 0xef, 0xd0, 0x0, 0x0, 0x0, 0xef,
    0xd0, 0x0, 0x0, 0x0, 0xef, 0xd0, 0x0, 0x0,
    0x0, 0xef, 0xd0, 0x0, 0x4, 0x44, 0xef, 0xe4,
    0x43, 0x1f, 0xff, 0xff, 0xff, 0xfe, 0x1f, 0xff,
    0xff, 0xff, 0xfe,

    /* U+006D "m" */
    0x4f, 0xf5, 0xdf, 0x98, 0xfe, 0x40, 0x4f, 0xff,
    0xff, 0xff, 0xff, 0xe0, 0x4f, 0xf6, 0x7f, 0xf5,
    0x7f, 0xf1, 0x4f, 0xf3, 0x4f, 0xf2, 0x4f, 0xf2,
    0x4f, 0xf3, 0x4f, 0xf2, 0x4f, 0xf2, 0x4f, 0xf3,
    0x4f, 0xf2, 0x4f, 0xf2, 0x4f, 0xf3, 0x4f, 0xf2,
    0x4f, 0xf2, 0x4f, 0xf3, 0x4f, 0xf2, 0x4f, 0xf2,
    0x4f, 0xf3, 0x4f, 0xf2, 0x4f, 0xf2, 0x4f, 0xf3,
    0x4f, 0xf2, 0x4f, 0xf2, 0x4f, 0xf3, 0x4f, 0xf2,
    0x4f, 0xf2,

    /* U+006E "n" */
    0xaf, 0xe1, 0x9e, 0xfc, 0x40, 0xaf, 0xfc, 0xff,
    0xff, 0xf2, 0xaf, 0xfd, 0x54, 0xbf, 0xf9, 0xaf,
    0xf2, 0x0, 0xf, 0xfc, 0xaf, 0xf1, 0x0, 0xe,
    0xfd, 0xaf, 0xf1, 0x0, 0xe, 0xfd, 0xaf, 0xf1,
    0x0, 0xe, 0xfd, 0xaf, 0xf1, 0x0, 0xe, 0xfd,
    0xaf, 0xf1, 0x0, 0xe, 0xfd, 0xaf, 0xf1, 0x0,
    0xe, 0xfd, 0xaf, 0xf1, 0x0, 0xe, 0xfd,

    /* U+006F "o" */
    0x0, 0x6c, 0xff, 0xc6, 0x0, 0x9, 0xff, 0xff,
    0xff, 0x90, 0x5f, 0xfd, 0x55, 0xdf, 0xf4, 0xbf,
    0xf2, 0x0, 0x2f, 0xfb, 0xff, 0xc0, 0x0, 0xd,
    0xfe, 0xff, 0xb0, 0x0, 0xc, 0xff, 0xff, 0xc0,
    0x0, 0xd, 0xfe, 0xbf, 0xf1, 0x0, 0x1f, 0xfb,
    0x5f, 0xfc, 0x44, 0xcf, 0xf5, 0xa, 0xff, 0xff,
    0xff, 0x90, 0x0, 0x6c, 0xff, 0xc6, 0x0,

    /* U+0070 "p" */
    0x9f, 0xf3, 0xcf, 0xe9, 0x10, 0x9f, 0xff, 0xff,
    0xff, 0xc0, 0x9f, 0xfc, 0x55, 0xdf, 0xf5, 0x9f,
    0xf2, 0x0, 0x3f, 0xfa, 0x9f, 0xf2, 0x0, 0xe,
    0xfd, 0x9f, 0xf2, 0x0, 0xd, 0xfd, 0x9f, 0xf2,
    0x0, 0xe, 0xfd, 0x9f, 0xf2, 0x0, 0x3f, 0xfa,
    0x9f, 0xfc, 0x45, 0xdf, 0xf5, 0x9f, 0xff, 0xff,
    0xff, 0xb0, 0x9f, 0xf5, 0xcf, 0xe9, 0x0, 0x9f,
    0xf2, 0x0, 0x0, 0x0, 0x9f, 0xf2, 0x0, 0x0,
    0x0, 0x9f, 0xf2, 0x0, 0x0, 0x0, 0x9f, 0xf2,
    0x0, 0x0, 0x0,

    /* U+0071 "q" */
    0x1, 0x9e, 0xfd, 0x4e, 0xf9, 0xc, 0xff, 0xff,
    0xff, 0xf9, 0x5f, 0xfb, 0x21, 0xaf, 0xf9, 0xaf,
    0xf1, 0x0, 0x2f, 0xf9, 0xdf, 0xd0, 0x0, 0x2f,
    0xf9, 0xef, 0xd0, 0x0, 0x2f, 0xf9, 0xdf, 0xe0,
    0x0, 0x2f, 0xf9, 0xaf, 0xf2, 0x0, 0x3f, 0xf9,
    0x5f, 0xfd, 0x44, 0xcf, 0xf9, 0xc, 0xff, 0xff,
    0xff, 0xf9, 0x0, 0x9e, 0xfc, 0x6f, 0xf9, 0x0,
    0x0, 0x0, 0x2f, 0xf9, 0x0, 0x0, 0x0, 0x2f,
    0xf9, 0x0, 0x0, 0x0, 0x2f, 0xf9, 0x0, 0x0,
    0x0, 0x2f, 0xf9,

    /* U+0072 "r" */
    0x3f, 0xf5, 0x2b, 0xff, 0xc3, 0xff, 0xaf, 0xff,
    0xfc, 0x3f, 0xff, 0xfe, 0xcd, 0x93, 0xff, 0xf4,
    0x0, 0x0, 0x3f, 0xf9, 0x0, 0x0, 0x3, 0xff,
    0x80, 0x0, 0x0, 0x3f, 0xf8, 0x0, 0x0, 0x3,
    0xff, 0x80, 0x0, 0x0, 0x3f, 0xf8, 0x0, 0x0,
    0x3, 0xff, 0x80, 0x0, 0x0, 0x3f, 0xf8, 0x0,
    0x0, 0x0,

    /* U+0073 "s" */
    0x0, 0x7d, 0xff, 0xd8, 0x10, 0xc, 0xff, 0xff,
    0xff, 0xe2, 0x5f, 0xf8, 0x10, 0x6f, 0xfa, 0x7f,
    0xf4, 0x0, 0x6, 0x75, 0x2f, 0xff, 0xa7, 0x40,
    0x0, 0x3, 0xdf, 0xff, 0xff, 0x70, 0x0, 0x3,
    0x7a, 0xff, 0xf7, 0x79, 0x70, 0x0, 0x1e, 0xfc,
    0x9f, 0xf7, 0x0, 0x4f, 0xfb, 0x1d, 0xff, 0xff,
    0xff, 0xf3, 0x0, 0x8d, 0xff, 0xd9, 0x20,

    /* U+0074 "t" */
    0x0, 0x28, 0x82, 0x0, 0x0, 0x0, 0x5f, 0xf5,
    0x0, 0x0, 0x0, 0x5f, 0xf5, 0x0, 0x0, 0xcf,
    0xff, 0xff, 0xff, 0xf4, 0xcf, 0xff, 0xff, 0xff,
    0xf4, 0x0, 0x6f, 0xf6, 0x0, 0x0, 0x0, 0x5f,
    0xf5, 0x0, 0x0, 0x0, 0x5f, 0xf5, 0x0, 0x0,
    0x0, 0x5f, 0xf5, 0x0, 0x0, 0x0, 0x5f, 0xf5,
    0x0, 0x0, 0x0, 0x5f, 0xf7, 0x0, 0x0, 0x0,
    0x2f, 0xfe, 0x64, 0x64, 0x0, 0xb, 0xff, 0xff,
    0xfa, 0x0, 0x0, 0x9e, 0xff, 0xc6,

    /* U+0075 "u" */
    0x8f, 0xf3, 0x0, 0xf, 0xfb, 0x8f, 0xf3, 0x0,
    0xf, 0xfb, 0x8f, 0xf3, 0x0, 0xf, 0xfb, 0x8f,
    0xf3, 0x0, 0xf, 0xfb, 0x8f, 0xf3, 0x0, 0xf,
    0xfb, 0x8f, 0xf3, 0x0, 0xf, 0xfb, 0x8f, 0xf3,
    0x0, 0xf, 0xfb, 0x7f, 0xf4, 0x0, 0xf, 0xfb,
    0x4f, 0xfb, 0x11, 0x9f, 0xfb, 0xc, 0xff, 0xff,
    0xff, 0xfb, 0x1, 0xaf, 0xfb, 0x2c, 0xfb,

    /* U+0076 "v" */
    0x1f, 0xfa, 0x0, 0x0, 0xaf, 0xf1, 0xc, 0xff,
    0x0, 0x0, 0xff, 0xc0, 0x6, 0xff, 0x40, 0x4,
    0xff, 0x60, 0x0, 0xff, 0x90, 0x9, 0xff, 0x0,
    0x0, 0xaf, 0xe0, 0xe, 0xfa, 0x0, 0x0, 0x4f,
    0xf2, 0x2f, 0xf4, 0x0, 0x0, 0xe, 0xf7, 0x7f,
    0xe0, 0x0, 0x0, 0x8, 0xfc, 0xcf, 0x80, 0x0,
    0x0, 0x2, 0xff, 0xff, 0x30, 0x0, 0x0, 0x0,
    0xdf, 0xfd, 0x0, 0x0, 0x0, 0x0, 0x7f, 0xf7,
    0x0, 0x0,

    /* U+0077 "w" */
    0xaf, 0xd0, 0x1f, 0xe0, 0xf, 0xf7, 0x7f, 0xe0,
    0x4f, 0xf1, 0x2f, 0xf4, 0x4f, 0xf0, 0x7f, 0xf4,
    0x4f, 0xf1, 0x2f, 0xf2, 0xaf, 0xf6, 0x6f, 0xf0,
    0xf, 0xf4, 0xcd, 0xf9, 0x8f, 0xc0, 0xc, 0xf6,
    0xf9, 0xdc, 0x9f, 0x90, 0x9, 0xfa, 0xf6, 0x9f,
    0xbf, 0x60, 0x7, 0xff, 0xf3, 0x6f, 0xff, 0x40,
    0x4, 0xff, 0xf0, 0x3f, 0xff, 0x10, 0x1, 0xff,
    0xd0, 0xf, 0xfe, 0x0, 0x0, 0xef, 0xa0, 0xd,
    0xfb, 0x0,

    /* U+0078 "x" */
    0xa, 0xff, 0x40, 0x0, 0xcf, 0xf2, 0x1, 0xef,
    0xe0, 0x7, 0xff, 0x70, 0x0, 0x5f, 0xf9, 0x3f,
    0xfc, 0x0, 0x0, 0xb, 0xff, 0xef, 0xf2, 0x0,
    0x0, 0x1, 0xff, 0xff, 0x70, 0x0, 0x0, 0x0,
    0xaf, 0xff, 0x10, 0x0, 0x0, 0x3, 0xff, 0xff,
    0xa0, 0x0, 0x0, 0xd, 0xff, 0xcf, 0xf4, 0x0,
    0x0, 0x7f, 0xf7, 0x1f, 0xfe, 0x0, 0x2, 0xff,
    0xc0, 0x5, 0xff, 0x90, 0xc, 0xff, 0x20, 0x0,
    0xaf, 0xf4,

    /* U+0079 "y" */
    0x4f, 0xfa, 0x0, 0x0, 0x3f, 0xfc, 0xd, 0xff,
    0x10, 0x0, 0x9f, 0xf5, 0x6, 0xff, 0x70, 0x0,
    0xef, 0xe0, 0x0, 0xef, 0xd0, 0x5, 0xff, 0x70,
    0x0, 0x8f, 0xf3, 0xb, 0xff, 0x10, 0x0, 0x1f,
    0xf9, 0x1f, 0xf9, 0x0, 0x0, 0xa, 0xff, 0x8f,
    0xf2, 0x0, 0x0, 0x3, 0xff, 0xff, 0xb0, 0x0,
    0x0, 0x0, 0xcf, 0xff, 0x40, 0x0, 0x0, 0x0,
    0x5f, 0xfd, 0x0, 0x0, 0x0, 0x0, 0x3f, 0xf6,
    0x0, 0x0, 0x0, 0x0, 0xbf, 0xe0, 0x0, 0x0,
    0x0, 0x49, 0xff, 0x80, 0x0, 0x0, 0x1, 0xff,
    0xfe, 0x10, 0x0, 0x0, 0x2, 0xff, 0xa1, 0x0,
    0x0, 0x0,

    /* U+007A "z" */
    0xbf, 0xff, 0xff, 0xff, 0xfd, 0xb, 0xff, 0xff,
    0xff, 0xff, 0xc0, 0x24, 0x44, 0x46, 0xff, 0xf2,
    0x0, 0x0, 0x1, 0xef, 0xf4, 0x0, 0x0, 0x0,
    0xcf, 0xf7, 0x0, 0x0, 0x0, 0xaf, 0xf9, 0x0,
    0x0, 0x0, 0x8f, 0xfc, 0x0, 0x0, 0x0, 0x5f,
    0xfd, 0x10, 0x0, 0x0, 0x3f, 0xff, 0x53, 0x33,
    0x33, 0xd, 0xff, 0xff, 0xff, 0xff, 0xf1, 0xdf,
    0xff, 0xff, 0xff, 0xff, 0x10,

    /* U+007B "{" */
    0x0, 0x0, 0x27, 0x20, 0x0, 0x5f, 0xf6, 0x0,
    0x1f, 0xf7, 0x0, 0x5, 0xff, 0x0, 0x0, 0x7f,
    0xf0, 0x0, 0x8, 0xff, 0x0, 0x0, 0x8f, 0xe0,
    0x0, 0xa, 0xfd, 0x0, 0x5, 0xff, 0x60, 0xf,
    0xff, 0x70, 0x0, 0xff, 0xf7, 0x0, 0x0, 0x5f,
    0xf6, 0x0, 0x0, 0xaf, 0xc0, 0x0, 0x8, 0xfe,
    0x0, 0x0, 0x8f, 0xf0, 0x0, 0x8, 0xff, 0x0,
    0x0, 0x6f, 0xf0, 0x0, 0x1, 0xff, 0x40, 0x0,
    0x9, 0xfe, 0x40, 0x0, 0x8, 0xe4,

    /* U+007C "|" */
    0xce, 0xce, 0xce, 0xce, 0xce, 0xce, 0xce, 0xce,
    0xce, 0xce, 0xce, 0xce, 0xce, 0xce, 0xce, 0xce,
    0xce, 0xce, 0xce,

    /* U+007D "}" */
    0x47, 0x10, 0x0, 0xa, 0xfe, 0x20, 0x0, 0xa,
    0xfc, 0x0, 0x0, 0x4f, 0xf1, 0x0, 0x2, 0xff,
    0x40, 0x0, 0x2f, 0xf4, 0x0, 0x2, 0xff, 0x40,
    0x0, 0x1f, 0xf6, 0x0, 0x0, 0xaf, 0xd3, 0x0,
    0x1, 0xbf, 0xfb, 0x0, 0xa, 0xff, 0xb0, 0xa,
    0xfe, 0x30, 0x0, 0xff, 0x60, 0x0, 0x2f, 0xf4,
    0x0, 0x2, 0xff, 0x40, 0x0, 0x2f, 0xf4, 0x0,
    0x4, 0xff, 0x20, 0x0, 0x8f, 0xd0, 0x0, 0x7f,
    0xf5, 0x0, 0x8, 0xd6, 0x0, 0x0,

    /* U+007E "~" */
    0x0, 0x24, 0x10, 0x0, 0x0, 0x0, 0xa, 0xff,
    0xf9, 0x0, 0x8, 0xa1, 0x5f, 0xff, 0xff, 0xd6,
    0x7f, 0xf0, 0xaf, 0x70, 0x5e, 0xff, 0xff, 0xa0,
    0x36, 0x0, 0x1, 0xae, 0xfa, 0x0,

    /* U+00A0 " " */

    /* U+00A1 "¡" */
    0xc, 0xf6, 0x4f, 0xfd, 0x1d, 0xf7, 0x0, 0x0,
    0x0, 0x0, 0x6, 0x73, 0xf, 0xf8, 0xf, 0xf8,
    0xf, 0xf8, 0xf, 0xf8, 0x1f, 0xf9, 0x1f, 0xf9,
    0x1f, 0xf9, 0x1f, 0xf9, 0x2f, 0xfa,

    /* U+00A2 "¢" */
    0x0, 0x0, 0x46, 0x10, 0x0, 0x0, 0x0, 0xbf,
    0x40, 0x0, 0x0, 0x0, 0xbf, 0x50, 0x0, 0x0,
    0x6e, 0xff, 0xfc, 0x30, 0x7, 0xff, 0xff, 0xff,
    0xf2, 0x1f, 0xfd, 0x20, 0x6f, 0xf9, 0x6f, 0xf5,
    0x0, 0xb, 0xeb, 0x9f, 0xf2, 0x0, 0x0, 0x0,
    0x9f, 0xf1, 0x0, 0x0, 0x0, 0x8f, 0xf3, 0x0,
    0x0, 0x11, 0x4f, 0xf8, 0x0, 0xd, 0xfc, 0xd,
    0xff, 0x97, 0xcf, 0xf6, 0x2, 0xdf, 0xff, 0xff,
    0xa0, 0x0, 0x7, 0xef, 0xb4, 0x0, 0x0, 0x0,
    0xbf, 0x40, 0x0, 0x0, 0x0, 0xbf, 0x40, 0x0,

    /* U+00A3 "£" */
    0x0, 0x5, 0xcf, 0xfc, 0x50, 0x0, 0x7, 0xff,
    0xff, 0xff, 0x70, 0x1, 0xff, 0xe6, 0x5e, 0xff,
    0x10, 0x5f, 0xf7, 0x0, 0x6f, 0xf4, 0x6, 0xff,
    0x40, 0x1, 0x44, 0x10, 0x6f, 0xf5, 0x0, 0x0,
    0x0, 0x6, 0xff, 0x50, 0x0, 0x0, 0xe, 0xff,
    0xff, 0xff, 0x60, 0x0, 0xef, 0xff, 0xff, 0xf6,
    0x0, 0x2, 0x6f, 0xf9, 0x33, 0x10, 0x0, 0x4,
    0xff, 0x80, 0x0, 0x0, 0x0, 0x4f, 0xf7, 0x0,
    0x0, 0x0, 0x3a, 0xff, 0x54, 0x44, 0x44, 0x1d,
    0xff, 0xff, 0xff, 0xff, 0xf7, 0xdf, 0xff, 0xff,
    0xff, 0xff, 0x70,

    /* U+00A4 "¤" */
    0x0, 0x10, 0x0, 0x0, 0x1, 0x0, 0x9, 0xd5,
    0xbf, 0xfb, 0x5d, 0x90, 0xc, 0xff, 0xfe, 0xef,
    0xff, 0xd0, 0x3, 0xff, 0x50, 0x6, 0xff, 0x30,
    0x8, 0xf7, 0x0, 0x0, 0x7f, 0x80, 0xc, 0xf1,
    0x0, 0x0, 0x1f, 0xb0, 0xd, 0xf0, 0x0, 0x0,
    0xf, 0xd0, 0xc, 0xf1, 0x0, 0x0, 0x1f, 0xb0,
    0x8, 0xf7, 0x0, 0x0, 0x8f, 0x80, 0x5, 0xff,
    0x60, 0x6, 0xff, 0x50, 0xe, 0xff, 0xfe, 0xef,
    0xff, 0xe0, 0x5, 0xb4, 0xbf, 0xfb, 0x4b, 0x60,
    0x0, 0x0, 0x0, 0x0, 0x0, 0x0,

    /* U+00A5 "¥" */
    0x8f, 0xf7, 0x0, 0x0, 0x4f, 0xfb, 0x1f, 0xfe,
    0x0, 0x0, 0xbf, 0xf3, 0x8, 0xff, 0x50, 0x3,
    0xff, 0xb0, 0x1, 0xff, 0xc0, 0xa, 0xff, 0x20,
    0x0, 0x8f, 0xf3, 0x1f, 0xfa, 0x0, 0x0, 0xe,
    0xfb, 0x8f, 0xf2, 0x0, 0x0, 0x7, 0xff, 0xff,
    0xa0, 0x0, 0x7, 0xab, 0xff, 0xff, 0xca, 0x60,
    0xa, 0xff, 0xff, 0xff, 0xff, 0xa0, 0x0, 0x0,
    0x5f, 0xf6, 0x0, 0x0, 0x7, 0xaa, 0xcf, 0xfc,
    0xaa, 0x60, 0xa, 0xff, 0xff, 0xff, 0xff, 0xa0,
    0x0, 0x0, 0x5f, 0xf6, 0x0, 0x0, 0x0, 0x0,
    0x5f, 0xf6, 0x0, 0x0, 0x0, 0x0, 0x5f, 0xf6,
    0x0, 0x0,

    /* U+00A6 "¦" */
    0x3f, 0xf3, 0x3f, 0xf3, 0x3f, 0xf3, 0x3f, 0xf3,
    0x3f, 0xf3, 0x3f, 0xf3, 0x3f, 0xf3, 0x29, 0x92,
    0x0, 0x0, 0x3e, 0xe3, 0x3f, 0xf3, 0x3f, 0xf3,
    0x3f, 0xf3, 0x3f, 0xf3, 0x3f, 0xf3, 0x3f, 0xf3,
    0x3f, 0xf3,

    /* U+00A7 "§" */
    0x0, 0x18, 0xdf, 0xfe, 0xa2, 0x0, 0x1, 0xef,
    0xff, 0xff, 0xff, 0x40, 0x9, 0xff, 0xa4, 0x48,
    0xff, 0xe0, 0xd, 0xfe, 0x0, 0x0, 0xaf, 0xf2,
    0xc, 0xff, 0x20, 0x0, 0x13, 0x30, 0x7, 0xff,
    0xfa, 0x51, 0x0, 0x0, 0x0, 0xdf, 0xff, 0xff,
    0xb4, 0x0, 0x8, 0xff, 0xae, 0xff, 0xff, 0x80,
    0xf, 0xfa, 0x0, 0x39, 0xff, 0xf2, 0x1f, 0xfb,
    0x0, 0x0, 0x6f, 0xf6, 0xe, 0xff, 0xa3, 0x0,
    0x5f, 0xf5, 0x5, 0xff, 0xff, 0xe9, 0xef, 0xd0,
    0x0, 0x3b, 0xff, 0xff, 0xff, 0x20, 0x0, 0x0,
    0x16, 0xaf, 0xff, 0xb0, 0x2, 0x21, 0x0, 0x1,
    0xdf, 0xf1, 0x1f, 0xfb, 0x0, 0x0, 0x9f, 0xf1,
    0xd, 0xff, 0x94, 0x48, 0xff, 0xe0, 0x3, 0xff,
    0xff, 0xff, 0xff, 0x50, 0x0, 0x29, 0xdf, 0xfe,
    0xa3, 0x0,

    /* U+00A8 "¨" */
    0x6, 0x50, 0x1, 0x72, 0x5f, 0xf2, 0xa, 0xfd,
    0x2e, 0xd1, 0x6, 0xf9,

    /* U+00A9 "©" */
    0x0, 0x3, 0xbe, 0xec, 0x50, 0x0, 0x0, 0x7d,
    0x40, 0x3, 0xc9, 0x0, 0x4, 0xc0, 0x6d, 0xd7,
    0xb, 0x60, 0xc, 0x33, 0xe3, 0x3e, 0x31, 0xd0,
    0xd, 0x8, 0x90, 0x6, 0x30, 0xb2, 0x1c, 0x9,
    0x80, 0x0, 0x0, 0xa4, 0xd, 0x8, 0x90, 0x3,
    0x20, 0xb2, 0xc, 0x34, 0xe1, 0xe, 0x41, 0xd0,
    0x4, 0xc0, 0x9f, 0xfa, 0xb, 0x60, 0x0, 0x7d,
    0x41, 0x3, 0xc9, 0x0, 0x0, 0x3, 0xbe, 0xeb,
    0x50, 0x0,

    /* U+00AA "ª" */
    0x3, 0xcf, 0xfb, 0x20, 0xa, 0xb7, 0x7e, 0xb0,
    0x4, 0xcf, 0xff, 0xf0, 0x1f, 0xc3, 0x2c, 0xf0,
    0x4f, 0x60, 0xd, 0xf0, 0x2f, 0xd7, 0xcf, 0xf0,
    0x7, 0xef, 0xaa, 0xf1,

    /* U+00AB "«" */
    0x0, 0xb, 0xf1, 0x2e, 0xb0, 0x0, 0x7f, 0x70,
    0xcf, 0x20, 0x3, 0xfd, 0x7, 0xf9, 0x0, 0xd,
    0xf4, 0x3f, 0xe1, 0x0, 0xd, 0xf4, 0x3f, 0xe0,
    0x0, 0x3, 0xfd, 0x7, 0xf9, 0x0, 0x0, 0x7f,
    0x70, 0xcf, 0x20, 0x0, 0xc, 0xf1, 0x2f, 0xc0,

    /* U+00AC "¬" */
    0x2b, 0xbb, 0xbb, 0xbb, 0xa3, 0xff, 0xff, 0xff,
    0xff, 0x0, 0x0, 0x0, 0xf, 0xf0, 0x0, 0x0,
    0x0, 0xff, 0x0, 0x0, 0x0, 0x7, 0x70,

    /* U+00AD "­" */
    0x14, 0x44, 0x44, 0x44, 0x34, 0xff, 0xff, 0xff,
    0xfe, 0x4f, 0xff, 0xff, 0xff, 0xe0,

    /* U+00AE "®" */
    0x0, 0x4, 0xbe, 0xeb, 0x50, 0x0, 0x0, 0x7d,
    0x40, 0x3, 0xc9, 0x0, 0x4, 0xc2, 0xff, 0xf9,
    0xb, 0x60, 0xc, 0x31, 0xf0, 0x1e, 0x41, 0xd0,
    0xd, 0x1, 0xf0, 0xe, 0x40, 0xc2, 0x2c, 0x1,
    0xfe, 0xf7, 0x0, 0xa3, 0xd, 0x1, 0xf1, 0xa6,
    0x0, 0xc2, 0xc, 0x31, 0xf0, 0x2e, 0x1, 0xd0,
    0x4, 0xc1, 0x80, 0x6, 0x2b, 0x60, 0x0, 0x7d,
    0x40, 0x3, 0xc9, 0x0, 0x0, 0x4, 0xbe, 0xec,
    0x50, 0x0,

    /* U+00AF "¯" */
    0x3a, 0xaa, 0xaa, 0xa8, 0x5f, 0xff, 0xff, 0xfc,

    /* U+00B0 "°" */
    0x0, 0x1, 0x0, 0x7, 0xff, 0xa0, 0x4f, 0x96,
    0xf7, 0x7f, 0x0, 0xbb, 0x5f, 0x63, 0xe8, 0xb,
    0xff, 0xd1, 0x0, 0x34, 0x0,

    /* U+00B1 "±" */
    0x0, 0x4, 0xff, 0x20, 0x0, 0x0, 0x4, 0xff,
    0x20, 0x0, 0x0, 0x4, 0xff, 0x20, 0x0, 0x25,
    0x57, 0xff, 0x65, 0x51, 0x9f, 0xff, 0xff, 0xff,
    0xf6, 0x9f, 0xff, 0xff, 0xff, 0xf6, 0x0, 0x4,
    0xff, 0x20, 0x0, 0x0, 0x4, 0xff, 0x20, 0x0,
    0x0, 0x4, 0xff, 0x20, 0x0, 0x0, 0x2, 0x88,
    0x10, 0x0, 0x14, 0x44, 0x44, 0x44, 0x40, 0x5f,
    0xff, 0xff, 0xff, 0xf1, 0x5f, 0xff, 0xff, 0xff,
    0xf1,

    /* U+00B2 "²" */
    0x2, 0xbf, 0xfb, 0x20, 0xd, 0xfb, 0xbf, 0xc0,
    0x7, 0x70, 0x3f, 0xd0, 0x0, 0x2, 0xdf, 0x40,
    0x0, 0x5f, 0xd3, 0x0, 0x9, 0xff, 0x98, 0x81,
    0xe, 0xff, 0xff, 0xf2,

    /* U+00B3 "³" */
    0x4, 0xcf, 0xfd, 0x50, 0xa, 0xba, 0xbf, 0xe0,
    0x0, 0xf, 0xff, 0x40, 0x0, 0x3, 0x6f, 0xd0,
    0x19, 0x80, 0xe, 0xf1, 0xe, 0xfb, 0xbf, 0xd0,
    0x2, 0xbf, 0xfb, 0x20,

    /* U+00B4 "´" */
    0x0, 0x8c, 0xc2, 0x4, 0xff, 0x50, 0xe, 0xf5,
    0x0,

    /* U+00B5 "µ" */
    0x5f, 0xf6, 0x0, 0xc, 0xff, 0x5f, 0xf6, 0x0,
    0xc, 0xff, 0x5f, 0xf6, 0x0, 0xc, 0xff, 0x5f,
    0xf6, 0x0, 0xc, 0xff, 0x5f, 0xf6, 0x0, 0xc,
    0xff, 0x5f, 0xf6, 0x0, 0xc, 0xff, 0x5f, 0xf6,
    0x0, 0xc, 0xff, 0x5f, 0xf8, 0x0, 0xc, 0xff,
    0x5f, 0xff, 0x64, 0x9f, 0xff, 0x5f, 0xff, 0xff,
    0xff, 0xff, 0x5f, 0xfc, 0xef, 0xbb, 0xff, 0x5f,
    0xf6, 0x0, 0x0, 0x0, 0x5f, 0xf6, 0x0, 0x0,
    0x0, 0x5f, 0xf6, 0x0, 0x0, 0x0, 0x5f, 0xf6,
    0x0, 0x0, 0x0,

    /* U+00B6 "¶" */
    0x0, 0x7d, 0xff, 0xfd, 0xc, 0xff, 0xff, 0xfd,
    0x6f, 0xff, 0xff, 0xfd, 0xcf, 0xff, 0xff, 0xfd,
    0xef, 0xff, 0xff, 0xfd, 0xdf, 0xff, 0xff, 0xfd,
    0x9f, 0xff, 0xff, 0xfd, 0x1f, 0xff, 0xff, 0xfd,
    0x3, 0xdf, 0xff, 0xfd, 0x0, 0x2, 0x58, 0xfd,
    0x0, 0x0, 0x4, 0xfd, 0x0, 0x0, 0x4, 0xfd,
    0x0, 0x0, 0x4, 0xfd, 0x0, 0x0, 0x4, 0xfd,
    0x0, 0x0, 0x4, 0xfd,

    /* U+00B7 "·" */
    0xb, 0xf7, 0x2f, 0xfe, 0xb, 0xf7,

    /* U+00B8 "¸" */
    0x38, 0x40, 0x9f, 0xf6, 0x6, 0xfe, 0x4d, 0xfc,
    0x6e, 0xa2,

    /* U+00B9 "¹" */
    0x0, 0x5, 0x61, 0xbf, 0xfa, 0x2d, 0xcf, 0xa0,
    0x4, 0xfa, 0x0, 0x4f, 0xa0, 0x4, 0xfa, 0x0,
    0x4f, 0xa0, 0x4, 0xfa,

    /* U+00BA "º" */
    0x2, 0xbf, 0xfb, 0x20, 0x1e, 0xf8, 0x8f, 0xe0,
    0x5f, 0x60, 0x7, 0xf4, 0x6f, 0x50, 0x5, 0xf5,
    0x5f, 0x60, 0x7, 0xf4, 0x1e, 0xe8, 0x8f, 0xe0,
    0x2, 0xbf, 0xfb, 0x20,

    /* U+00BB "»" */
    0x7f, 0x50, 0xce, 0x10, 0x0, 0xee, 0x13, 0xfb,
    0x0, 0x5, 0xfb, 0xa, 0xf6, 0x0, 0xb, 0xf7,
    0x1f, 0xf2, 0x0, 0xbf, 0x71, 0xff, 0x20, 0x4f,
    0xb0, 0xaf, 0x70, 0xd, 0xe1, 0x3f, 0xb0, 0x7,
    0xf5, 0xc, 0xe1, 0x0,

    /* U+00BC "¼" */
    0x0, 0x16, 0x0, 0x0, 0x0, 0x0, 0x3c, 0xff,
    0x10, 0x0, 0x0, 0x0, 0x5b, 0xdf, 0x10, 0x1,
    0x10, 0x0, 0x0, 0xbf, 0x10, 0x9, 0xe0, 0x0,
    0x0, 0xbf, 0x10, 0x2f, 0x70, 0x0, 0x0, 0xbf,
    0x10, 0xbe, 0x0, 0x0, 0x0, 0xbf, 0x14, 0xf6,
    0x0, 0x0, 0x0, 0x58, 0xc, 0xd0, 0x1, 0x0,
    0x0, 0x0, 0x5f, 0x40, 0x9f, 0xa0, 0x0, 0x0,
    0xdc, 0x4, 0xff, 0xa0, 0x0, 0x7, 0xf3, 0x1e,
    0xaf, 0xa0, 0x0, 0xe, 0xa0, 0xcc, 0x4f, 0xa0,
    0x0, 0x1, 0x13, 0xff, 0xff, 0xf6, 0x0, 0x0,
    0x1, 0x55, 0x6f, 0xb2, 0x0, 0x0, 0x0, 0x0,
    0x2f, 0xa0,

    /* U+00BD "½" */
    0x0, 0x2, 0x0, 0x0, 0x0, 0x0, 0x39, 0xea,
    0x0, 0x0, 0x0, 0x0, 0xce, 0xfa, 0x0, 0x0,
    0x0, 0x0, 0x11, 0xfa, 0x0, 0x2d, 0x30, 0x0,
    0x1, 0xfa, 0x0, 0xae, 0x0, 0x0, 0x1, 0xfa,
    0x3, 0xf7, 0x0, 0x0, 0x1, 0xfa, 0xb, 0xe0,
    0x0, 0x0, 0x1, 0xc8, 0x4f, 0x50, 0x11, 0x0,
    0x0, 0x0, 0xcd, 0x1c, 0xff, 0xb1, 0x0, 0x5,
    0xf4, 0xaf, 0x79, 0xf7, 0x0, 0xd, 0xc0, 0x45,
    0x5, 0xf8, 0x0, 0x6f, 0x30, 0x0, 0x1e, 0xf2,
    0x0, 0x48, 0x0, 0x2, 0xef, 0x40, 0x0, 0x0,
    0x0, 0x2e, 0xf5, 0x21, 0x0, 0x0, 0x0, 0xaf,
    0xff, 0xfc, 0x0, 0x0, 0x0, 0x34, 0x44, 0x43,

    /* U+00BE "¾" */
    0x0, 0x11, 0x0, 0x0, 0x0, 0x0, 0x2c, 0xff,
    0xe5, 0x0, 0x0, 0x0, 0x49, 0x66, 0xfc, 0x0,
    0x22, 0x0, 0x0, 0xbf, 0xf3, 0x0, 0xca, 0x0,
    0x0, 0x24, 0xfc, 0x5, 0xf2, 0x0, 0x8e, 0x53,
    0xee, 0xd, 0xa0, 0x0, 0x2e, 0xff, 0xf6, 0x6f,
    0x10, 0x0, 0x0, 0x44, 0x10, 0xe9, 0x0, 0x10,
    0x0, 0x0, 0x8, 0xf1, 0x2f, 0xf1, 0x0, 0x0,
    0x1f, 0x80, 0xcf, 0xf1, 0x0, 0x0, 0xae, 0x9,
    0xec, 0xf1, 0x0, 0x1, 0xf7, 0x4f, 0x5b, 0xf3,
    0x0, 0x0, 0x30, 0xcf, 0xff, 0xfe, 0x0, 0x0,
    0x0, 0x35, 0x5c, 0xf5, 0x0, 0x0, 0x0, 0x0,
    0xb, 0xf1,

    /* U+00BF "¿" */
    0x0, 0x0, 0x7f, 0x90, 0x0, 0x0, 0x0, 0xbf,
    0xd0, 0x0, 0x0, 0x0, 0x38, 0x30, 0x0, 0x0,
    0x0, 0x0, 0x0, 0x0, 0x0, 0x0, 0x69, 0x60,
    0x0, 0x0, 0x0, 0xcf, 0xb0, 0x0, 0x0, 0x5,
    0xff, 0x80, 0x0, 0x0, 0x5f, 0xfd, 0x10, 0x0,
    0x3, 0xff, 0xe1, 0x0, 0x0, 0xb, 0xff, 0x30,
    0x0, 0x0, 0xf, 0xfc, 0x0, 0x0, 0x0, 0xf,
    0xfc, 0x0, 0x1f, 0xfa, 0xc, 0xff, 0x75, 0xbf,
    0xf7, 0x4, 0xff, 0xff, 0xff, 0xd0, 0x0, 0x3b,
    0xff, 0xd9, 0x10,

    /* U+00C0 "À" */
    0x0, 0x1d, 0xfd, 0x0, 0x0, 0x0, 0x0, 0x2,
    0xef, 0x70, 0x0, 0x0, 0x0, 0x0, 0x2c, 0xc1,
    0x0, 0x0, 0x0, 0x0, 0x3f, 0xf9, 0x0, 0x0,
    0x0, 0x0, 0x8f, 0xfe, 0x0, 0x0, 0x0, 0x0,
    0xdf, 0xff, 0x20, 0x0, 0x0, 0x2, 0xff, 0xff,
    0x70, 0x0, 0x0, 0x7, 0xff, 0xbf, 0xc0, 0x0,
    0x0, 0xc, 0xfc, 0x7f, 0xf1, 0x0, 0x0, 0x1f,
    0xf7, 0x2f, 0xf6, 0x0, 0x0, 0x6f, 0xf3, 0xe,
    0xfb, 0x0, 0x0, 0xbf, 0xf0, 0xa, 0xff, 0x0,
    0x0, 0xff, 0xd6, 0x6a, 0xff, 0x50, 0x5, 0xff,
    0xff, 0xff, 0xff, 0xa0, 0xa, 0xff, 0xff, 0xff,
    0xff, 0xe0, 0xe, 0xfd, 0x0, 0x0, 0x9f, 0xf3,
    0x4f, 0xf9, 0x0, 0x0, 0x5f, 0xf8, 0x9f, 0xf4,
    0x0, 0x0, 0xf, 0xfd,

    /* U+00C1 "Á" */
    0x0, 0x0, 0x0, 0x7f, 0xf6, 0x0, 0x0, 0x0,
    0x2, 0xff, 0x60, 0x0, 0x0, 0x0, 0x8, 0xc6,
    0x0, 0x0, 0x0, 0x0, 0x3f, 0xf9, 0x0, 0x0,
    0x0, 0x0, 0x8f, 0xfe, 0x0, 0x0, 0x0, 0x0,
    0xdf, 0xff, 0x20, 0x0, 0x0, 0x2, 0xff, 0xff,
    0x70, 0x0, 0x0, 0x7, 0xff, 0xbf, 0xc0, 0x0,
    0x0, 0xc, 0xfc, 0x7f, 0xf1, 0x0, 0x0, 0x1f,
    0xf7, 0x2f, 0xf6, 0x0, 0x0, 0x6f, 0xf3, 0xe,
    0xfb, 0x0, 0x0, 0xbf, 0xf0, 0xa, 0xff, 0x0,
    0x0, 0xff, 0xd6, 0x6a, 0xff, 0x50, 0x5, 0xff,
    0xff, 0xff, 0xff, 0xa0, 0xa, 0xff, 0xff, 0xff,
    0xff, 0xe0, 0xe, 0xfd, 0x0, 0x0, 0x9f, 0xf3,
    0x4f, 0xf9, 0x0, 0x0, 0x5f, 0xf8, 0x9f, 0xf4,
    0x0, 0x0, 0xf, 0xfd,

    /* U+00C2 "Â" */
    0x0, 0x0, 0x7, 0x82, 0x0, 0x0, 0x0, 0x1,
    0xcf, 0xff, 0x50, 0x0, 0x0, 0x3e, 0xf5, 0x2d,
    0xf8, 0x0, 0x0, 0x0, 0x0, 0x0, 0x0, 0x0,
    0x0, 0x0, 0x3f, 0xf9, 0x0, 0x0, 0x0, 0x0,
    0x8f, 0xfe, 0x0, 0x0, 0x0, 0x0, 0xdf, 0xff,
    0x20, 0x0, 0x0, 0x2, 0xff, 0xff, 0x70, 0x0,
    0x0, 0x7, 0xff, 0xbf, 0xc0, 0x0, 0x0, 0xc,
    0xfc, 0x7f, 0xf1, 0x0, 0x0, 0x1f, 0xf7, 0x2f,
    0xf6, 0x0, 0x0, 0x6f, 0xf3, 0xe, 0xfb, 0x0,
    0x0, 0xbf, 0xf0, 0xa, 0xff, 0x0, 0x0, 0xff,
    0xd6, 0x6a, 0xff, 0x50, 0x5, 0xff, 0xff, 0xff,
    0xff, 0xa0, 0xa, 0xff, 0xff, 0xff, 0xff, 0xe0,
    0xe, 0xfd, 0x0, 0x0, 0x9f, 0xf3, 0x4f, 0xf9,
    0x0, 0x0, 0x5f, 0xf8, 0x9f, 0xf4, 0x0, 0x0,
    0xf, 0xfd,

    /* U+00C3 "Ã" */
    0x0, 0x4, 0xba, 0x30, 0xa7, 0x0, 0x0, 0x1f,
    0xff, 0xff, 0xf7, 0x0, 0x0, 0x3c, 0x21, 0x8b,
    0x80, 0x0, 0x0, 0x0, 0x0, 0x0, 0x0, 0x0,
    0x0, 0x0, 0x3f, 0xf9, 0x0, 0x0, 0x0, 0x0,
    0x8f, 0xfe, 0x0, 0x0, 0x0, 0x0, 0xdf, 0xff,
    0x20, 0x0, 0x0, 0x2, 0xff, 0xff, 0x70, 0x0,
    0x0, 0x7, 0xff, 0xbf, 0xc0, 0x0, 0x0, 0xc,
    0xfc, 0x7f, 0xf1, 0x0, 0x0, 0x1f, 0xf7, 0x2f,
    0xf6, 0x0, 0x0, 0x6f, 0xf3, 0xe, 0xfb, 0x0,
    0x0, 0xbf, 0xf0, 0xa, 0xff, 0x0, 0x0, 0xff,
    0xd6, 0x6a, 0xff, 0x50, 0x5, 0xff, 0xff, 0xff,
    0xff, 0xa0, 0xa, 0xff, 0xff, 0xff, 0xff, 0xe0,
    0xe, 0xfd, 0x0, 0x0, 0x9f, 0xf3, 0x4f, 0xf9,
    0x0, 0x0, 0x5f, 0xf8, 0x9f, 0xf4, 0x0, 0x0,
    0xf, 0xfd,

    /* U+00C4 "Ä" */
    0x0, 0x6, 0x40, 0x2, 0x72, 0x0, 0x0, 0x7f,
    0xf1, 0xc, 0xfb, 0x0, 0x0, 0x3f, 0xc0, 0x8,
    0xf7, 0x0, 0x0, 0x0, 0x0, 0x0, 0x0, 0x0,
    0x0, 0x0, 0x3f, 0xf9, 0x0, 0x0, 0x0, 0x0,
    0x8f, 0xfe, 0x0, 0x0, 0x0, 0x0, 0xdf, 0xff,
    0x20, 0x0, 0x0, 0x2, 0xff, 0xff, 0x70, 0x0,
    0x0, 0x7, 0xff, 0xbf, 0xc0, 0x0, 0x0, 0xc,
    0xfc, 0x7f, 0xf1, 0x0, 0x0, 0x1f, 0xf7, 0x2f,
    0xf6, 0x0, 0x0, 0x6f, 0xf3, 0xe, 0xfb, 0x0,
    0x0, 0xbf, 0xf0, 0xa, 0xff, 0x0, 0x0, 0xff,
    0xd6, 0x6a, 0xff, 0x50, 0x5, 0xff, 0xff, 0xff,
    0xff, 0xa0, 0xa, 0xff, 0xff, 0xff, 0xff, 0xe0,
    0xe, 0xfd, 0x0, 0x0, 0x9f, 0xf3, 0x4f, 0xf9,
    0x0, 0x0, 0x5f, 0xf8, 0x9f, 0xf4, 0x0, 0x0,
    0xf, 0xfd,

    /* U+00C5 "Å" */
    0x0, 0x0, 0x3d, 0xe7, 0x0, 0x0, 0x0, 0x0,
    0xc6, 0x1f, 0x20, 0x0, 0x0, 0x0, 0xc6, 0x1f,
    0x20, 0x0, 0x0, 0x0, 0x3d, 0xe7, 0x0, 0x0,
    0x0, 0x0, 0x3f, 0xf9, 0x0, 0x0, 0x0, 0x0,
    0x8f, 0xfe, 0x0, 0x0, 0x0, 0x0, 0xdf, 0xff,
    0x20, 0x0, 0x0, 0x2, 0xff, 0xff, 0x70, 0x0,
    0x0, 0x7, 0xff, 0xbf, 0xc0, 0x0, 0x0, 0xc,
    0xfc, 0x7f, 0xf1, 0x0, 0x0, 0x1f, 0xf7, 0x2f,
    0xf6, 0x0, 0x0, 0x6f, 0xf3, 0xe, 0xfb, 0x0,
    0x0, 0xbf, 0xf0, 0xa, 0xff, 0x0, 0x0, 0xff,
    0xd6, 0x6a, 0xff, 0x50, 0x5, 0xff, 0xff, 0xff,
    0xff, 0xa0, 0xa, 0xff, 0xff, 0xff, 0xff, 0xe0,
    0xe, 0xfd, 0x0, 0x0, 0x9f, 0xf3, 0x4f, 0xf9,
    0x0, 0x0, 0x5f, 0xf8, 0x9f, 0xf4, 0x0, 0x0,
    0xf, 0xfd,

    /* U+00C6 "Æ" */
    0x0, 0x0, 0xf, 0xff, 0xff, 0xf4, 0x0, 0x0,
    0x5f, 0xff, 0xff, 0xf4, 0x0, 0x0, 0xaf, 0xff,
    0xe4, 0x41, 0x0, 0x0, 0xef, 0xff, 0xe0, 0x0,
    0x0, 0x4, 0xff, 0xcf, 0xe0, 0x0, 0x0, 0x9,
    0xfc, 0xbf, 0xe0, 0x0, 0x0, 0xe, 0xf8, 0xbf,
    0xe4, 0x30, 0x0, 0x3f, 0xf3, 0xbf, 0xff, 0xf0,
    0x0, 0x8f, 0xe0, 0xbf, 0xff, 0xf0, 0x0, 0xdf,
    0xff, 0xff, 0xe0, 0x0, 0x2, 0xff, 0xff, 0xff,
    0xe0, 0x0, 0x7, 0xff, 0x76, 0xdf, 0xe0, 0x0,
    0xc, 0xfd, 0x0, 0xbf, 0xe4, 0x42, 0x1f, 0xf9,
    0x0, 0xbf, 0xff, 0xf8, 0x6f, 0xf5, 0x0, 0xbf,
    0xff, 0xf8,

    /* U+00C7 "Ç" */
    0x0, 0x5, 0xcf, 0xfd, 0x70, 0x0, 0x0, 0x8f,
    0xff, 0xff, 0xfc, 0x0, 0x4, 0xff, 0xd5, 0x5b,
    0xff, 0x80, 0xb, 0xff, 0x20, 0x0, 0xdf, 0xe0,
    0xf, 0xfc, 0x0, 0x0, 0x9e, 0xe1, 0x2f, 0xf9,
    0x0, 0x0, 0x0, 0x0, 0x3f, 0xf9, 0x0, 0x0,
    0x0, 0x0, 0x3f, 0xf9, 0x0, 0x0, 0x0, 0x0,
    0x3f, 0xf9, 0x0, 0x0, 0x0, 0x0, 0x2f, 0xf9,
    0x0, 0x0, 0x0, 0x0, 0xf, 0xfb, 0x0, 0x0,
    0x8c, 0xc1, 0xb, 0xff, 0x10, 0x0, 0xef, 0xe0,
    0x4, 0xff, 0xd5, 0x5b, 0xff, 0x80, 0x0, 0x9f,
    0xff, 0xff, 0xfc, 0x0, 0x0, 0x5, 0xcf, 0xfd,
    0x70, 0x0, 0x0, 0x0, 0x1f, 0xf9, 0x0, 0x0,
    0x0, 0x0, 0x1, 0xef, 0x60, 0x0, 0x0, 0x0,
    0xa, 0xff, 0x40, 0x0, 0x0, 0x0, 0xe, 0xd7,
    0x0, 0x0,

    /* U+00C8 "È" */
    0x1, 0xdf, 0xe0, 0x0, 0x0, 0x0, 0x1, 0xdf,
    0x90, 0x0, 0x0, 0x0, 0x2, 0xcc, 0x10, 0x0,
    0x9, 0xff, 0xff, 0xff, 0xff, 0xf0, 0x9f, 0xff,
    0xff, 0xff, 0xff, 0x9, 0xff, 0x64, 0x44, 0x44,
    0x40, 0x9f, 0xf3, 0x0, 0x0, 0x0, 0x9, 0xff,
    0x30, 0x0, 0x0, 0x0, 0x9f, 0xf3, 0x0, 0x0,
    0x0, 0x9, 0xff, 0x53, 0x33, 0x33, 0x0, 0x9f,
    0xff, 0xff, 0xff, 0xf0, 0x9, 0xff, 0xff, 0xff,
    0xff, 0x0, 0x9f, 0xf3, 0x0, 0x0, 0x0, 0x9,
    0xff, 0x30, 0x0, 0x0, 0x0, 0x9f, 0xf3, 0x0,
    0x0, 0x0, 0x9, 0xff, 0x64, 0x44, 0x44, 0x40,
    0x9f, 0xff, 0xff, 0xff, 0xff, 0x9, 0xff, 0xff,
    0xff, 0xff, 0xf0,

    /* U+00C9 "É" */
    0x0, 0x0, 0x6, 0xff, 0x70, 0x0, 0x0, 0x1,
    0xff, 0x70, 0x0, 0x0, 0x0, 0x7c, 0x70, 0x0,
    0x9, 0xff, 0xff, 0xff, 0xff, 0xf0, 0x9f, 0xff,
    0xff, 0xff, 0xff, 0x9, 0xff, 0x64, 0x44, 0x44,
    0x40, 0x9f, 0xf3, 0x0, 0x0, 0x0, 0x9, 0xff,
    0x30, 0x0, 0x0, 0x0, 0x9f, 0xf3, 0x0, 0x0,
    0x0, 0x9, 0xff, 0x53, 0x33, 0x33, 0x0, 0x9f,
    0xff, 0xff, 0xff, 0xf0, 0x9, 0xff, 0xff, 0xff,
    0xff, 0x0, 0x9f, 0xf3, 0x0, 0x0, 0x0, 0x9,
    0xff, 0x30, 0x0, 0x0, 0x0, 0x9f, 0xf3, 0x0,
    0x0, 0x0, 0x9, 0xff, 0x64, 0x44, 0x44, 0x40,
    0x9f, 0xff, 0xff, 0xff, 0xff, 0x9, 0xff, 0xff,
    0xff, 0xff, 0xf0,

    /* U+00CA "Ê" */
    0x0, 0x0, 0x68, 0x30, 0x0, 0x0, 0x1, 0xbf,
    0xff, 0x60, 0x0, 0x2, 0xdf, 0x61, 0xcf, 0x90,
    0x0, 0x0, 0x0, 0x0, 0x0, 0x0, 0x9f, 0xff,
    0xff, 0xff, 0xff, 0x9, 0xff, 0xff, 0xff, 0xff,
    0xf0, 0x9f, 0xf6, 0x44, 0x44, 0x44, 0x9, 0xff,
    0x30, 0x0, 0x0, 0x0, 0x9f, 0xf3, 0x0, 0x0,
    0x0, 0x9, 0xff, 0x30, 0x0, 0x0, 0x0, 0x9f,
    0xf5, 0x33, 0x33, 0x30, 0x9, 0xff, 0xff, 0xff,
    0xff, 0x0, 0x9f, 0xff, 0xff, 0xff, 0xf0, 0x9,
    0xff, 0x30, 0x0, 0x0, 0x0, 0x9f, 0xf3, 0x0,
    0x0, 0x0, 0x9, 0xff, 0x30, 0x0, 0x0, 0x0,
    0x9f, 0xf6, 0x44, 0x44, 0x44, 0x9, 0xff, 0xff,
    0xff, 0xff, 0xf0, 0x9f, 0xff, 0xff, 0xff, 0xff,
    0x0,

    /* U+00CB "Ë" */
    0x0, 0x64, 0x0, 0x17, 0x20, 0x0, 0x6f, 0xf2,
    0xb, 0xfd, 0x0, 0x3, 0xed, 0x0, 0x7f, 0x90,
    0x0, 0x0, 0x0, 0x0, 0x0, 0x0, 0x9f, 0xff,
    0xff, 0xff, 0xff, 0x9, 0xff, 0xff, 0xff, 0xff,
    0xf0, 0x9f, 0xf6, 0x44, 0x44, 0x44, 0x9, 0xff,
    0x30, 0x0, 0x0, 0x0, 0x9f, 0xf3, 0x0, 0x0,
    0x0, 0x9, 0xff, 0x30, 0x0, 0x0, 0x0, 0x9f,
    0xf5, 0x33, 0x33, 0x30, 0x9, 0xff, 0xff, 0xff,
    0xff, 0x0, 0x9f, 0xff, 0xff, 0xff, 0xf0, 0x9,
    0xff, 0x30, 0x0, 0x0, 0x0, 0x9f, 0xf3, 0x0,
    0x0, 0x0, 0x9, 0xff, 0x30, 0x0, 0x0, 0x0,
    0x9f, 0xf6, 0x44, 0x44, 0x44, 0x9, 0xff, 0xff,
    0xff, 0xff, 0xf0, 0x9f, 0xff, 0xff, 0xff, 0xff,
    0x0,

    /* U+00CC "Ì" */
    0x4, 0xff, 0x80, 0x0, 0x0, 0x0, 0x5f, 0xf3,
    0x0, 0x0, 0x0, 0x6, 0xc9, 0x0, 0x0, 0x1f,
    0xff, 0xff, 0xff, 0xf1, 0x1f, 0xff, 0xff, 0xff,
    0xf1, 0x4, 0x49, 0xff, 0x84, 0x40, 0x0, 0x6,
    0xff, 0x50, 0x0, 0x0, 0x6, 0xff, 0x50, 0x0,
    0x0, 0x6, 0xff, 0x50, 0x0, 0x0, 0x6, 0xff,
    0x50, 0x0, 0x0, 0x6, 0xff, 0x50, 0x0, 0x0,
    0x6, 0xff, 0x50, 0x0, 0x0, 0x6, 0xff, 0x50,
    0x0, 0x0, 0x6, 0xff, 0x50, 0x0, 0x0, 0x6,
    0xff, 0x50, 0x0, 0x4, 0x48, 0xff, 0x74, 0x40,
    0x1f, 0xff, 0xff, 0xff, 0xf1, 0x1f, 0xff, 0xff,
    0xff, 0xf1,

    /* U+00CD "Í" */
    0x0, 0x0, 0xc, 0xfe, 0x20, 0x0, 0x0, 0x7f,
    0xe2, 0x0, 0x0, 0x0, 0xbc, 0x20, 0x0, 0x1f,
    0xff, 0xff, 0xff, 0xf1, 0x1f, 0xff, 0xff, 0xff,
    0xf1, 0x4, 0x49, 0xff, 0x84, 0x40, 0x0, 0x6,
    0xff, 0x50, 0x0, 0x0, 0x6, 0xff, 0x50, 0x0,
    0x0, 0x6, 0xff, 0x50, 0x0, 0x0, 0x6, 0xff,
    0x50, 0x0, 0x0, 0x6, 0xff, 0x50, 0x0, 0x0,
    0x6, 0xff, 0x50, 0x0, 0x0, 0x6, 0xff, 0x50,
    0x0, 0x0, 0x6, 0xff, 0x50, 0x0, 0x0, 0x6,
    0xff, 0x50, 0x0, 0x4, 0x48, 0xff, 0x74, 0x40,
    0x1f, 0xff, 0xff, 0xff, 0xf1, 0x1f, 0xff, 0xff,
    0xff, 0xf1,

    /* U+00CE "Î" */
    0x0, 0x1, 0x77, 0x0, 0x0, 0x0, 0x4e, 0xff,
    0xc2, 0x0, 0x6, 0xfd, 0x25, 0xfe, 0x30, 0x0,
    0x0, 0x0, 0x0, 0x0, 0x1f, 0xff, 0xff, 0xff,
    0xf1, 0x1f, 0xff, 0xff, 0xff, 0xf1, 0x4, 0x49,
    0xff, 0x84, 0x40, 0x0, 0x6, 0xff, 0x50, 0x0,
    0x0, 0x6, 0xff, 0x50, 0x0, 0x0, 0x6, 0xff,
    0x50, 0x0, 0x0, 0x6, 0xff, 0x50, 0x0, 0x0,
    0x6, 0xff, 0x50, 0x0, 0x0, 0x6, 0xff, 0x50,
    0x0, 0x0, 0x6, 0xff, 0x50, 0x0, 0x0, 0x6,
    0xff, 0x50, 0x0, 0x0, 0x6, 0xff, 0x50, 0x0,
    0x4, 0x48, 0xff, 0x74, 0x40, 0x1f, 0xff, 0xff,
    0xff, 0xf1, 0x1f, 0xff, 0xff, 0xff, 0xf1,

    /* U+00CF "Ï" */
    0x2, 0x71, 0x0, 0x46, 0x0, 0xc, 0xfb, 0x1,
    0xff, 0x60, 0x8, 0xf7, 0x0, 0xce, 0x30, 0x0,
    0x0, 0x0, 0x0, 0x0, 0x1f, 0xff, 0xff, 0xff,
    0xf1, 0x1f, 0xff, 0xff, 0xff, 0xf1, 0x4, 0x49,
    0xff, 0x84, 0x40, 0x0, 0x6, 0xff, 0x50, 0x0,
    0x0, 0x6, 0xff, 0x50, 0x0, 0x0, 0x6, 0xff,
    0x50, 0x0, 0x0, 0x6, 0xff, 0x50, 0x0, 0x0,
    0x6, 0xff, 0x50, 0x0, 0x0, 0x6, 0xff, 0x50,
    0x0, 0x0, 0x6, 0xff, 0x50, 0x0, 0x0, 0x6,
    0xff, 0x50, 0x0, 0x0, 0x6, 0xff, 0x50, 0x0,
    0x4, 0x48, 0xff, 0x74, 0x40, 0x1f, 0xff, 0xff,
    0xff, 0xf1, 0x1f, 0xff, 0xff, 0xff, 0xf1,

    /* U+00D0 "Ð" */
    0x0, 0xaf, 0xff, 0xfd, 0x81, 0x0, 0x0, 0xa,
    0xff, 0xff, 0xff, 0xe3, 0x0, 0x0, 0xaf, 0xf5,
    0x5a, 0xff, 0xe1, 0x0, 0xa, 0xff, 0x20, 0x7,
    0xff, 0x90, 0x0, 0xaf, 0xf2, 0x0, 0xe, 0xfe,
    0x0, 0xa, 0xff, 0x20, 0x0, 0xaf, 0xf2, 0x0,
    0xaf, 0xf2, 0x0, 0x8, 0xff, 0x46, 0xff, 0xff,
    0xff, 0x50, 0x8f, 0xf4, 0x5c, 0xef, 0xfd, 0xc4,
    0x8, 0xff, 0x40, 0xa, 0xff, 0x20, 0x0, 0xaf,
    0xf2, 0x0, 0xaf, 0xf2, 0x0, 0xe, 0xff, 0x0,
    0xa, 0xff, 0x20, 0x6, 0xff, 0x90, 0x0, 0xaf,
    0xf5, 0x49, 0xff, 0xe1, 0x0, 0xa, 0xff, 0xff,
    0xff, 0xe3, 0x0, 0x0, 0xaf, 0xff, 0xfd, 0x81,
    0x0, 0x0,

    /* U+00D1 "Ñ" */
    0x0, 0x6c, 0x92, 0x1b, 0x50, 0x4, 0xff, 0xff,
    0xff, 0x40, 0x5, 0xb1, 0x39, 0xb6, 0x0, 0x0,
    0x0, 0x0, 0x0, 0x0, 0xcf, 0xf2, 0x0, 0x1f,
    0xfa, 0xcf, 0xf9, 0x0, 0x1f, 0xfa, 0xcf, 0xff,
    0x0, 0x1f, 0xfa, 0xcf, 0xff, 0x60, 0x1f, 0xfa,
    0xcf, 0xff, 0xc0, 0x1f, 0xfa, 0xcf, 0xfe, 0xf3,
    0x1f, 0xfa, 0xcf, 0xf8, 0xf9, 0x1f, 0xfa, 0xcf,
    0xf2, 0xff, 0x2f, 0xfa, 0xcf, 0xf0, 0xbf, 0x8f,
    0xfa, 0xcf, 0xf0, 0x5f, 0xef, 0xfa, 0xcf, 0xf0,
    0xe, 0xff, 0xfa, 0xcf, 0xf0, 0x8, 0xff, 0xfa,
    0xcf, 0xf0, 0x1, 0xff, 0xfa, 0xcf, 0xf0, 0x0,
    0xbf, 0xfa, 0xcf, 0xf0, 0x0, 0x4f, 0xfa,

    /* U+00D2 "Ò" */
    0x0, 0x3c, 0xc8, 0x0, 0x0, 0x0, 0x0, 0x6,
    0xff, 0x30, 0x0, 0x0, 0x0, 0x0, 0x7f, 0xc0,
    0x0, 0x0, 0x0, 0x0, 0x0, 0x0, 0x0, 0x0,
    0x0, 0x6, 0xcf, 0xfc, 0x40, 0x0, 0x0, 0x9f,
    0xff, 0xff, 0xf7, 0x0, 0x4, 0xff, 0xd6, 0x6e,
    0xff, 0x30, 0xb, 0xff, 0x10, 0x3, 0xff, 0xb0,
    0xf, 0xfb, 0x0, 0x0, 0xcf, 0xf0, 0x2f, 0xf9,
    0x0, 0x0, 0xaf, 0xf2, 0x3f, 0xf9, 0x0, 0x0,
    0x9f, 0xf3, 0x3f, 0xf9, 0x0, 0x0, 0x9f, 0xf3,
    0x3f, 0xf9, 0x0, 0x0, 0x9f, 0xf3, 0x2f, 0xf9,
    0x0, 0x0, 0xaf, 0xf2, 0xf, 0xfb, 0x0, 0x0,
    0xcf, 0xf0, 0xb, 0xff, 0x10, 0x3, 0xff, 0xb0,
    0x4, 0xff, 0xd5, 0x6e, 0xff, 0x30, 0x0, 0x9f,
    0xff, 0xff, 0xf7, 0x0, 0x0, 0x6, 0xcf, 0xfc,
    0x50, 0x0,

    /* U+00D3 "Ó" */
    0x0, 0x0, 0x0, 0x7c, 0xc3, 0x0, 0x0, 0x0,
    0x2, 0xff, 0x60, 0x0, 0x0, 0x0, 0xc, 0xf7,
    0x0, 0x0, 0x0, 0x0, 0x0, 0x0, 0x0, 0x0,
    0x0, 0x6, 0xcf, 0xfc, 0x40, 0x0, 0x0, 0x9f,
    0xff, 0xff, 0xf7, 0x0, 0x4, 0xff, 0xd6, 0x6e,
    0xff, 0x30, 0xb, 0xff, 0x10, 0x3, 0xff, 0xb0,
    0xf, 0xfb, 0x0, 0x0, 0xcf, 0xf0, 0x2f, 0xf9,
    0x0, 0x0, 0xaf, 0xf2, 0x3f, 0xf9, 0x0, 0x0,
    0x9f, 0xf3, 0x3f, 0xf9, 0x0, 0x0, 0x9f, 0xf3,
    0x3f, 0xf9, 0x0, 0x0, 0x9f, 0xf3, 0x2f, 0xf9,
    0x0, 0x0, 0xaf, 0xf2, 0xf, 0xfb, 0x0, 0x0,
    0xcf, 0xf0, 0xb, 0xff, 0x10, 0x3, 0xff, 0xb0,
    0x4, 0xff, 0xd5, 0x6e, 0xff, 0x30, 0x0, 0x9f,
    0xff, 0xff, 0xf7, 0x0, 0x0, 0x6, 0xcf, 0xfc,
    0x50, 0x0,

    /* U+00D4 "Ô" */
    0x0, 0x0, 0x7f, 0xf7, 0x0, 0x0, 0x0, 0xa,
    0xfb, 0xbf, 0xa0, 0x0, 0x0, 0x48, 0x60, 0x6,
    0x84, 0x0, 0x0, 0x0, 0x0, 0x0, 0x0, 0x0,
    0x0, 0x6, 0xcf, 0xfc, 0x40, 0x0, 0x0, 0x9f,
    0xff, 0xff, 0xf7, 0x0, 0x4, 0xff, 0xd6, 0x6e,
    0xff, 0x30, 0xb, 0xff, 0x10, 0x3, 0xff, 0xb0,
    0xf, 0xfb, 0x0, 0x0, 0xcf, 0xf0, 0x2f, 0xf9,
    0x0, 0x0, 0xaf, 0xf2, 0x3f, 0xf9, 0x0, 0x0,
    0x9f, 0xf3, 0x3f, 0xf9, 0x0, 0x0, 0x9f, 0xf3,
    0x3f, 0xf9, 0x0, 0x0, 0x9f, 0xf3, 0x2f, 0xf9,
    0x0, 0x0, 0xaf, 0xf2, 0xf, 0xfb, 0x0, 0x0,
    0xcf, 0xf0, 0xb, 0xff, 0x10, 0x3, 0xff, 0xb0,
    0x4, 0xff, 0xd5, 0x6e, 0xff, 0x30, 0x0, 0x9f,
    0xff, 0xff, 0xf7, 0x0, 0x0, 0x6, 0xcf, 0xfc,
    0x50, 0x0,

    /* U+00D5 "Õ" */
    0x0, 0x0, 0x0, 0x0, 0x0, 0x0, 0x0, 0x9,
    0xfb, 0x31, 0xe7, 0x0, 0x0, 0x5f, 0xdf, 0xff,
    0xf4, 0x0, 0x0, 0x5b, 0x1, 0x8c, 0x60, 0x0,
    0x0, 0x0, 0x0, 0x0, 0x0, 0x0, 0x0, 0x6,
    0xcf, 0xfc, 0x40, 0x0, 0x0, 0x9f, 0xff, 0xff,
    0xf7, 0x0, 0x4, 0xff, 0xd6, 0x6e, 0xff, 0x30,
    0xb, 0xff, 0x10, 0x3, 0xff, 0xb0, 0xf, 0xfb,
    0x0, 0x0, 0xcf, 0xf0, 0x2f, 0xf9, 0x0, 0x0,
    0xaf, 0xf2, 0x3f, 0xf9, 0x0, 0x0, 0x9f, 0xf3,
    0x3f, 0xf9, 0x0, 0x0, 0x9f, 0xf3, 0x3f, 0xf9,
    0x0, 0x0, 0x9f, 0xf3, 0x2f, 0xf9, 0x0, 0x0,
    0xaf, 0xf2, 0xf, 0xfb, 0x0, 0x0, 0xcf, 0xf0,
    0xb, 0xff, 0x10, 0x3, 0xff, 0xb0, 0x4, 0xff,
    0xd5, 0x6e, 0xff, 0x30, 0x0, 0x9f, 0xff, 0xff,
    0xf7, 0x0, 0x0, 0x6, 0xcf, 0xfc, 0x50, 0x0,

    /* U+00D6 "Ö" */
    0x0, 0x6f, 0x90, 0xb, 0xf5, 0x0, 0x0, 0xaf,
    0xd0, 0xf, 0xf8, 0x0, 0x0, 0x17, 0x20, 0x3,
    0x71, 0x0, 0x0, 0x0, 0x0, 0x0, 0x0, 0x0,
    0x0, 0x6, 0xcf, 0xfc, 0x40, 0x0, 0x0, 0x9f,
    0xff, 0xff, 0xf7, 0x0, 0x4, 0xff, 0xd6, 0x6e,
    0xff, 0x30, 0xb, 0xff, 0x10, 0x3, 0xff, 0xb0,
    0xf, 0xfb, 0x0, 0x0, 0xcf, 0xf0, 0x2f, 0xf9,
    0x0, 0x0, 0xaf, 0xf2, 0x3f, 0xf9, 0x0, 0x0,
    0x9f, 0xf3, 0x3f, 0xf9, 0x0, 0x0, 0x9f, 0xf3,
    0x3f, 0xf9, 0x0, 0x0, 0x9f, 0xf3, 0x2f, 0xf9,
    0x0, 0x0, 0xaf, 0xf2, 0xf, 0xfb, 0x0, 0x0,
    0xcf, 0xf0, 0xb, 0xff, 0x10, 0x3, 0xff, 0xb0,
    0x4, 0xff, 0xd5, 0x6e, 0xff, 0x30, 0x0, 0x9f,
    0xff, 0xff, 0xf7, 0x0, 0x0, 0x6, 0xcf, 0xfc,
    0x50, 0x0,

    /* U+00D7 "×" */
    0x1, 0x40, 0x0, 0x1, 0x40, 0x1d, 0xf4, 0x0,
    0x1d, 0xf4, 0x1e, 0xff, 0x31, 0xdf, 0xf4, 0x2,
    0xef, 0xfd, 0xff, 0x50, 0x0, 0x2e, 0xff, 0xf5,
    0x0, 0x0, 0xc, 0xff, 0xe2, 0x0, 0x0, 0xbf,
    0xff, 0xfe, 0x20, 0xb, 0xff, 0x73, 0xff, 0xd1,
    0x3f, 0xf8, 0x0, 0x4f, 0xf7, 0x4, 0x80, 0x0,
    0x4, 0x80,

    /* U+00D8 "Ø" */
    0x0, 0x5, 0xcf, 0xfc, 0x6e, 0xc0, 0x0, 0x8f,
    0xff, 0xff, 0xff, 0x20, 0x4, 0xff, 0xd6, 0x6e,
    0xff, 0x40, 0xb, 0xff, 0x20, 0xc, 0xff, 0xc0,
    0xf, 0xfc, 0x0, 0x5f, 0xff, 0xf0, 0x1f, 0xfa,
    0x0, 0xdd, 0x9f, 0xf3, 0x2f, 0xf9, 0x7, 0xf5,
    0x8f, 0xf3, 0x2f, 0xf9, 0x1e, 0xc0, 0x8f, 0xf4,
    0x2f, 0xf9, 0x8f, 0x30, 0x8f, 0xf3, 0x2f, 0xfc,
    0xfb, 0x0, 0x9f, 0xf3, 0xf, 0xff, 0xf2, 0x0,
    0xcf, 0xf0, 0xb, 0xff, 0x90, 0x2, 0xff, 0xc0,
    0x4, 0xff, 0xd6, 0x6d, 0xff, 0x40, 0x5, 0xff,
    0xff, 0xff, 0xf8, 0x0, 0xe, 0xd6, 0xcf, 0xfc,
    0x50, 0x0, 0x38, 0x30, 0x0, 0x0, 0x0, 0x0,

    /* U+00D9 "Ù" */
    0x2, 0xef, 0xc0, 0x0, 0x0, 0x0, 0x3f, 0xf6,
    0x0, 0x0, 0x0, 0x3, 0xcb, 0x0, 0x0, 0xcf,
    0xf0, 0x0, 0xf, 0xfc, 0xcf, 0xf0, 0x0, 0xf,
    0xfc, 0xcf, 0xf0, 0x0, 0xf, 0xfc, 0xcf, 0xf0,
    0x0, 0xf, 0xfc, 0xcf, 0xf0, 0x0, 0xf, 0xfc,
    0xcf, 0xf0, 0x0, 0xf, 0xfc, 0xcf, 0xf0, 0x0,
    0xf, 0xfc, 0xcf, 0xf0, 0x0, 0xf, 0xfc, 0xcf,
    0xf0, 0x0, 0xf, 0xfc, 0xcf, 0xf0, 0x0, 0xf,
    0xfc, 0xbf, 0xf0, 0x0, 0xf, 0xfb, 0x9f, 0xf4,
    0x0, 0x4f, 0xf9, 0x3f, 0xfd, 0x55, 0xef, 0xf3,
    0x9, 0xff, 0xff, 0xff, 0x90, 0x0, 0x6c, 0xff,
    0xc6, 0x0,

    /* U+00DA "Ú" */
    0x0, 0x0, 0x9, 0xff, 0x40, 0x0, 0x0, 0x3f,
    0xf4, 0x0, 0x0, 0x0, 0xac, 0x50, 0x0, 0xcf,
    0xf0, 0x0, 0xf, 0xfc, 0xcf, 0xf0, 0x0, 0xf,
    0xfc, 0xcf, 0xf0, 0x0, 0xf, 0xfc, 0xcf, 0xf0,
    0x0, 0xf, 0xfc, 0xcf, 0xf0, 0x0, 0xf, 0xfc,
    0xcf, 0xf0, 0x0, 0xf, 0xfc, 0xcf, 0xf0, 0x0,
    0xf, 0xfc, 0xcf, 0xf0, 0x0, 0xf, 0xfc, 0xcf,
    0xf0, 0x0, 0xf, 0xfc, 0xcf, 0xf0, 0x0, 0xf,
    0xfc, 0xbf, 0xf0, 0x0, 0xf, 0xfb, 0x9f, 0xf4,
    0x0, 0x4f, 0xf9, 0x3f, 0xfd, 0x55, 0xef, 0xf3,
    0x9, 0xff, 0xff, 0xff, 0x90, 0x0, 0x6c, 0xff,
    0xc6, 0x0,

    /* U+00DB "Û" */
    0x0, 0x4, 0xff, 0x60, 0x0, 0x0, 0x5f, 0xfe,
    0xf7, 0x0, 0x4, 0xfe, 0x31, 0xdf, 0x70, 0x0,
    0x0, 0x0, 0x0, 0x0, 0xcf, 0xf0, 0x0, 0xf,
    0xfc, 0xcf, 0xf0, 0x0, 0xf, 0xfc, 0xcf, 0xf0,
    0x0, 0xf, 0xfc, 0xcf, 0xf0, 0x0, 0xf, 0xfc,
    0xcf, 0xf0, 0x0, 0xf, 0xfc, 0xcf, 0xf0, 0x0,
    0xf, 0xfc, 0xcf, 0xf0, 0x0, 0xf, 0xfc, 0xcf,
    0xf0, 0x0, 0xf, 0xfc, 0xcf, 0xf0, 0x0, 0xf,
    0xfc, 0xcf, 0xf0, 0x0, 0xf, 0xfc, 0xbf, 0xf0,
    0x0, 0xf, 0xfb, 0x9f, 0xf4, 0x0, 0x4f, 0xf9,
    0x3f, 0xfd, 0x55, 0xef, 0xf3, 0x9, 0xff, 0xff,
    0xff, 0x90, 0x0, 0x6c, 0xff, 0xc6, 0x0,

    /* U+00DC "Ü" */
    0x1, 0x73, 0x0, 0x37, 0x10, 0x9, 0xff, 0x0,
    0xef, 0xa0, 0x5, 0xfa, 0x0, 0x9f, 0x60, 0x0,
    0x0, 0x0, 0x0, 0x0, 0xcf, 0xf0, 0x0, 0xf,
    0xfc, 0xcf, 0xf0, 0x0, 0xf, 0xfc, 0xcf, 0xf0,
    0x0, 0xf, 0xfc, 0xcf, 0xf0, 0x0, 0xf, 0xfc,
    0xcf, 0xf0, 0x0, 0xf, 0xfc, 0xcf, 0xf0, 0x0,
    0xf, 0xfc, 0xcf, 0xf0, 0x0, 0xf, 0xfc, 0xcf,
    0xf0, 0x0, 0xf, 0xfc, 0xcf, 0xf0, 0x0, 0xf,
    0xfc, 0xcf, 0xf0, 0x0, 0xf, 0xfc, 0xbf, 0xf0,
    0x0, 0xf, 0xfb, 0x9f, 0xf4, 0x0, 0x4f, 0xf9,
    0x3f, 0xfd, 0x55, 0xef, 0xf3, 0x9, 0xff, 0xff,
    0xff, 0x90, 0x0, 0x6c, 0xff, 0xc6, 0x0,

    /* U+00DD "Ý" */
    0x0, 0x0, 0x0, 0x8f, 0xf5, 0x0, 0x0, 0x0,
    0x3, 0xff, 0x50, 0x0, 0x0, 0x0, 0x9, 0xc5,
    0x0, 0x0, 0x7f, 0xf8, 0x0, 0x0, 0x4f, 0xfb,
    0xf, 0xfe, 0x0, 0x0, 0xbf, 0xf4, 0x8, 0xff,
    0x60, 0x1, 0xff, 0xd0, 0x1, 0xff, 0xc0, 0x8,
    0xff, 0x50, 0x0, 0xaf, 0xf3, 0xe, 0xfe, 0x0,
    0x0, 0x2f, 0xfa, 0x5f, 0xf7, 0x0, 0x0, 0xb,
    0xff, 0xdf, 0xf0, 0x0, 0x0, 0x4, 0xff, 0xff,
    0x80, 0x0, 0x0, 0x0, 0xcf, 0xff, 0x10, 0x0,
    0x0, 0x0, 0x6f, 0xfa, 0x0, 0x0, 0x0, 0x0,
    0x4f, 0xf7, 0x0, 0x0, 0x0, 0x0, 0x4f, 0xf7,
    0x0, 0x0, 0x0, 0x0, 0x4f, 0xf7, 0x0, 0x0,
    0x0, 0x0, 0x4f, 0xf7, 0x0, 0x0, 0x0, 0x0,
    0x4f, 0xf7, 0x0, 0x0,

    /* U+00DE "Þ" */
    0xaf, 0xf0, 0x0, 0x0, 0x0, 0xa, 0xff, 0x0,
    0x0, 0x0, 0x0, 0xaf, 0xf0, 0x0, 0x0, 0x0,
    0xa, 0xff, 0xff, 0xfe, 0xa3, 0x0, 0xaf, 0xff,
    0xff, 0xff, 0xf5, 0xa, 0xff, 0x43, 0x48, 0xff,
    0xf1, 0xaf, 0xf0, 0x0, 0x7, 0xff, 0x5a, 0xff,
    0x0, 0x0, 0x4f, 0xf7, 0xaf, 0xf0, 0x0, 0x7,
    0xff, 0x5a, 0xff, 0x43, 0x47, 0xff, 0xf1, 0xaf,
    0xff, 0xff, 0xff, 0xf5, 0xa, 0xff, 0xff, 0xfe,
    0xa3, 0x0, 0xaf, 0xf0, 0x0, 0x0, 0x0, 0xa,
    0xff, 0x0, 0x0, 0x0, 0x0, 0xaf, 0xf0, 0x0,
    0x0, 0x0, 0x0,

    /* U+00DF "ß" */
    0x0, 0x4c, 0xff, 0xc5, 0x0, 0x0, 0x6f, 0xff,
    0xff, 0xf6, 0x0, 0xf, 0xfe, 0x56, 0xff, 0xd0,
    0x5, 0xff, 0x70, 0xb, 0xff, 0x0, 0x6f, 0xf4,
    0x0, 0xdf, 0xd0, 0x6, 0xff, 0x40, 0x5f, 0xf6,
    0x0, 0x6f, 0xf4, 0xb, 0xff, 0x0, 0x6, 0xff,
    0x40, 0xbf, 0xf2, 0x0, 0x6f, 0xf4, 0x5, 0xff,
    0xd1, 0x6, 0xff, 0x40, 0x8, 0xff, 0xc0, 0x6f,
    0xf4, 0x0, 0x9, 0xff, 0x56, 0xff, 0x40, 0x0,
    0x3f, 0xf8, 0x6f, 0xf4, 0x65, 0x3a, 0xff, 0x66,
    0xff, 0x4e, 0xff, 0xff, 0xe1, 0x6f, 0xf4, 0xae,
    0xfe, 0xa2, 0x0,

    /* U+00E0 "à" */
    0x5, 0xff, 0x80, 0x0, 0x0, 0x0, 0x6f, 0xf2,
    0x0, 0x0, 0x0, 0x7, 0xc8, 0x0, 0x0, 0x0,
    0x0, 0x0, 0x0, 0x0, 0x1, 0x8d, 0xff, 0xc5,
    0x0, 0x1d, 0xff, 0xff, 0xff, 0x80, 0x7f, 0xf7,
    0x13, 0xdf, 0xf1, 0x36, 0x60, 0x0, 0x7f, 0xf4,
    0x0, 0x48, 0xaa, 0xcf, 0xf5, 0x1c, 0xff, 0xff,
    0xff, 0xf5, 0x9f, 0xf7, 0x10, 0x6f, 0xf5, 0xdf,
    0xe0, 0x0, 0x6f, 0xf5, 0xcf, 0xf3, 0x3, 0xdf,
    0xf5, 0x5f, 0xff, 0xff, 0xff, 0xf6, 0x5, 0xcf,
    0xfb, 0x5f, 0xf9,

    /* U+00E1 "á" */
    0x0, 0x0, 0xc, 0xfe, 0x20, 0x0, 0x0, 0x7f,
    0xe2, 0x0, 0x0, 0x1, 0xcc, 0x20, 0x0, 0x0,
    0x0, 0x0, 0x0, 0x0, 0x1, 0x8d, 0xff, 0xc5,
    0x0, 0x1d, 0xff, 0xff, 0xff, 0x80, 0x7f, 0xf7,
    0x13, 0xdf, 0xf1, 0x36, 0x60, 0x0, 0x7f, 0xf4,
    0x0, 0x48, 0xaa, 0xcf, 0xf5, 0x1c, 0xff, 0xff,
    0xff, 0xf5, 0x9f, 0xf7, 0x10, 0x6f, 0xf5, 0xdf,
    0xe0, 0x0, 0x6f, 0xf5, 0xcf, 0xf3, 0x3, 0xdf,
    0xf5, 0x5f, 0xff, 0xff, 0xff, 0xf6, 0x5, 0xcf,
    0xfb, 0x5f, 0xf9,

    /* U+00E2 "â" */
    0x0, 0x9, 0xff, 0x50, 0x0, 0x1, 0xcf, 0x9c,
    0xf8, 0x0, 0x5, 0x74, 0x0, 0x67, 0x30, 0x0,
    0x0, 0x0, 0x0, 0x0, 0x1, 0x8d, 0xff, 0xc5,
    0x0, 0x1d, 0xff, 0xff, 0xff, 0x80, 0x7f, 0xf7,
    0x13, 0xdf, 0xf1, 0x36, 0x60, 0x0, 0x7f, 0xf4,
    0x0, 0x48, 0xaa, 0xcf, 0xf5, 0x1c, 0xff, 0xff,
    0xff, 0xf5, 0x9f, 0xf7, 0x10, 0x6f, 0xf5, 0xdf,
    0xe0, 0x0, 0x6f, 0xf5, 0xcf, 0xf3, 0x3, 0xdf,
    0xf5, 0x5f, 0xff, 0xff, 0xff, 0xf6, 0x5, 0xcf,
    0xfb, 0x5f, 0xf9,

    /* U+00E3 "ã" */
    0x0, 0x0, 0x0, 0x1, 0x0, 0x2, 0xdf, 0xff,
    0xff, 0x30, 0x8, 0xdc, 0xcc, 0xc6, 0x0, 0x0,
    0x0, 0x0, 0x0, 0x0, 0x0, 0x0, 0x0, 0x0,
    0x0, 0x1, 0x8d, 0xff, 0xc5, 0x0, 0x1d, 0xff,
    0xff, 0xff, 0x80, 0x7f, 0xf7, 0x13, 0xdf, 0xf1,
    0x36, 0x60, 0x0, 0x7f, 0xf4, 0x0, 0x48, 0xaa,
    0xcf, 0xf5, 0x1c, 0xff, 0xff, 0xff, 0xf5, 0x9f,
    0xf7, 0x10, 0x6f, 0xf5, 0xdf, 0xe0, 0x0, 0x6f,
    0xf5, 0xcf, 0xf3, 0x3, 0xdf, 0xf5, 0x5f, 0xff,
    0xff, 0xff, 0xf6, 0x5, 0xcf, 0xfb, 0x5f, 0xf9,

    /* U+00E4 "ä" */
    0x9, 0xf6, 0x0, 0xde, 0x30, 0xd, 0xfa, 0x2,
    0xff, 0x50, 0x2, 0x71, 0x0, 0x56, 0x0, 0x0,
    0x0, 0x0, 0x0, 0x0, 0x1, 0x8d, 0xff, 0xc5,
    0x0, 0x1d, 0xff, 0xff, 0xff, 0x80, 0x7f, 0xf7,
    0x13, 0xdf, 0xf1, 0x36, 0x60, 0x0, 0x7f, 0xf4,
    0x0, 0x48, 0xaa, 0xcf, 0xf5, 0x1c, 0xff, 0xff,
    0xff, 0xf5, 0x9f, 0xf7, 0x10, 0x6f, 0xf5, 0xdf,
    0xe0, 0x0, 0x6f, 0xf5, 0xcf, 0xf3, 0x3, 0xdf,
    0xf5, 0x5f, 0xff, 0xff, 0xff, 0xf6, 0x5, 0xcf,
    0xfb, 0x5f, 0xf9,

    /* U+00E5 "å" */
    0x0, 0x7, 0xed, 0x30, 0x0, 0x0, 0x2f, 0x16,
    0xc0, 0x0, 0x0, 0x2f, 0x16, 0xc0, 0x0, 0x0,
    0x7, 0xed, 0x30, 0x0, 0x0, 0x0, 0x0, 0x0,
    0x0, 0x1, 0x8d, 0xff, 0xc5, 0x0, 0x1d, 0xff,
    0xff, 0xff, 0x80, 0x7f, 0xf7, 0x13, 0xdf, 0xf1,
    0x36, 0x60, 0x0, 0x7f, 0xf4, 0x0, 0x48, 0xaa,
    0xcf, 0xf5, 0x1c, 0xff, 0xff, 0xff, 0xf5, 0x9f,
    0xf7, 0x10, 0x6f, 0xf5, 0xdf, 0xe0, 0x0, 0x6f,
    0xf5, 0xcf, 0xf3, 0x3, 0xdf, 0xf5, 0x5f, 0xff,
    0xff, 0xff, 0xf6, 0x5, 0xcf, 0xfb, 0x5f, 0xf9,

    /* U+00E6 "æ" */
    0x2, 0xbf, 0xfb, 0x7d, 0xfd, 0x40, 0xe, 0xff,
    0xff, 0xff, 0xff, 0xf2, 0x4f, 0xf8, 0x7f, 0xfa,
    0x5f, 0xf8, 0x0, 0x0, 0x1f, 0xf4, 0xd, 0xfa,
    0x1, 0x8d, 0xef, 0xff, 0xff, 0xfa, 0xd, 0xff,
    0xff, 0xff, 0xff, 0xfa, 0x5f, 0xfa, 0x2f, 0xf4,
    0x0, 0x0, 0x8f, 0xf3, 0x1f, 0xf5, 0x0, 0x0,
    0x7f, 0xf9, 0x5f, 0xfc, 0x44, 0x90, 0x2f, 0xff,
    0xff, 0xff, 0xff, 0xf3, 0x4, 0xdf, 0xd3, 0x6d,
    0xfe, 0xa1,

    /* U+00E7 "ç" */
    0x0, 0x5c, 0xff, 0xc6, 0x0, 0x8, 0xff, 0xff,
    0xff, 0xa0, 0x3f, 0xfd, 0x55, 0xcf, 0xf4, 0x9f,
    0xf3, 0x0, 0x1f, 0xf8, 0xcf, 0xe0, 0x0, 0x2,
    0x21, 0xdf, 0xd0, 0x0, 0x0, 0x0, 0xcf, 0xe0,
    0x0, 0x0, 0x0, 0x9f, 0xf2, 0x0, 0xd, 0xd7,
    0x3f, 0xfc, 0x43, 0xbf, 0xf4, 0x8, 0xff, 0xff,
    0xff, 0xa0, 0x0, 0x5c, 0xff, 0xd6, 0x0, 0x0,
    0x1, 0xff, 0x90, 0x0, 0x0, 0x0, 0x1e, 0xf6,
    0x0, 0x0, 0x0, 0xaf, 0xf4, 0x0, 0x0, 0x0,
    0xed, 0x70, 0x0,

    /* U+00E8 "è" */
    0x4, 0xff, 0x90, 0x0, 0x0, 0x0, 0x5, 0xff,
    0x30, 0x0, 0x0, 0x0, 0x6, 0xc9, 0x0, 0x0,
    0x0, 0x0, 0x0, 0x0, 0x0, 0x0, 0x0, 0x3b,
    0xff, 0xd8, 0x0, 0x0, 0x6f, 0xff, 0xff, 0xfc,
    0x0, 0x2f, 0xfd, 0x54, 0x9f, 0xf8, 0x9, 0xff,
    0x20, 0x0, 0xcf, 0xd0, 0xdf, 0xff, 0xff, 0xff,
    0xff, 0xe, 0xff, 0xff, 0xff, 0xff, 0xf0, 0xdf,
    0xf0, 0x0, 0x0, 0x0, 0xa, 0xff, 0x60, 0x0,
    0x5, 0x0, 0x3f, 0xff, 0x84, 0x5b, 0xf5, 0x0,
    0x6f, 0xff, 0xff, 0xff, 0x60, 0x0, 0x3a, 0xef,
    0xea, 0x30, 0x0,

    /* U+00E9 "é" */
    0x0, 0x0, 0xc, 0xfe, 0x20, 0x0, 0x0, 0x6,
    0xfe, 0x20, 0x0, 0x0, 0x0, 0xbc, 0x30, 0x0,
    0x0, 0x0, 0x0, 0x0, 0x0, 0x0, 0x0, 0x3b,
    0xff, 0xd8, 0x0, 0x0, 0x6f, 0xff, 0xff, 0xfc,
    0x0, 0x2f, 0xfd, 0x54, 0x9f, 0xf8, 0x9, 0xff,
    0x20, 0x0, 0xcf, 0xd0, 0xdf, 0xff, 0xff, 0xff,
    0xff, 0xe, 0xff, 0xff, 0xff, 0xff, 0xf0, 0xdf,
    0xf0, 0x0, 0x0, 0x0, 0xa, 0xff, 0x60, 0x0,
    0x5, 0x0, 0x3f, 0xff, 0x84, 0x5b, 0xf5, 0x0,
    0x6f, 0xff, 0xff, 0xff, 0x60, 0x0, 0x3a, 0xef,
    0xea, 0x30, 0x0,

    /* U+00EA "ê" */
    0x0, 0x8, 0xff, 0x50, 0x0, 0x0, 0x1c, 0xf9,
    0xcf, 0x90, 0x0, 0x5, 0x74, 0x0, 0x67, 0x30,
    0x0, 0x0, 0x0, 0x0, 0x0, 0x0, 0x0, 0x3b,
    0xff, 0xd8, 0x0, 0x0, 0x6f, 0xff, 0xff, 0xfc,
    0x0, 0x2f, 0xfd, 0x54, 0x9f, 0xf8, 0x9, 0xff,
    0x20, 0x0, 0xcf, 0xd0, 0xdf, 0xff, 0xff, 0xff,
    0xff, 0xe, 0xff, 0xff, 0xff, 0xff, 0xf0, 0xdf,
    0xf0, 0x0, 0x0, 0x0, 0xa, 0xff, 0x60, 0x0,
    0x5, 0x0, 0x3f, 0xff, 0x84, 0x5b, 0xf5, 0x0,
    0x6f, 0xff, 0xff, 0xff, 0x60, 0x0, 0x3a, 0xef,
    0xea, 0x30, 0x0,

    /* U+00EB "ë" */
    0x8, 0xf7, 0x0, 0xcf, 0x30, 0x0, 0xcf, 0xb0,
    0x1f, 0xf6, 0x0, 0x2, 0x71, 0x0, 0x46, 0x0,
    0x0, 0x0, 0x0, 0x0, 0x0, 0x0, 0x0, 0x3b,
    0xff, 0xd8, 0x0, 0x0, 0x6f, 0xff, 0xff, 0xfc,
    0x0, 0x2f, 0xfd, 0x54, 0x9f, 0xf8, 0x9, 0xff,
    0x20, 0x0, 0xcf, 0xd0, 0xdf, 0xff, 0xff, 0xff,
    0xff, 0xe, 0xff, 0xff, 0xff, 0xff, 0xf0, 0xdf,
    0xf0, 0x0, 0x0, 0x0, 0xa, 0xff, 0x60, 0x0,
    0x5, 0x0, 0x3f, 0xff, 0x84, 0x5b, 0xf5, 0x0,
    0x6f, 0xff, 0xff, 0xff, 0x60, 0x0, 0x3a, 0xef,
    0xea, 0x30, 0x0,

    /* U+00EC "ì" */
    0x0, 0xaf, 0xf3, 0x0, 0x0, 0x0, 0xb, 0xfd,
    0x0, 0x0, 0x0, 0x0, 0xac, 0x40, 0x0, 0x0,
    0x0, 0x0, 0x0, 0x0, 0x1f, 0xff, 0xff, 0xd0,
    0x0, 0x1f, 0xff, 0xff, 0xd0, 0x0, 0x4, 0x44,
    0xef, 0xd0, 0x0, 0x0, 0x0, 0xef, 0xd0, 0x0,
    0x0, 0x0, 0xef, 0xd0, 0x0, 0x0, 0x0, 0xef,
    0xd0, 0x0, 0x0, 0x0, 0xef, 0xd0, 0x0, 0x0,
    0x0, 0xef, 0xd0, 0x0, 0x4, 0x44, 0xef, 0xe4,
    0x43, 0x1f, 0xff, 0xff, 0xff, 0xfe, 0x1f, 0xff,
    0xff, 0xff, 0xfe,

    /* U+00ED "í" */
    0x0, 0x0, 0x2, 0xff, 0xb0, 0x0, 0x0, 0xc,
    0xfb, 0x0, 0x0, 0x0, 0x4c, 0xa0, 0x0, 0x0,
    0x0, 0x0, 0x0, 0x0, 0x1f, 0xff, 0xff, 0xd0,
    0x0, 0x1f, 0xff, 0xff, 0xd0, 0x0, 0x4, 0x44,
    0xef, 0xd0, 0x0, 0x0, 0x0, 0xef, 0xd0, 0x0,
    0x0, 0x0, 0xef, 0xd0, 0x0, 0x0, 0x0, 0xef,
    0xd0, 0x0, 0x0, 0x0, 0xef, 0xd0, 0x0, 0x0,
    0x0, 0xef, 0xd0, 0x0, 0x4, 0x44, 0xef, 0xe4,
    0x43, 0x1f, 0xff, 0xff, 0xff, 0xfe, 0x1f, 0xff,
    0xff, 0xff, 0xfe,

    /* U+00EE "î" */
    0x0, 0x1, 0xcf, 0xd2, 0x0, 0x0, 0x4e, 0xf8,
    0xfe, 0x40, 0x0, 0x77, 0x20, 0x27, 0x70, 0x0,
    0x0, 0x0, 0x0, 0x0, 0x1f, 0xff, 0xff, 0xd0,
    0x0, 0x1f, 0xff, 0xff, 0xd0, 0x0, 0x4, 0x44,
    0xef, 0xd0, 0x0, 0x0, 0x0, 0xef, 0xd0, 0x0,
    0x0, 0x0, 0xef, 0xd0, 0x0, 0x0, 0x0, 0xef,
    0xd0, 0x0, 0x0, 0x0, 0xef, 0xd0, 0x0, 0x0,
    0x0, 0xef, 0xd0, 0x0, 0x4, 0x44, 0xef, 0xe4,
    0x43, 0x1f, 0xff, 0xff, 0xff, 0xfe, 0x1f, 0xff,
    0xff, 0xff, 0xfe,

    /* U+00EF "ï" */
    0x0, 0xde, 0x20, 0x3f, 0xc0, 0x2, 0xff, 0x50,
    0x7f, 0xf1, 0x0, 0x56, 0x0, 0x6, 0x40, 0x0,
    0x0, 0x0, 0x0, 0x0, 0x1f, 0xff, 0xff, 0xd0,
    0x0, 0x1f, 0xff, 0xff, 0xd0, 0x0, 0x4, 0x44,
    0xef, 0xd0, 0x0, 0x0, 0x0, 0xef, 0xd0, 0x0,
    0x0, 0x0, 0xef, 0xd0, 0x0, 0x0, 0x0, 0xef,
    0xd0, 0x0, 0x0, 0x0, 0xef, 0xd0, 0x0, 0x0,
    0x0, 0xef, 0xd0, 0x0, 0x4, 0x44, 0xef, 0xe4,
    0x43, 0x1f, 0xff, 0xff, 0xff, 0xfe, 0x1f, 0xff,
    0xff, 0xff, 0xfe,

    /* U+00F0 "ð" */
    0x0, 0x0, 0x14, 0x0, 0x0, 0x0, 0x0, 0x7,
    0xfd, 0x35, 0xd2, 0x0, 0x0, 0xcf, 0xff, 0xfa,
    0x10, 0x0, 0x2, 0xef, 0xff, 0x20, 0x0, 0x5,
    0xfd, 0x9f, 0xfb, 0x0, 0x0, 0x17, 0x0, 0xcf,
    0xf2, 0x0, 0x4b, 0xff, 0xca, 0xff, 0x60, 0x6f,
    0xff, 0xff, 0xff, 0xf9, 0x1f, 0xff, 0x52, 0x4a,
    0xff, 0xb6, 0xff, 0x60, 0x0, 0xf, 0xfc, 0x9f,
    0xf2, 0x0, 0x0, 0xff, 0xb9, 0xff, 0x20, 0x0,
    0x1f, 0xf9, 0x6f, 0xf7, 0x0, 0x8, 0xff, 0x51,
    0xef, 0xf7, 0x37, 0xff, 0xd0, 0x4, 0xff, 0xff,
    0xff, 0xe2, 0x0, 0x2, 0xae, 0xfe, 0x91, 0x0,

    /* U+00F1 "ñ" */
    0x0, 0x0, 0x0, 0x1, 0x0, 0x1, 0xcf, 0xff,
    0xff, 0x50, 0x7, 0xdc, 0xcc, 0xc7, 0x0, 0x0,
    0x0, 0x0, 0x0, 0x0, 0x0, 0x0, 0x0, 0x0,
    0x0, 0xaf, 0xe1, 0x9e, 0xfc, 0x40, 0xaf, 0xfc,
    0xff, 0xff, 0xf2, 0xaf, 0xfd, 0x54, 0xbf, 0xf9,
    0xaf, 0xf2, 0x0, 0xf, 0xfc, 0xaf, 0xf1, 0x0,
    0xe, 0xfd, 0xaf, 0xf1, 0x0, 0xe, 0xfd, 0xaf,
    0xf1, 0x0, 0xe, 0xfd, 0xaf, 0xf1, 0x0, 0xe,
    0xfd, 0xaf, 0xf1, 0x0, 0xe, 0xfd, 0xaf, 0xf1,
    0x0, 0xe, 0xfd, 0xaf, 0xf1, 0x0, 0xe, 0xfd,

    /* U+00F2 "ò" */
    0x2, 0xef, 0xb0, 0x0, 0x0, 0x0, 0x3f, 0xf5,
    0x0, 0x0, 0x0, 0x4, 0xcb, 0x0, 0x0, 0x0,
    0x0, 0x0, 0x0, 0x0, 0x0, 0x6c, 0xff, 0xc6,
    0x0, 0x9, 0xff, 0xff, 0xff, 0x90, 0x5f, 0xfd,
    0x55, 0xdf, 0xf4, 0xbf, 0xf2, 0x0, 0x2f, 0xfb,
    0xff, 0xc0, 0x0, 0xd, 0xfe, 0xff, 0xb0, 0x0,
    0xc, 0xff, 0xff, 0xc0, 0x0, 0xd, 0xfe, 0xbf,
    0xf1, 0x0, 0x1f, 0xfb, 0x5f, 0xfc, 0x44, 0xcf,
    0xf5, 0xa, 0xff, 0xff, 0xff, 0x90, 0x0, 0x6c,
    0xff, 0xc6, 0x0,

    /* U+00F3 "ó" */
    0x0, 0x0, 0x9, 0xff, 0x40, 0x0, 0x0, 0x4f,
    0xf4, 0x0, 0x0, 0x0, 0xac, 0x50, 0x0, 0x0,
    0x0, 0x0, 0x0, 0x0, 0x0, 0x6c, 0xff, 0xc6,
    0x0, 0x9, 0xff, 0xff, 0xff, 0x90, 0x5f, 0xfd,
    0x55, 0xdf, 0xf4, 0xbf, 0xf2, 0x0, 0x2f, 0xfb,
    0xff, 0xc0, 0x0, 0xd, 0xfe, 0xff, 0xb0, 0x0,
    0xc, 0xff, 0xff, 0xc0, 0x0, 0xd, 0xfe, 0xbf,
    0xf1, 0x0, 0x1f, 0xfb, 0x5f, 0xfc, 0x44, 0xcf,
    0xf5, 0xa, 0xff, 0xff, 0xff, 0x90, 0x0, 0x6c,
    0xff, 0xc6, 0x0,

    /* U+00F4 "ô" */
    0x0, 0x6, 0xff, 0x70, 0x0, 0x0, 0x9f, 0xba,
    0xfb, 0x10, 0x3, 0x76, 0x0, 0x57, 0x40, 0x0,
    0x0, 0x0, 0x0, 0x0, 0x0, 0x6c, 0xff, 0xc6,
    0x0, 0x9, 0xff, 0xff, 0xff, 0x90, 0x5f, 0xfd,
    0x55, 0xdf, 0xf4, 0xbf, 0xf2, 0x0, 0x2f, 0xfb,
    0xff, 0xc0, 0x0, 0xd, 0xfe, 0xff, 0xb0, 0x0,
    0xc, 0xff, 0xff, 0xc0, 0x0, 0xd, 0xfe, 0xbf,
    0xf1, 0x0, 0x1f, 0xfb, 0x5f, 0xfc, 0x44, 0xcf,
    0xf5, 0xa, 0xff, 0xff, 0xff, 0x90, 0x0, 0x6c,
    0xff, 0xc6, 0x0,

    /* U+00F5 "õ" */
    0x0, 0x0, 0x0, 0x1, 0x0, 0x0, 0xbf, 0xff,
    0xff, 0x70, 0x5, 0xdc, 0xcc, 0xc8, 0x0, 0x0,
    0x0, 0x0, 0x0, 0x0, 0x0, 0x0, 0x0, 0x0,
    0x0, 0x0, 0x6c, 0xff, 0xc6, 0x0, 0x9, 0xff,
    0xff, 0xff, 0x90, 0x5f, 0xfd, 0x55, 0xdf, 0xf4,
    0xbf, 0xf2, 0x0, 0x2f, 0xfb, 0xff, 0xc0, 0x0,
    0xd, 0xfe, 0xff, 0xb0, 0x0, 0xc, 0xff, 0xff,
    0xc0, 0x0, 0xd, 0xfe, 0xbf, 0xf1, 0x0, 0x1f,
    0xfb, 0x5f, 0xfc, 0x44, 0xcf, 0xf5, 0xa, 0xff,
    0xff, 0xff, 0x90, 0x0, 0x6c, 0xff, 0xc6, 0x0,

    /* U+00F6 "ö" */
    0x5, 0xfa, 0x0, 0xaf, 0x50, 0x9, 0xfe, 0x0,
    0xef, 0x90, 0x1, 0x73, 0x0, 0x37, 0x10, 0x0,
    0x0, 0x0, 0x0, 0x0, 0x0, 0x6c, 0xff, 0xc6,
    0x0, 0x9, 0xff, 0xff, 0xff, 0x90, 0x5f, 0xfd,
    0x55, 0xdf, 0xf4, 0xbf, 0xf2, 0x0, 0x2f, 0xfb,
    0xff, 0xc0, 0x0, 0xd, 0xfe, 0xff, 0xb0, 0x0,
    0xc, 0xff, 0xff, 0xc0, 0x0, 0xd, 0xfe, 0xbf,
    0xf1, 0x0, 0x1f, 0xfb, 0x5f, 0xfc, 0x44, 0xcf,
    0xf5, 0xa, 0xff, 0xff, 0xff, 0x90, 0x0, 0x6c,
    0xff, 0xc6, 0x0,

    /* U+00F7 "÷" */
    0x0, 0x2, 0xee, 0x30, 0x0, 0x0, 0x0, 0x6f,
    0xf7, 0x0, 0x0, 0x0, 0x1, 0xbb, 0x10, 0x0,
    0x0, 0x0, 0x0, 0x0, 0x0, 0x0, 0x44, 0x44,
    0x44, 0x44, 0x44, 0xf, 0xff, 0xff, 0xff, 0xff,
    0xf1, 0xff, 0xff, 0xff, 0xff, 0xff, 0x10, 0x0,
    0x0, 0x0, 0x0, 0x0, 0x0, 0x1, 0xbb, 0x10,
    0x0, 0x0, 0x0, 0x7f, 0xf7, 0x0, 0x0, 0x0,
    0x2, 0xee, 0x20, 0x0, 0x0,

    /* U+00F8 "ø" */
    0x0, 0x0, 0x0, 0x4, 0x70, 0x0, 0x0, 0x0,
    0xd, 0xa0, 0x0, 0x6c, 0xff, 0xdf, 0x40, 0x9,
    0xff, 0xff, 0xff, 0x90, 0x5f, 0xfd, 0x57, 0xff,
    0xf4, 0xbf, 0xf2, 0xb, 0xef, 0xfb, 0xff, 0xc0,
    0x3f, 0x5d, 0xfe, 0xff, 0xb0, 0xad, 0xc, 0xff,
    0xef, 0xc2, 0xf6, 0xd, 0xfe, 0xbf, 0xfb, 0xd0,
    0x1f, 0xfb, 0x5f, 0xff, 0x94, 0xcf, 0xf5, 0x9,
    0xff, 0xff, 0xff, 0x90, 0x2, 0xfd, 0xff, 0xc6,
    0x0, 0xa, 0xd0, 0x0, 0x0, 0x0,

    /* U+00F9 "ù" */
    0x2, 0xef, 0xc0, 0x0, 0x0, 0x0, 0x3f, 0xf6,
    0x0, 0x0, 0x0, 0x3, 0xcb, 0x0, 0x0, 0x0,
    0x0, 0x0, 0x0, 0x0, 0x8f, 0xf3, 0x0, 0xf,
    0xfb, 0x8f, 0xf3, 0x0, 0xf, 0xfb, 0x8f, 0xf3,
    0x0, 0xf, 0xfb, 0x8f, 0xf3, 0x0, 0xf, 0xfb,
    0x8f, 0xf3, 0x0, 0xf, 0xfb, 0x8f, 0xf3, 0x0,
    0xf, 0xfb, 0x8f, 0xf3, 0x0, 0xf, 0xfb, 0x7f,
    0xf4, 0x0, 0xf, 0xfb, 0x4f, 0xfb, 0x11, 0x9f,
    0xfb, 0xc, 0xff, 0xff, 0xff, 0xfb, 0x1, 0xaf,
    0xfb, 0x2c, 0xfb,

    /* U+00FA "ú" */
    0x0, 0x0, 0x9, 0xff, 0x40, 0x0, 0x0, 0x3f,
    0xf4, 0x0, 0x0, 0x0, 0xac, 0x50, 0x0, 0x0,
    0x0, 0x0, 0x0, 0x0, 0x8f, 0xf3, 0x0, 0xf,
    0xfb, 0x8f, 0xf3, 0x0, 0xf, 0xfb, 0x8f, 0xf3,
    0x0, 0xf, 0xfb, 0x8f, 0xf3, 0x0, 0xf, 0xfb,
    0x8f, 0xf3, 0x0, 0xf, 0xfb, 0x8f, 0xf3, 0x0,
    0xf, 0xfb, 0x8f, 0xf3, 0x0, 0xf, 0xfb, 0x7f,
    0xf4, 0x0, 0xf, 0xfb, 0x4f, 0xfb, 0x11, 0x9f,
    0xfb, 0xc, 0xff, 0xff, 0xff, 0xfb, 0x1, 0xaf,
    0xfb, 0x2c, 0xfb,

    /* U+00FB "û" */
    0x0, 0x6, 0xff, 0x80, 0x0, 0x0, 0x9f, 0xba,
    0xfb, 0x10, 0x3, 0x76, 0x0, 0x57, 0x50, 0x0,
    0x0, 0x0, 0x0, 0x0, 0x8f, 0xf3, 0x0, 0xf,
    0xfb, 0x8f, 0xf3, 0x0, 0xf, 0xfb, 0x8f, 0xf3,
    0x0, 0xf, 0xfb, 0x8f, 0xf3, 0x0, 0xf, 0xfb,
    0x8f, 0xf3, 0x0, 0xf, 0xfb, 0x8f, 0xf3, 0x0,
    0xf, 0xfb, 0x8f, 0xf3, 0x0, 0xf, 0xfb, 0x7f,
    0xf4, 0x0, 0xf, 0xfb, 0x4f, 0xfb, 0x11, 0x9f,
    0xfb, 0xc, 0xff, 0xff, 0xff, 0xfb, 0x1, 0xaf,
    0xfb, 0x2c, 0xfb,

    /* U+00FC "ü" */
    0x5, 0xfa, 0x0, 0x9f, 0x60, 0x9, 0xff, 0x0,
    0xef, 0xa0, 0x1, 0x73, 0x0, 0x37, 0x10, 0x0,
    0x0, 0x0, 0x0, 0x0, 0x8f, 0xf3, 0x0, 0xf,
    0xfb, 0x8f, 0xf3, 0x0, 0xf, 0xfb, 0x8f, 0xf3,
    0x0, 0xf, 0xfb, 0x8f, 0xf3, 0x0, 0xf, 0xfb,
    0x8f, 0xf3, 0x0, 0xf, 0xfb, 0x8f, 0xf3, 0x0,
    0xf, 0xfb, 0x8f, 0xf3, 0x0, 0xf, 0xfb, 0x7f,
    0xf4, 0x0, 0xf, 0xfb, 0x4f, 0xfb, 0x11, 0x9f,
    0xfb, 0xc, 0xff, 0xff, 0xff, 0xfb, 0x1, 0xaf,
    0xfb, 0x2c, 0xfb,

    /* U+00FD "ý" */
    0x0, 0x0, 0x0, 0x5f, 0xf8, 0x0, 0x0, 0x0,
    0x1, 0xef, 0x80, 0x0, 0x0, 0x0, 0x7, 0xc8,
    0x0, 0x0, 0x0, 0x0, 0x0, 0x0, 0x0, 0x0,
    0x4f, 0xfa, 0x0, 0x0, 0x3f, 0xfc, 0xd, 0xff,
    0x10, 0x0, 0x9f, 0xf5, 0x6, 0xff, 0x70, 0x0,
    0xef, 0xe0, 0x0, 0xef, 0xd0, 0x5, 0xff, 0x70,
    0x0, 0x8f, 0xf3, 0xb, 0xff, 0x10, 0x0, 0x1f,
    0xf9, 0x1f, 0xf9, 0x0, 0x0, 0xa, 0xff, 0x8f,
    0xf2, 0x0, 0x0, 0x3, 0xff, 0xff, 0xb0, 0x0,
    0x0, 0x0, 0xcf, 0xff, 0x40, 0x0, 0x0, 0x0,
    0x5f, 0xfd, 0x0, 0x0, 0x0, 0x0, 0x3f, 0xf6,
    0x0, 0x0, 0x0, 0x0, 0xbf, 0xe0, 0x0, 0x0,
    0x0, 0x49, 0xff, 0x80, 0x0, 0x0, 0x1, 0xff,
    0xfe, 0x10, 0x0, 0x0, 0x2, 0xff, 0xa1, 0x0,
    0x0, 0x0,

    /* U+00FE "þ" */
    0x9f, 0xf2, 0x0, 0x0, 0x0, 0x9f, 0xf2, 0x0,
    0x0, 0x0, 0x9f, 0xf2, 0x0, 0x0, 0x0, 0x9f,
    0xf2, 0x0, 0x0, 0x0, 0x9f, 0xf5, 0xcf, 0xe9,
    0x10, 0x9f, 0xff, 0xff, 0xff, 0xc0, 0x9f, 0xfc,
    0x55, 0xdf, 0xf5, 0x9f, 0xf2, 0x0, 0x3f, 0xfa,
    0x9f, 0xf2, 0x0, 0xe, 0xfd, 0x9f, 0xf2, 0x0,
    0xd, 0xfd, 0x9f, 0xf2, 0x0, 0xe, 0xfd, 0x9f,
    0xf2, 0x0, 0x2f, 0xfa, 0x9f, 0xfc, 0x45, 0xdf,
    0xf5, 0x9f, 0xff, 0xff, 0xff, 0xb0, 0x9f, 0xf5,
    0xcf, 0xe9, 0x0, 0x9f, 0xf2, 0x0, 0x0, 0x0,
    0x9f, 0xf2, 0x0, 0x0, 0x0, 0x9f, 0xf2, 0x0,
    0x0, 0x0, 0x9f, 0xf2, 0x0, 0x0, 0x0,

    /* U+00FF "ÿ" */
    0x0, 0x2e, 0xd1, 0x6, 0xf9, 0x0, 0x0, 0x5f,
    0xf2, 0xa, 0xfd, 0x0, 0x0, 0x6, 0x50, 0x1,
    0x72, 0x0, 0x0, 0x0, 0x0, 0x0, 0x0, 0x0,
    0x4f, 0xfa, 0x0, 0x0, 0x3f, 0xfc, 0xd, 0xff,
    0x10, 0x0, 0x9f, 0xf5, 0x6, 0xff, 0x70, 0x0,
    0xef, 0xe0, 0x0, 0xef, 0xd0, 0x5, 0xff, 0x70,
    0x0, 0x8f, 0xf3, 0xb, 0xff, 0x10, 0x0, 0x1f,
    0xf9, 0x1f, 0xf9, 0x0, 0x0, 0xa, 0xff, 0x8f,
    0xf2, 0x0, 0x0, 0x3, 0xff, 0xff, 0xb0, 0x0,
    0x0, 0x0, 0xcf, 0xff, 0x40, 0x0, 0x0, 0x0,
    0x5f, 0xfd, 0x0, 0x0, 0x0, 0x0, 0x3f, 0xf6,
    0x0, 0x0, 0x0, 0x0, 0xbf, 0xe0, 0x0, 0x0,
    0x0, 0x49, 0xff, 0x80, 0x0, 0x0, 0x1, 0xff,
    0xfe, 0x10, 0x0, 0x0, 0x2, 0xff, 0xa1, 0x0,
    0x0, 0x0
};


/*---------------------
 *  GLYPH DESCRIPTION
 *--------------------*/

static const lv_font_fmt_txt_glyph_dsc_t glyph_dsc[] = {
    {.bitmap_index = 0, .adv_w = 0, .box_w = 0, .box_h = 0, .ofs_x = 0, .ofs_y = 0} /* id = 0 reserved */,
    {.bitmap_index = 0, .adv_w = 192, .box_w = 0, .box_h = 0, .ofs_x = 0, .ofs_y = 0},
    {.bitmap_index = 0, .adv_w = 192, .box_w = 4, .box_h = 15, .ofs_x = 4, .ofs_y = 0},
    {.bitmap_index = 30, .adv_w = 192, .box_w = 7, .box_h = 6, .ofs_x = 2, .ofs_y = 9},
    {.bitmap_index = 51, .adv_w = 192, .box_w = 12, .box_h = 15, .ofs_x = 0, .ofs_y = 0},
    {.bitmap_index = 141, .adv_w = 192, .box_w = 11, .box_h = 19, .ofs_x = 1, .ofs_y = -2},
    {.bitmap_index = 246, .adv_w = 192, .box_w = 12, .box_h = 15, .ofs_x = 0, .ofs_y = 0},
    {.bitmap_index = 336, .adv_w = 192, .box_w = 13, .box_h = 15, .ofs_x = 0, .ofs_y = 0},
    {.bitmap_index = 434, .adv_w = 192, .box_w = 3, .box_h = 6, .ofs_x = 4, .ofs_y = 9},
    {.bitmap_index = 443, .adv_w = 192, .box_w = 6, .box_h = 22, .ofs_x = 3, .ofs_y = -5},
    {.bitmap_index = 509, .adv_w = 192, .box_w = 6, .box_h = 22, .ofs_x = 3, .ofs_y = -5},
    {.bitmap_index = 575, .adv_w = 192, .box_w = 11, .box_h = 11, .ofs_x = 1, .ofs_y = 4},
    {.bitmap_index = 636, .adv_w = 192, .box_w = 11, .box_h = 11, .ofs_x = 0, .ofs_y = 1},
    {.bitmap_index = 697, .adv_w = 192, .box_w = 4, .box_h = 7, .ofs_x = 3, .ofs_y = -5},
    {.bitmap_index = 711, .adv_w = 192, .box_w = 9, .box_h = 3, .ofs_x = 2, .ofs_y = 5},
    {.bitmap_index = 725, .adv_w = 192, .box_w = 4, .box_h = 4, .ofs_x = 4, .ofs_y = 0},
    {.bitmap_index = 733, .adv_w = 192, .box_w = 8, .box_h = 16, .ofs_x = 2, .ofs_y = -1},
    {.bitmap_index = 797, .adv_w = 192, .box_w = 10, .box_h = 15, .ofs_x = 1, .ofs_y = 0},
    {.bitmap_index = 872, .adv_w = 192, .box_w = 8, .box_h = 15, .ofs_x = 1, .ofs_y = 0},
    {.bitmap_index = 932, .adv_w = 192, .box_w = 11, .box_h = 15, .ofs_x = 0, .ofs_y = 0},
    {.bitmap_index = 1015, .adv_w = 192, .box_w = 11, .box_h = 15, .ofs_x = 0, .ofs_y = 0},
    {.bitmap_index = 1098, .adv_w = 192, .box_w = 11, .box_h = 15, .ofs_x = 0, .ofs_y = 0},
    {.bitmap_index = 1181, .adv_w = 192, .box_w = 10, .box_h = 15, .ofs_x = 1, .ofs_y = 0},
    {.bitmap_index = 1256, .adv_w = 192, .box_w = 10, .box_h = 15, .ofs_x = 1, .ofs_y = 0},
    {.bitmap_index = 1331, .adv_w = 192, .box_w = 11, .box_h = 15, .ofs_x = 0, .ofs_y = 0},
    {.bitmap_index = 1414, .adv_w = 192, .box_w = 10, .box_h = 15, .ofs_x = 1, .ofs_y = 0},
    {.bitmap_index = 1489, .adv_w = 192, .box_w = 11, .box_h = 15, .ofs_x = 0, .ofs_y = 0},
    {.bitmap_index = 1572, .adv_w = 192, .box_w = 5, .box_h = 12, .ofs_x = 4, .ofs_y = 0},
    {.bitmap_index = 1602, .adv_w = 192, .box_w = 5, .box_h = 16, .ofs_x = 4, .ofs_y = -4},
    {.bitmap_index = 1642, .adv_w = 192, .box_w = 10, .box_h = 10, .ofs_x = 1, .ofs_y = 1},
    {.bitmap_index = 1692, .adv_w = 192, .box_w = 10, .box_h = 7, .ofs_x = 1, .ofs_y = 3},
    {.bitmap_index = 1727, .adv_w = 192, .box_w = 10, .box_h = 10, .ofs_x = 1, .ofs_y = 1},
    {.bitmap_index = 1777, .adv_w = 192, .box_w = 10, .box_h = 15, .ofs_x = 1, .ofs_y = 0},
    {.bitmap_index = 1852, .adv_w = 192, .box_w = 12, .box_h = 15, .ofs_x = 0, .ofs_y = 0},
    {.bitmap_index = 1942, .adv_w = 192, .box_w = 12, .box_h = 15, .ofs_x = 0, .ofs_y = 0},
    {.bitmap_index = 2032, .adv_w = 192, .box_w = 11, .box_h = 15, .ofs_x = 1, .ofs_y = 0},
    {.bitmap_index = 2115, .adv_w = 192, .box_w = 12, .box_h = 15, .ofs_x = 0, .ofs_y = 0},
    {.bitmap_index = 2205, .adv_w = 192, .box_w = 11, .box_h = 15, .ofs_x = 1, .ofs_y = 0},
    {.bitmap_index = 2288, .adv_w = 192, .box_w = 11, .box_h = 15, .ofs_x = 1, .ofs_y = 0},
    {.bitmap_index = 2371, .adv_w = 192, .box_w = 11, .box_h = 15, .ofs_x = 1, .ofs_y = 0},
    {.bitmap_index = 2454, .adv_w = 192, .box_w = 12, .box_h = 15, .ofs_x = 0, .ofs_y = 0},
    {.bitmap_index = 2544, .adv_w = 192, .box_w = 10, .box_h = 15, .ofs_x = 1, .ofs_y = 0},
    {.bitmap_index = 2619, .adv_w = 192, .box_w = 10, .box_h = 15, .ofs_x = 1, .ofs_y = 0},
    {.bitmap_index = 2694, .adv_w = 192, .box_w = 10, .box_h = 15, .ofs_x = 1, .ofs_y = 0},
    {.bitmap_index = 2769, .adv_w = 192, .box_w = 12, .box_h = 15, .ofs_x = 1, .ofs_y = 0},
    {.bitmap_index = 2859, .adv_w = 192, .box_w = 10, .box_h = 15, .ofs_x = 1, .ofs_y = 0},
    {.bitmap_index = 2934, .adv_w = 192, .box_w = 10, .box_h = 15, .ofs_x = 1, .ofs_y = 0},
    {.bitmap_index = 3009, .adv_w = 192, .box_w = 10, .box_h = 15, .ofs_x = 1, .ofs_y = 0},
    {.bitmap_index = 3084, .adv_w = 192, .box_w = 12, .box_h = 15, .ofs_x = 0, .ofs_y = 0},
    {.bitmap_index = 3174, .adv_w = 192, .box_w = 11, .box_h = 15, .ofs_x = 1, .ofs_y = 0},
    {.bitmap_index = 3257, .adv_w = 192, .box_w = 12, .box_h = 18, .ofs_x = 0, .ofs_y = -3},
    {.bitmap_index = 3365, .adv_w = 192, .box_w = 11, .box_h = 15, .ofs_x = 1, .ofs_y = 0},
    {.bitmap_index = 3448, .adv_w = 192, .box_w = 12, .box_h = 15, .ofs_x = 0, .ofs_y = 0},
    {.bitmap_index = 3538, .adv_w = 192, .box_w = 12, .box_h = 15, .ofs_x = 0, .ofs_y = 0},
    {.bitmap_index = 3628, .adv_w = 192, .box_w = 10, .box_h = 15, .ofs_x = 1, .ofs_y = 0},
    {.bitmap_index = 3703, .adv_w = 192, .box_w = 12, .box_h = 15, .ofs_x = 0, .ofs_y = 0},
    {.bitmap_index = 3793, .adv_w = 192, .box_w = 12, .box_h = 15, .ofs_x = 0, .ofs_y = 0},
    {.bitmap_index = 3883, .adv_w = 192, .box_w = 12, .box_h = 15, .ofs_x = 0, .ofs_y = 0},
    {.bitmap_index = 3973, .adv_w = 192, .box_w = 12, .box_h = 15, .ofs_x = 0, .ofs_y = 0},
    {.bitmap_index = 4063, .adv_w = 192, .box_w = 12, .box_h = 15, .ofs_x = 0, .ofs_y = 0},
    {.bitmap_index = 4153, .adv_w = 192, .box_w = 6, .box_h = 21, .ofs_x = 3, .ofs_y = -3},
    {.bitmap_index = 4216, .adv_w = 192, .box_w = 9, .box_h = 16, .ofs_x = 2, .ofs_y = -1},
    {.bitmap_index = 4288, .adv_w = 192, .box_w = 6, .box_h = 21, .ofs_x = 3, .ofs_y = -3},
    {.bitmap_index = 4351, .adv_w = 192, .box_w = 9, .box_h = 8, .ofs_x = 2, .ofs_y = 7},
    {.bitmap_index = 4387, .adv_w = 192, .box_w = 10, .box_h = 3, .ofs_x = 1, .ofs_y = -2},
    {.bitmap_index = 4402, .adv_w = 192, .box_w = 5, .box_h = 3, .ofs_x = 4, .ofs_y = 12},
    {.bitmap_index = 4410, .adv_w = 192, .box_w = 10, .box_h = 11, .ofs_x = 1, .ofs_y = 0},
    {.bitmap_index = 4465, .adv_w = 192, .box_w = 10, .box_h = 15, .ofs_x = 1, .ofs_y = 0},
    {.bitmap_index = 4540, .adv_w = 192, .box_w = 10, .box_h = 11, .ofs_x = 1, .ofs_y = 0},
    {.bitmap_index = 4595, .adv_w = 192, .box_w = 10, .box_h = 15, .ofs_x = 1, .ofs_y = 0},
    {.bitmap_index = 4670, .adv_w = 192, .box_w = 11, .box_h = 11, .ofs_x = 1, .ofs_y = 0},
    {.bitmap_index = 4731, .adv_w = 192, .box_w = 11, .box_h = 16, .ofs_x = 1, .ofs_y = 0},
    {.bitmap_index = 4819, .adv_w = 192, .box_w = 10, .box_h = 15, .ofs_x = 1, .ofs_y = -4},
    {.bitmap_index = 4894, .adv_w = 192, .box_w = 10, .box_h = 15, .ofs_x = 1, .ofs_y = 0},
    {.bitmap_index = 4969, .adv_w = 192, .box_w = 9, .box_h = 15, .ofs_x = 2, .ofs_y = 0},
    {.bitmap_index = 5037, .adv_w = 192, .box_w = 7, .box_h = 19, .ofs_x = 2, .ofs_y = -4},
    {.bitmap_index = 5104, .adv_w = 192, .box_w = 11, .box_h = 15, .ofs_x = 1, .ofs_y = 0},
    {.bitmap_index = 5187, .adv_w = 192, .box_w = 10, .box_h = 15, .ofs_x = 1, .ofs_y = 0},
    {.bitmap_index = 5262, .adv_w = 192, .box_w = 12, .box_h = 11, .ofs_x = 0, .ofs_y = 0},
    {.bitmap_index = 5328, .adv_w = 192, .box_w = 10, .box_h = 11, .ofs_x = 1, .ofs_y = 0},
    {.bitmap_index = 5383, .adv_w = 192, .box_w = 10, .box_h = 11, .ofs_x = 1, .ofs_y = 0},
    {.bitmap_index = 5438, .adv_w = 192, .box_w = 10, .box_h = 15, .ofs_x = 1, .ofs_y = -4},
    {.bitmap_index = 5513, .adv_w = 192, .box_w = 10, .box_h = 15, .ofs_x = 1, .ofs_y = -4},
    {.bitmap_index = 5588, .adv_w = 192, .box_w = 9, .box_h = 11, .ofs_x = 2, .ofs_y = 0},
    {.bitmap_index = 5638, .adv_w = 192, .box_w = 10, .box_h = 11, .ofs_x = 1, .ofs_y = 0},
    {.bitmap_index = 5693, .adv_w = 192, .box_w = 10, .box_h = 14, .ofs_x = 1, .ofs_y = 0},
    {.bitmap_index = 5763, .adv_w = 192, .box_w = 10, .box_h = 11, .ofs_x = 1, .ofs_y = 0},
    {.bitmap_index = 5818, .adv_w = 192, .box_w = 12, .box_h = 11, .ofs_x = 0, .ofs_y = 0},
    {.bitmap_index = 5884, .adv_w = 192, .box_w = 12, .box_h = 11, .ofs_x = 0, .ofs_y = 0},
    {.bitmap_index = 5950, .adv_w = 192, .box_w = 12, .box_h = 11, .ofs_x = 0, .ofs_y = 0},
    {.bitmap_index = 6016, .adv_w = 192, .box_w = 12, .box_h = 15, .ofs_x = 0, .ofs_y = -4},
    {.bitmap_index = 6106, .adv_w = 192, .box_w = 11, .box_h = 11, .ofs_x = 1, .ofs_y = 0},
    {.bitmap_index = 6167, .adv_w = 192, .box_w = 7, .box_h = 20, .ofs_x = 3, .ofs_y = -4},
    {.bitmap_index = 6237, .adv_w = 192, .box_w = 2, .box_h = 19, .ofs_x = 5, .ofs_y = -4},
    {.bitmap_index = 6256, .adv_w = 192, .box_w = 7, .box_h = 20, .ofs_x = 3, .ofs_y = -4},
    {.bitmap_index = 6326, .adv_w = 192, .box_w = 12, .box_h = 5, .ofs_x = 0, .ofs_y = 4},
    {.bitmap_index = 6356, .adv_w = 192, .box_w = 0, .box_h = 0, .ofs_x = 0, .ofs_y = 0},
    {.bitmap_index = 6356, .adv_w = 192, .box_w = 4, .box_h = 15, .ofs_x = 4, .ofs_y = -4},
    {.bitmap_index = 6386, .adv_w = 192, .box_w = 10, .box_h = 16, .ofs_x = 1, .ofs_y = -2},
    {.bitmap_index = 6466, .adv_w = 192, .box_w = 11, .box_h = 15, .ofs_x = 1, .ofs_y = 0},
    {.bitmap_index = 6549, .adv_w = 192, .box_w = 12, .box_h = 13, .ofs_x = 0, .ofs_y = -1},
    {.bitmap_index = 6627, .adv_w = 192, .box_w = 12, .box_h = 15, .ofs_x = 0, .ofs_y = 0},
    {.bitmap_index = 6717, .adv_w = 192, .box_w = 4, .box_h = 17, .ofs_x = 4, .ofs_y = -2},
    {.bitmap_index = 6751, .adv_w = 192, .box_w = 12, .box_h = 19, .ofs_x = 0, .ofs_y = -4},
    {.bitmap_index = 6865, .adv_w = 192, .box_w = 8, .box_h = 3, .ofs_x = 2, .ofs_y = 12},
    {.bitmap_index = 6877, .adv_w = 192, .box_w = 12, .box_h = 11, .ofs_x = 0, .ofs_y = 0},
    {.bitmap_index = 6943, .adv_w = 192, .box_w = 8, .box_h = 7, .ofs_x = 2, .ofs_y = 7},
    {.bitmap_index = 6971, .adv_w = 192, .box_w = 10, .box_h = 8, .ofs_x = 1, .ofs_y = 1},
    {.bitmap_index = 7011, .adv_w = 192, .box_w = 9, .box_h = 5, .ofs_x = 1, .ofs_y = 3},
    {.bitmap_index = 7034, .adv_w = 192, .box_w = 9, .box_h = 3, .ofs_x = 2, .ofs_y = 5},
    {.bitmap_index = 7048, .adv_w = 192, .box_w = 12, .box_h = 11, .ofs_x = 0, .ofs_y = 0},
    {.bitmap_index = 7114, .adv_w = 192, .box_w = 8, .box_h = 2, .ofs_x = 2, .ofs_y = 13},
    {.bitmap_index = 7122, .adv_w = 192, .box_w = 6, .box_h = 7, .ofs_x = 3, .ofs_y = 9},
    {.bitmap_index = 7143, .adv_w = 192, .box_w = 10, .box_h = 13, .ofs_x = 1, .ofs_y = 0},
    {.bitmap_index = 7208, .adv_w = 192, .box_w = 8, .box_h = 7, .ofs_x = 2, .ofs_y = 7},
    {.bitmap_index = 7236, .adv_w = 192, .box_w = 8, .box_h = 7, .ofs_x = 2, .ofs_y = 7},
    {.bitmap_index = 7264, .adv_w = 192, .box_w = 6, .box_h = 3, .ofs_x = 3, .ofs_y = 12},
    {.bitmap_index = 7273, .adv_w = 192, .box_w = 10, .box_h = 15, .ofs_x = 1, .ofs_y = -4},
    {.bitmap_index = 7348, .adv_w = 192, .box_w = 8, .box_h = 15, .ofs_x = 2, .ofs_y = 0},
    {.bitmap_index = 7408, .adv_w = 192, .box_w = 4, .box_h = 3, .ofs_x = 4, .ofs_y = 6},
    {.bitmap_index = 7414, .adv_w = 192, .box_w = 4, .box_h = 5, .ofs_x = 4, .ofs_y = -5},
    {.bitmap_index = 7424, .adv_w = 192, .box_w = 5, .box_h = 8, .ofs_x = 3, .ofs_y = 7},
    {.bitmap_index = 7444, .adv_w = 192, .box_w = 8, .box_h = 7, .ofs_x = 2, .ofs_y = 7},
    {.bitmap_index = 7472, .adv_w = 192, .box_w = 9, .box_h = 8, .ofs_x = 2, .ofs_y = 1},
    {.bitmap_index = 7508, .adv_w = 192, .box_w = 12, .box_h = 15, .ofs_x = 0, .ofs_y = 0},
    {.bitmap_index = 7598, .adv_w = 192, .box_w = 12, .box_h = 16, .ofs_x = 0, .ofs_y = -1},
    {.bitmap_index = 7694, .adv_w = 192, .box_w = 12, .box_h = 15, .ofs_x = 0, .ofs_y = 0},
    {.bitmap_index = 7784, .adv_w = 192, .box_w = 10, .box_h = 15, .ofs_x = 1, .ofs_y = -4},
    {.bitmap_index = 7859, .adv_w = 192, .box_w = 12, .box_h = 18, .ofs_x = 0, .ofs_y = 0},
    {.bitmap_index = 7967, .adv_w = 192, .box_w = 12, .box_h = 18, .ofs_x = 0, .ofs_y = 0},
    {.bitmap_index = 8075, .adv_w = 192, .box_w = 12, .box_h = 19, .ofs_x = 0, .ofs_y = 0},
    {.bitmap_index = 8189, .adv_w = 192, .box_w = 12, .box_h = 19, .ofs_x = 0, .ofs_y = 0},
    {.bitmap_index = 8303, .adv_w = 192, .box_w = 12, .box_h = 19, .ofs_x = 0, .ofs_y = 0},
    {.bitmap_index = 8417, .adv_w = 192, .box_w = 12, .box_h = 19, .ofs_x = 0, .ofs_y = 0},
    {.bitmap_index = 8531, .adv_w = 192, .box_w = 12, .box_h = 15, .ofs_x = 0, .ofs_y = 0},
    {.bitmap_index = 8621, .adv_w = 192, .box_w = 12, .box_h = 19, .ofs_x = 0, .ofs_y = -4},
    {.bitmap_index = 8735, .adv_w = 192, .box_w = 11, .box_h = 18, .ofs_x = 1, .ofs_y = 0},
    {.bitmap_index = 8834, .adv_w = 192, .box_w = 11, .box_h = 18, .ofs_x = 1, .ofs_y = 0},
    {.bitmap_index = 8933, .adv_w = 192, .box_w = 11, .box_h = 19, .ofs_x = 1, .ofs_y = 0},
    {.bitmap_index = 9038, .adv_w = 192, .box_w = 11, .box_h = 19, .ofs_x = 1, .ofs_y = 0},
    {.bitmap_index = 9143, .adv_w = 192, .box_w = 10, .box_h = 18, .ofs_x = 1, .ofs_y = 0},
    {.bitmap_index = 9233, .adv_w = 192, .box_w = 10, .box_h = 18, .ofs_x = 1, .ofs_y = 0},
    {.bitmap_index = 9323, .adv_w = 192, .box_w = 10, .box_h = 19, .ofs_x = 1, .ofs_y = 0},
    {.bitmap_index = 9418, .adv_w = 192, .box_w = 10, .box_h = 19, .ofs_x = 1, .ofs_y = 0},
    {.bitmap_index = 9513, .adv_w = 192, .box_w = 13, .box_h = 15, .ofs_x = -1, .ofs_y = 0},
    {.bitmap_index = 9611, .adv_w = 192, .box_w = 10, .box_h = 19, .ofs_x = 1, .ofs_y = 0},
    {.bitmap_index = 9706, .adv_w = 192, .box_w = 12, .box_h = 19, .ofs_x = 0, .ofs_y = 0},
    {.bitmap_index = 9820, .adv_w = 192, .box_w = 12, .box_h = 19, .ofs_x = 0, .ofs_y = 0},
    {.bitmap_index = 9934, .adv_w = 192, .box_w = 12, .box_h = 19, .ofs_x = 0, .ofs_y = 0},
    {.bitmap_index = 10048, .adv_w = 192, .box_w = 12, .box_h = 20, .ofs_x = 0, .ofs_y = 0},
    {.bitmap_index = 10168, .adv_w = 192, .box_w = 12, .box_h = 19, .ofs_x = 0, .ofs_y = 0},
    {.bitmap_index = 10282, .adv_w = 192, .box_w = 10, .box_h = 10, .ofs_x = 1, .ofs_y = 2},
    {.bitmap_index = 10332, .adv_w = 192, .box_w = 12, .box_h = 16, .ofs_x = 0, .ofs_y = -1},
    {.bitmap_index = 10428, .adv_w = 192, .box_w = 10, .box_h = 18, .ofs_x = 1, .ofs_y = 0},
    {.bitmap_index = 10518, .adv_w = 192, .box_w = 10, .box_h = 18, .ofs_x = 1, .ofs_y = 0},
    {.bitmap_index = 10608, .adv_w = 192, .box_w = 10, .box_h = 19, .ofs_x = 1, .ofs_y = 0},
    {.bitmap_index = 10703, .adv_w = 192, .box_w = 10, .box_h = 19, .ofs_x = 1, .ofs_y = 0},
    {.bitmap_index = 10798, .adv_w = 192, .box_w = 12, .box_h = 18, .ofs_x = 0, .ofs_y = 0},
    {.bitmap_index = 10906, .adv_w = 192, .box_w = 11, .box_h = 15, .ofs_x = 1, .ofs_y = 0},
    {.bitmap_index = 10989, .adv_w = 192, .box_w = 11, .box_h = 15, .ofs_x = 1, .ofs_y = 0},
    {.bitmap_index = 11072, .adv_w = 192, .box_w = 10, .box_h = 15, .ofs_x = 1, .ofs_y = 0},
    {.bitmap_index = 11147, .adv_w = 192, .box_w = 10, .box_h = 15, .ofs_x = 1, .ofs_y = 0},
    {.bitmap_index = 11222, .adv_w = 192, .box_w = 10, .box_h = 15, .ofs_x = 1, .ofs_y = 0},
    {.bitmap_index = 11297, .adv_w = 192, .box_w = 10, .box_h = 16, .ofs_x = 1, .ofs_y = 0},
    {.bitmap_index = 11377, .adv_w = 192, .box_w = 10, .box_h = 15, .ofs_x = 1, .ofs_y = 0},
    {.bitmap_index = 11452, .adv_w = 192, .box_w = 10, .box_h = 16, .ofs_x = 1, .ofs_y = 0},
    {.bitmap_index = 11532, .adv_w = 192, .box_w = 12, .box_h = 11, .ofs_x = 0, .ofs_y = 0},
    {.bitmap_index = 11598, .adv_w = 192, .box_w = 10, .box_h = 15, .ofs_x = 1, .ofs_y = -4},
    {.bitmap_index = 11673, .adv_w = 192, .box_w = 11, .box_h = 15, .ofs_x = 1, .ofs_y = 0},
    {.bitmap_index = 11756, .adv_w = 192, .box_w = 11, .box_h = 15, .ofs_x = 1, .ofs_y = 0},
    {.bitmap_index = 11839, .adv_w = 192, .box_w = 11, .box_h = 15, .ofs_x = 1, .ofs_y = 0},
    {.bitmap_index = 11922, .adv_w = 192, .box_w = 11, .box_h = 15, .ofs_x = 1, .ofs_y = 0},
    {.bitmap_index = 12005, .adv_w = 192, .box_w = 10, .box_h = 15, .ofs_x = 1, .ofs_y = 0},
    {.bitmap_index = 12080, .adv_w = 192, .box_w = 10, .box_h = 15, .ofs_x = 1, .ofs_y = 0},
    {.bitmap_index = 12155, .adv_w = 192, .box_w = 10, .box_h = 15, .ofs_x = 1, .ofs_y = 0},
    {.bitmap_index = 12230, .adv_w = 192, .box_w = 10, .box_h = 15, .ofs_x = 1, .ofs_y = 0},
    {.bitmap_index = 12305, .adv_w = 192, .box_w = 11, .box_h = 16, .ofs_x = 0, .ofs_y = 0},
    {.bitmap_index = 12393, .adv_w = 192, .box_w = 10, .box_h = 16, .ofs_x = 1, .ofs_y = 0},
    {.bitmap_index = 12473, .adv_w = 192, .box_w = 10, .box_h = 15, .ofs_x = 1, .ofs_y = 0},
    {.bitmap_index = 12548, .adv_w = 192, .box_w = 10, .box_h = 15, .ofs_x = 1, .ofs_y = 0},
    {.bitmap_index = 12623, .adv_w = 192, .box_w = 10, .box_h = 15, .ofs_x = 1, .ofs_y = 0},
    {.bitmap_index = 12698, .adv_w = 192, .box_w = 10, .box_h = 16, .ofs_x = 1, .ofs_y = 0},
    {.bitmap_index = 12778, .adv_w = 192, .box_w = 10, .box_h = 15, .ofs_x = 1, .ofs_y = 0},
    {.bitmap_index = 12853, .adv_w = 192, .box_w = 11, .box_h = 11, .ofs_x = 1, .ofs_y = 1},
    {.bitmap_index = 12914, .adv_w = 192, .box_w = 10, .box_h = 14, .ofs_x = 1, .ofs_y = -1},
    {.bitmap_index = 12984, .adv_w = 192, .box_w = 10, .box_h = 15, .ofs_x = 1, .ofs_y = 0},
    {.bitmap_index = 13059, .adv_w = 192, .box_w = 10, .box_h = 15, .ofs_x = 1, .ofs_y = 0},
    {.bitmap_index = 13134, .adv_w = 192, .box_w = 10, .box_h = 15, .ofs_x = 1, .ofs_y = 0},
    {.bitmap_index = 13209, .adv_w = 192, .box_w = 10, .box_h = 15, .ofs_x = 1, .ofs_y = 0},
    {.bitmap_index = 13284, .adv_w = 192, .box_w = 12, .box_h = 19, .ofs_x = 0, .ofs_y = -4},
    {.bitmap_index = 13398, .adv_w = 192, .box_w = 10, .box_h = 19, .ofs_x = 1, .ofs_y = -4},
    {.bitmap_index = 13493, .adv_w = 192, .box_w = 12, .box_h = 19, .ofs_x = 0, .ofs_y = -4}
};

/*---------------------
 *  CHARACTER MAPPING
 *--------------------*/



/*Collect the unicode lists and glyph_id offsets*/
static const lv_font_fmt_txt_cmap_t cmaps[] =
{
    {
        .range_start = 32, .range_length = 95, .glyph_id_start = 1,
        .unicode_list = NULL, .glyph_id_ofs_list = NULL, .list_length = 0, .type = LV_FONT_FMT_TXT_CMAP_FORMAT0_TINY
    },
    {
        .range_start = 160, .range_length = 96, .glyph_id_start = 96,
        .unicode_list = NULL, .glyph_id_ofs_list = NULL, .list_length = 0, .type = LV_FONT_FMT_TXT_CMAP_FORMAT0_TINY
    }
};



/*--------------------
 *  ALL CUSTOM DATA
 *--------------------*/

#if LVGL_VERSION_MAJOR == 8
/*Store all the custom data of the font*/
static  lv_font_fmt_txt_glyph_cache_t cache;
#endif

#if LVGL_VERSION_MAJOR >= 8
static const lv_font_fmt_txt_dsc_t font_dsc = {
#else
static lv_font_fmt_txt_dsc_t font_dsc = {
#endif
    .glyph_bitmap = glyph_bitmap,
    .glyph_dsc = glyph_dsc,
    .cmaps = cmaps,
    .kern_dsc = NULL,
    .kern_scale = 0,
    .cmap_num = 2,
    .bpp = 4,
    .kern_classes = 0,
    .bitmap_format = 0,
#if LVGL_VERSION_MAJOR == 8
    .cache = &cache
#endif
};



/*-----------------
 *  PUBLIC FONT
 *----------------*/

/*Initialize a public general font descriptor*/
#if LVGL_VERSION_MAJOR >= 8
const lv_font_t roboto_mono_bold_20 = {
#else
lv_font_t roboto_mono_bold_20 = {
#endif
    .get_glyph_dsc = lv_font_get_glyph_dsc_fmt_txt,    /*Function pointer to get glyph's data*/
    .get_glyph_bitmap = lv_font_get_bitmap_fmt_txt,    /*Function pointer to get glyph's bitmap*/
    .line_height = 25,          /*The maximum line height required by the font*/
    .base_line = 5,             /*Baseline measured from the bottom of the line*/
#if !(LVGL_VERSION_MAJOR == 6 && LVGL_VERSION_MINOR == 0)
    .subpx = LV_FONT_SUBPX_NONE,
#endif
#if LV_VERSION_CHECK(7, 4, 0) || LVGL_VERSION_MAJOR >= 8
    .underline_position = -1,
    .underline_thickness = 1,
#endif
    .dsc = &font_dsc,          /*The custom font data. Will be accessed by `get_glyph_bitmap/dsc` */
#if LV_VERSION_CHECK(8, 2, 0) || LVGL_VERSION_MAJOR >= 9
    .fallback = NULL,
#endif
    .user_data = NULL,
};



#endif /*#if ROBOTO_MONO_BOLD_20*/

