/*******************************************************************************
 * Size: 24 px
 * Bpp: 4
 * Opts: --font RobotoMono-Bold.ttf --size 24 --bpp 4 --format lvgl --lv-font-name roboto_mono_bold_24 --output roboto_mono_bold_24.c --range 0x20-0xFF --no-compress
 ******************************************************************************/
#include "lvgl.h"

#ifndef ROBOTO_MONO_BOLD_24
#define ROBOTO_MONO_BOLD_24 1
#endif

#if ROBOTO_MONO_BOLD_24

/*-----------------
 *    BITMAPS
 *----------------*/

/*Store the image of the glyphs*/
static LV_ATTRIBUTE_LARGE_CONST const uint8_t glyph_bitmap[] = {
    /* U+0020 " " */

    /* U+0021 "!" */
    0x7f, 0xfd, 0x7, 0xff, 0xd0, 0x6f, 0xfd, 0x6,
    0xff, 0xd0, 0x6f, 0xfc, 0x6, 0xff, 0xc0, 0x5f,
    0xfc, 0x5, 0xff, 0xb0, 0x5f, 0xfb, 0x4, 0xff,
    0xb0, 0x4f, 0xfb, 0x0, 0x22, 0x10, 0x0, 0x0,
    0x0, 0x78, 0x20, 0x8f, 0xfe, 0xa, 0xff, 0xf0,
    0x3d, 0xf7, 0x0,

    /* U+0022 "\"" */
    0xbf, 0xb0, 0xe, 0xf8, 0xbf, 0xb0, 0xe, 0xf8,
    0xbf, 0x90, 0xe, 0xf7, 0xbf, 0x80, 0xe, 0xf6,
    0xbf, 0x70, 0xe, 0xf5, 0xbf, 0x60, 0xe, 0xf4,
    0x23, 0x10, 0x3, 0x30,

    /* U+0023 "#" */
    0x0, 0x0, 0xb, 0xf5, 0x4, 0xfc, 0x0, 0x0,
    0x0, 0xe, 0xf2, 0x7, 0xfa, 0x0, 0x0, 0x0,
    0x1f, 0xf0, 0xa, 0xf7, 0x0, 0x0, 0x0, 0x4f,
    0xd0, 0xd, 0xf4, 0x0, 0x0, 0x0, 0x7f, 0xa0,
    0xf, 0xf1, 0x0, 0xa, 0xff, 0xff, 0xff, 0xff,
    0xff, 0xf9, 0xa, 0xff, 0xff, 0xff, 0xff, 0xff,
    0xf9, 0x0, 0x0, 0xff, 0x10, 0x8f, 0x90, 0x0,
    0x0, 0x3, 0xfe, 0x0, 0xbf, 0x50, 0x0, 0x0,
    0x6, 0xfb, 0x0, 0xff, 0x20, 0x0, 0x8f, 0xff,
    0xff, 0xff, 0xff, 0xff, 0xa0, 0x8f, 0xff, 0xff,
    0xff, 0xff, 0xff, 0xa0, 0x0, 0xe, 0xf2, 0x7,
    0xf9, 0x0, 0x0, 0x0, 0x1f, 0xf0, 0xa, 0xf7,
    0x0, 0x0, 0x0, 0x4f, 0xd0, 0xd, 0xf4, 0x0,
    0x0, 0x0, 0x7f, 0xa0, 0xf, 0xf1, 0x0, 0x0,
    0x0, 0x9f, 0x70, 0x2f, 0xe0, 0x0, 0x0,

    /* U+0024 "$" */
    0x0, 0x0, 0x0, 0x21, 0x0, 0x0, 0x0, 0x0,
    0x0, 0x1f, 0xc0, 0x0, 0x0, 0x0, 0x0, 0x1,
    0xfc, 0x0, 0x0, 0x0, 0x0, 0x5, 0x9f, 0xe7,
    0x10, 0x0, 0x0, 0x4e, 0xff, 0xff, 0xff, 0x70,
    0x0, 0x2f, 0xff, 0xff, 0xff, 0xff, 0x60, 0x9,
    0xff, 0xe4, 0x2, 0xcf, 0xfe, 0x0, 0xdf, 0xf7,
    0x0, 0x2, 0xff, 0xf3, 0xd, 0xff, 0x70, 0x0,
    0xc, 0xdd, 0x40, 0xaf, 0xfd, 0x10, 0x0, 0x0,
    0x0, 0x3, 0xff, 0xff, 0x82, 0x0, 0x0, 0x0,
    0x5, 0xff, 0xff, 0xfc, 0x40, 0x0, 0x0, 0x2,
    0x9f, 0xff, 0xff, 0xa0, 0x0, 0x0, 0x0, 0x16,
    0xdf, 0xff, 0xa0, 0x0, 0x0, 0x0, 0x0, 0x8f,
    0xff, 0x26, 0xcc, 0xa0, 0x0, 0x0, 0xff, 0xf5,
    0x6f, 0xff, 0x0, 0x0, 0xf, 0xff, 0x51, 0xff,
    0xfa, 0x10, 0x9, 0xff, 0xf2, 0x8, 0xff, 0xff,
    0xef, 0xff, 0xfa, 0x0, 0x9, 0xff, 0xff, 0xff,
    0xfb, 0x0, 0x0, 0x2, 0x7c, 0xfd, 0x83, 0x0,
    0x0, 0x0, 0x0, 0x5f, 0x80, 0x0, 0x0, 0x0,
    0x0, 0x5, 0xf8, 0x0, 0x0, 0x0,

    /* U+0025 "%" */
    0x4, 0xcf, 0xe9, 0x10, 0x0, 0x0, 0x0, 0x3f,
    0xff, 0xff, 0xa0, 0x0, 0x0, 0x0, 0x8f, 0xc0,
    0x4f, 0xf0, 0x5, 0x91, 0x0, 0x9f, 0x90, 0x1f,
    0xf1, 0xe, 0xf1, 0x0, 0x8f, 0xd1, 0x5f, 0xf0,
    0x8f, 0x70, 0x0, 0x2f, 0xff, 0xff, 0x92, 0xfd,
    0x0, 0x0, 0x3, 0xbd, 0xd8, 0xa, 0xf4, 0x0,
    0x0, 0x0, 0x0, 0x0, 0x4f, 0xb0, 0x0, 0x0,
    0x0, 0x0, 0x0, 0xdf, 0x20, 0x0, 0x0, 0x0,
    0x0, 0x6, 0xf9, 0x3b, 0xed, 0x60, 0x0, 0x0,
    0x1e, 0xe3, 0xff, 0xff, 0xf6, 0x0, 0x0, 0x9f,
    0x78, 0xfc, 0x8, 0xfd, 0x0, 0x2, 0xfd, 0xb,
    0xf8, 0x3, 0xff, 0x0, 0x6, 0xf4, 0xb, 0xf8,
    0x3, 0xff, 0x0, 0x0, 0x10, 0x9, 0xfc, 0x6,
    0xfd, 0x0, 0x0, 0x0, 0x3, 0xff, 0xff, 0xf7,
    0x0, 0x0, 0x0, 0x0, 0x4d, 0xfe, 0x80,

    /* U+0026 "&" */
    0x0, 0x0, 0x6c, 0xff, 0xb3, 0x0, 0x0, 0x0,
    0x0, 0x9f, 0xff, 0xff, 0xf3, 0x0, 0x0, 0x0,
    0x3f, 0xff, 0xcc, 0xff, 0xb0, 0x0, 0x0, 0x7,
    0xff, 0xa0, 0xe, 0xfe, 0x0, 0x0, 0x0, 0x8f,
    0xf7, 0x0, 0xdf, 0xd0, 0x0, 0x0, 0x5, 0xff,
    0xb0, 0x8f, 0xf6, 0x0, 0x0, 0x0, 0xe, 0xff,
    0xdf, 0xfa, 0x0, 0x0, 0x0, 0x0, 0x6f, 0xff,
    0xf6, 0x0, 0x0, 0x0, 0x0, 0x1a, 0xff, 0xfd,
    0x0, 0x4, 0x55, 0x0, 0xc, 0xff, 0xff, 0xfa,
    0x0, 0xcf, 0xf0, 0x9, 0xff, 0xc3, 0xff, 0xf7,
    0xf, 0xfe, 0x0, 0xff, 0xf4, 0x5, 0xff, 0xfa,
    0xff, 0xa0, 0x1f, 0xff, 0x30, 0x8, 0xff, 0xff,
    0xf3, 0x0, 0xff, 0xf8, 0x0, 0xd, 0xff, 0xfa,
    0x0, 0xa, 0xff, 0xfc, 0xad, 0xff, 0xff, 0xa0,
    0x0, 0x1d, 0xff, 0xff, 0xff, 0xff, 0xff, 0x60,
    0x0, 0x18, 0xdf, 0xfd, 0x93, 0x9f, 0xff, 0x20,

    /* U+0027 "'" */
    0xaf, 0xda, 0xfd, 0xaf, 0xca, 0xfb, 0xaf, 0xaa,
    0xf9, 0x46, 0x30,

    /* U+0028 "(" */
    0x0, 0x0, 0x0, 0x0, 0x0, 0x3, 0xd1, 0x0,
    0x4, 0xff, 0x60, 0x2, 0xff, 0xa0, 0x0, 0xbf,
    0xe0, 0x0, 0x4f, 0xf5, 0x0, 0xb, 0xfe, 0x0,
    0x1, 0xff, 0x90, 0x0, 0x6f, 0xf4, 0x0, 0x9,
    0xff, 0x10, 0x0, 0xcf, 0xf0, 0x0, 0xe, 0xfe,
    0x0, 0x0, 0xef, 0xd0, 0x0, 0xf, 0xfd, 0x0,
    0x0, 0xef, 0xe0, 0x0, 0xd, 0xff, 0x0, 0x0,
    0xaf, 0xf1, 0x0, 0x7, 0xff, 0x30, 0x0, 0x3f,
    0xf7, 0x0, 0x0, 0xdf, 0xc0, 0x0, 0x7, 0xff,
    0x30, 0x0, 0xe, 0xfb, 0x0, 0x0, 0x4f, 0xf6,
    0x0, 0x0, 0x8f, 0xf4, 0x0, 0x0, 0x7f, 0x30,
    0x0, 0x0, 0x20,

    /* U+0029 ")" */
    0x0, 0x0, 0x0, 0x0, 0xd, 0x60, 0x0, 0x0,
    0x2f, 0xf7, 0x0, 0x0, 0x7, 0xff, 0x50, 0x0,
    0x0, 0xbf, 0xe1, 0x0, 0x0, 0x2f, 0xf9, 0x0,
    0x0, 0xb, 0xff, 0x10, 0x0, 0x5, 0xff, 0x60,
    0x0, 0x1, 0xff, 0xb0, 0x0, 0x0, 0xef, 0xf0,
    0x0, 0x0, 0xcf, 0xf2, 0x0, 0x0, 0xaf, 0xf4,
    0x0, 0x0, 0xaf, 0xf5, 0x0, 0x0, 0xaf, 0xf5,
    0x0, 0x0, 0xaf, 0xf4, 0x0, 0x0, 0xbf, 0xf3,
    0x0, 0x0, 0xdf, 0xf0, 0x0, 0x0, 0xff, 0xc0,
    0x0, 0x4, 0xff, 0x80, 0x0, 0x9, 0xff, 0x20,
    0x0, 0xe, 0xfb, 0x0, 0x0, 0x8f, 0xf3, 0x0,
    0x3, 0xff, 0x80, 0x0, 0x1e, 0xfb, 0x0, 0x0,
    0xf, 0xa0, 0x0, 0x0, 0x2, 0x0, 0x0, 0x0,

    /* U+002A "*" */
    0x0, 0x0, 0x6, 0xff, 0x10, 0x0, 0x0, 0x0,
    0x0, 0x5f, 0xf0, 0x0, 0x0, 0x0, 0x0, 0x3,
    0xfe, 0x0, 0x0, 0x0, 0x77, 0x10, 0x2f, 0xc0,
    0x1, 0x81, 0xd, 0xff, 0x83, 0xfb, 0x3a, 0xff,
    0x60, 0xbf, 0xff, 0xff, 0xff, 0xff, 0xf9, 0x0,
    0x3, 0x7e, 0xff, 0xb7, 0x30, 0x0, 0x0, 0x4,
    0xff, 0xfb, 0x0, 0x0, 0x0, 0x3, 0xff, 0x4d,
    0xf8, 0x0, 0x0, 0x1, 0xef, 0xa0, 0x4f, 0xf5,
    0x0, 0x0, 0x9f, 0xf2, 0x0, 0xbf, 0xf1, 0x0,
    0x0, 0x77, 0x0, 0x2, 0xd2, 0x0, 0x0, 0x0,
    0x0, 0x0, 0x0, 0x0, 0x0,

    /* U+002B "+" */
    0x0, 0x0, 0x48, 0x84, 0x0, 0x0, 0x0, 0x0,
    0x8f, 0xf9, 0x0, 0x0, 0x0, 0x0, 0x8f, 0xf9,
    0x0, 0x0, 0x0, 0x0, 0x8f, 0xf9, 0x0, 0x0,
    0x0, 0x0, 0x8f, 0xf9, 0x0, 0x0, 0xdf, 0xff,
    0xff, 0xff, 0xff, 0xfd, 0xdf, 0xff, 0xff, 0xff,
    0xff, 0xfd, 0xdf, 0xff, 0xff, 0xff, 0xff, 0xfd,
    0x0, 0x0, 0x8f, 0xf9, 0x0, 0x0, 0x0, 0x0,
    0x8f, 0xf9, 0x0, 0x0, 0x0, 0x0, 0x8f, 0xf9,
    0x0, 0x0, 0x0, 0x0, 0x8f, 0xf9, 0x0, 0x0,
    0x0, 0x0, 0x8f, 0xf9, 0x0, 0x0,

    /* U+002C "," */
    0xb, 0xff, 0x50, 0xbf, 0xf5, 0xb, 0xff, 0x50,
    0xcf, 0xf3, 0xe, 0xff, 0x3, 0xff, 0x90, 0x9f,
    0xe1, 0x0, 0x62, 0x0,

    /* U+002D "-" */
    0x7a, 0xaa, 0xaa, 0xaa, 0xaa, 0xb, 0xff, 0xff,
    0xff, 0xff, 0xf1, 0xbf, 0xff, 0xff, 0xff, 0xff,
    0x10,

    /* U+002E "." */
    0x0, 0x34, 0x0, 0x8, 0xff, 0xe1, 0xf, 0xff,
    0xf6, 0xe, 0xff, 0xf5, 0x4, 0xef, 0xa0,

    /* U+002F "/" */
    0x0, 0x0, 0x0, 0x3f, 0xfd, 0x0, 0x0, 0x0,
    0x8f, 0xf7, 0x0, 0x0, 0x0, 0xef, 0xf2, 0x0,
    0x0, 0x3, 0xff, 0xc0, 0x0, 0x0, 0x9, 0xff,
    0x70, 0x0, 0x0, 0xe, 0xff, 0x10, 0x0, 0x0,
    0x4f, 0xfc, 0x0, 0x0, 0x0, 0x9f, 0xf6, 0x0,
    0x0, 0x0, 0xff, 0xf1, 0x0, 0x0, 0x5, 0xff,
    0xb0, 0x0, 0x0, 0xa, 0xff, 0x50, 0x0, 0x0,
    0xf, 0xff, 0x0, 0x0, 0x0, 0x5f, 0xfa, 0x0,
    0x0, 0x0, 0xbf, 0xf5, 0x0, 0x0, 0x1, 0xff,
    0xf0, 0x0, 0x0, 0x6, 0xff, 0xa0, 0x0, 0x0,
    0xb, 0xff, 0x40, 0x0, 0x0, 0x1f, 0xfe, 0x0,
    0x0, 0x0, 0x28, 0x85, 0x0, 0x0, 0x0,

    /* U+0030 "0" */
    0x0, 0x6, 0xcf, 0xfd, 0x91, 0x0, 0x0, 0xaf,
    0xff, 0xff, 0xfe, 0x20, 0x6, 0xff, 0xfc, 0xaf,
    0xff, 0xd0, 0xe, 0xff, 0x80, 0x2, 0xff, 0xf4,
    0x2f, 0xff, 0x10, 0x0, 0xbf, 0xf9, 0x4f, 0xff,
    0x0, 0x0, 0x8f, 0xfb, 0x5f, 0xff, 0x0, 0x6,
    0xff, 0xfc, 0x5f, 0xff, 0x1, 0xbf, 0xff, 0xfc,
    0x5f, 0xff, 0x4e, 0xfa, 0x9f, 0xfc, 0x5f, 0xff,
    0xff, 0x60, 0x8f, 0xfc, 0x5f, 0xff, 0xc2, 0x0,
    0x8f, 0xfc, 0x4f, 0xff, 0x0, 0x0, 0x8f, 0xfb,
    0x2f, 0xff, 0x10, 0x0, 0xbf, 0xf9, 0xd, 0xff,
    0x80, 0x2, 0xff, 0xf4, 0x6, 0xff, 0xfc, 0xaf,
    0xff, 0xd0, 0x0, 0xaf, 0xff, 0xff, 0xfe, 0x20,
    0x0, 0x5, 0xcf, 0xfe, 0x91, 0x0,

    /* U+0031 "1" */
    0x0, 0x0, 0x0, 0x1, 0x0, 0x0, 0x17, 0xda,
    0x0, 0x5b, 0xff, 0xfa, 0xaf, 0xff, 0xff, 0xfa,
    0xff, 0xff, 0xff, 0xfa, 0xfd, 0x72, 0xaf, 0xfa,
    0x30, 0x0, 0xaf, 0xfa, 0x0, 0x0, 0xaf, 0xfa,
    0x0, 0x0, 0xaf, 0xfa, 0x0, 0x0, 0xaf, 0xfa,
    0x0, 0x0, 0xaf, 0xfa, 0x0, 0x0, 0xaf, 0xfa,
    0x0, 0x0, 0xaf, 0xfa, 0x0, 0x0, 0xaf, 0xfa,
    0x0, 0x0, 0xaf, 0xfa, 0x0, 0x0, 0xaf, 0xfa,
    0x0, 0x0, 0xaf, 0xfa, 0x0, 0x0, 0xaf, 0xfa,

    /* U+0032 "2" */
    0x0, 0x2, 0x9d, 0xff, 0xd8, 0x0, 0x0, 0x6,
    0xff, 0xff, 0xff, 0xfd, 0x10, 0x4, 0xff, 0xff,
    0xcd, 0xff, 0xfa, 0x0, 0xcf, 0xfb, 0x0, 0x8,
    0xff, 0xf0, 0x1f, 0xff, 0x30, 0x0, 0xf, 0xff,
    0x31, 0x88, 0x80, 0x0, 0x0, 0xff, 0xf2, 0x0,
    0x0, 0x0, 0x0, 0x6f, 0xfe, 0x0, 0x0, 0x0,
    0x0, 0x1e, 0xff, 0x70, 0x0, 0x0, 0x0, 0xc,
    0xff, 0xc0, 0x0, 0x0, 0x0, 0xc, 0xff, 0xe1,
    0x0, 0x0, 0x0, 0xb, 0xff, 0xe2, 0x0, 0x0,
    0x0, 0xb, 0xff, 0xe2, 0x0, 0x0, 0x0, 0xa,
    0xff, 0xf3, 0x0, 0x0, 0x0, 0x9, 0xff, 0xf3,
    0x0, 0x0, 0x0, 0x8, 0xff, 0xfd, 0xaa, 0xaa,
    0xaa, 0x80, 0xdf, 0xff, 0xff, 0xff, 0xff, 0xfd,
    0xd, 0xff, 0xff, 0xff, 0xff, 0xff, 0xd0,

    /* U+0033 "3" */
    0x0, 0x29, 0xdf, 0xfd, 0x92, 0x0, 0x5, 0xff,
    0xff, 0xff, 0xff, 0x50, 0x2f, 0xff, 0xfb, 0xbf,
    0xff, 0xf1, 0x8f, 0xfe, 0x10, 0x2, 0xff, 0xf7,
    0x58, 0x85, 0x0, 0x0, 0xbf, 0xf9, 0x0, 0x0,
    0x0, 0x0, 0xcf, 0xf7, 0x0, 0x0, 0x0, 0x18,
    0xff, 0xf1, 0x0, 0x1, 0xff, 0xff, 0xfe, 0x40,
    0x0, 0x1, 0xff, 0xff, 0xfa, 0x10, 0x0, 0x0,
    0x88, 0x9e, 0xff, 0xe1, 0x0, 0x0, 0x0, 0x0,
    0xdf, 0xf8, 0x0, 0x0, 0x0, 0x0, 0x7f, 0xfc,
    0xac, 0xc5, 0x0, 0x0, 0x7f, 0xfd, 0xbf, 0xfd,
    0x10, 0x1, 0xdf, 0xfa, 0x4f, 0xff, 0xea, 0xae,
    0xff, 0xf3, 0x7, 0xff, 0xff, 0xff, 0xff, 0x60,
    0x0, 0x3a, 0xdf, 0xfd, 0x92, 0x0,

    /* U+0034 "4" */
    0x0, 0x0, 0x0, 0x7, 0xff, 0xf2, 0x0, 0x0,
    0x0, 0x0, 0x2f, 0xff, 0xf2, 0x0, 0x0, 0x0,
    0x0, 0xcf, 0xff, 0xf2, 0x0, 0x0, 0x0, 0x6,
    0xff, 0xff, 0xf2, 0x0, 0x0, 0x0, 0x2f, 0xfd,
    0xff, 0xf2, 0x0, 0x0, 0x0, 0xbf, 0xf3, 0xff,
    0xf2, 0x0, 0x0, 0x6, 0xff, 0x71, 0xff, 0xf2,
    0x0, 0x0, 0x1f, 0xfc, 0x1, 0xff, 0xf2, 0x0,
    0x0, 0xbf, 0xf2, 0x1, 0xff, 0xf2, 0x0, 0x5,
    0xff, 0x70, 0x1, 0xff, 0xf2, 0x0, 0x1e, 0xff,
    0xaa, 0xab, 0xff, 0xfb, 0xa1, 0x4f, 0xff, 0xff,
    0xff, 0xff, 0xff, 0xf2, 0x3f, 0xff, 0xff, 0xff,
    0xff, 0xff, 0xf2, 0x0, 0x0, 0x0, 0x1, 0xff,
    0xf2, 0x0, 0x0, 0x0, 0x0, 0x1, 0xff, 0xf2,
    0x0, 0x0, 0x0, 0x0, 0x1, 0xff, 0xf2, 0x0,
    0x0, 0x0, 0x0, 0x1, 0xff, 0xf2, 0x0,

    /* U+0035 "5" */
    0x4, 0xff, 0xff, 0xff, 0xff, 0xf4, 0x6, 0xff,
    0xff, 0xff, 0xff, 0xf4, 0x8, 0xff, 0xec, 0xcc,
    0xcc, 0xc3, 0x9, 0xff, 0x60, 0x0, 0x0, 0x0,
    0xb, 0xff, 0x40, 0x0, 0x0, 0x0, 0xd, 0xff,
    0x35, 0x77, 0x30, 0x0, 0xf, 0xff, 0xff, 0xff,
    0xfc, 0x10, 0x1f, 0xff, 0xff, 0xff, 0xff, 0xc0,
    0x8, 0xbc, 0x30, 0x19, 0xff, 0xf5, 0x0, 0x0,
    0x0, 0x0, 0xcf, 0xfa, 0x0, 0x0, 0x0, 0x0,
    0x7f, 0xfc, 0x0, 0x0, 0x0, 0x0, 0x7f, 0xfd,
    0x9f, 0xfa, 0x0, 0x0, 0x9f, 0xfb, 0x5f, 0xff,
    0x30, 0x2, 0xff, 0xf7, 0xd, 0xff, 0xfb, 0xaf,
    0xff, 0xe1, 0x2, 0xdf, 0xff, 0xff, 0xff, 0x40,
    0x0, 0x7, 0xcf, 0xfe, 0x92, 0x0,

    /* U+0036 "6" */
    0x0, 0x0, 0x7, 0xbe, 0xf4, 0x0, 0x0, 0x5,
    0xef, 0xff, 0xf4, 0x0, 0x0, 0x7f, 0xff, 0xfe,
    0xc3, 0x0, 0x4, 0xff, 0xfa, 0x20, 0x0, 0x0,
    0xc, 0xff, 0x90, 0x0, 0x0, 0x0, 0x3f, 0xfe,
    0x5, 0x99, 0x60, 0x0, 0x7f, 0xfb, 0xdf, 0xff,
    0xfe, 0x20, 0xaf, 0xff, 0xff, 0xff, 0xff, 0xe0,
    0xbf, 0xff, 0x81, 0x18, 0xff, 0xf6, 0xcf, 0xfa,
    0x0, 0x0, 0xbf, 0xfb, 0xcf, 0xf8, 0x0, 0x0,
    0x6f, 0xfd, 0xbf, 0xf9, 0x0, 0x0, 0x6f, 0xfd,
    0x8f, 0xfc, 0x0, 0x0, 0x9f, 0xfb, 0x2f, 0xff,
    0x50, 0x2, 0xff, 0xf7, 0x9, 0xff, 0xfb, 0xbf,
    0xff, 0xe0, 0x0, 0xbf, 0xff, 0xff, 0xfe, 0x30,
    0x0, 0x6, 0xcf, 0xfd, 0x81, 0x0,

    /* U+0037 "7" */
    0x3f, 0xff, 0xff, 0xff, 0xff, 0xff, 0xc3, 0xff,
    0xff, 0xff, 0xff, 0xff, 0xfc, 0x2b, 0xbb, 0xbb,
    0xbb, 0xbe, 0xff, 0x80, 0x0, 0x0, 0x0, 0x0,
    0xff, 0xf1, 0x0, 0x0, 0x0, 0x0, 0x7f, 0xfa,
    0x0, 0x0, 0x0, 0x0, 0xe, 0xff, 0x30, 0x0,
    0x0, 0x0, 0x6, 0xff, 0xc0, 0x0, 0x0, 0x0,
    0x0, 0xdf, 0xf5, 0x0, 0x0, 0x0, 0x0, 0x5f,
    0xfd, 0x0, 0x0, 0x0, 0x0, 0xc, 0xff, 0x70,
    0x0, 0x0, 0x0, 0x4, 0xff, 0xf0, 0x0, 0x0,
    0x0, 0x0, 0xbf, 0xf9, 0x0, 0x0, 0x0, 0x0,
    0x3f, 0xff, 0x20, 0x0, 0x0, 0x0, 0xa, 0xff,
    0xb0, 0x0, 0x0, 0x0, 0x2, 0xff, 0xf3, 0x0,
    0x0, 0x0, 0x0, 0x9f, 0xfc, 0x0, 0x0, 0x0,
    0x0, 0x1f, 0xff, 0x50, 0x0, 0x0, 0x0,

    /* U+0038 "8" */
    0x0, 0x29, 0xdf, 0xfd, 0x92, 0x0, 0x4, 0xff,
    0xff, 0xff, 0xff, 0x40, 0xe, 0xff, 0xfb, 0xbf,
    0xff, 0xe0, 0x4f, 0xff, 0x30, 0x3, 0xff, 0xf4,
    0x5f, 0xfe, 0x0, 0x0, 0xef, 0xf5, 0x1f, 0xff,
    0x30, 0x3, 0xff, 0xf1, 0x7, 0xff, 0xfb, 0xbf,
    0xff, 0x80, 0x0, 0x7f, 0xff, 0xff, 0xf7, 0x0,
    0x4, 0xff, 0xff, 0xff, 0xff, 0x40, 0x1f, 0xff,
    0x81, 0x18, 0xff, 0xf1, 0x7f, 0xfc, 0x0, 0x0,
    0xcf, 0xf8, 0xbf, 0xf9, 0x0, 0x0, 0x9f, 0xfb,
    0xaf, 0xfa, 0x0, 0x0, 0xaf, 0xfb, 0x7f, 0xff,
    0x20, 0x2, 0xff, 0xf8, 0x1f, 0xff, 0xfb, 0xbf,
    0xff, 0xf1, 0x4, 0xff, 0xff, 0xff, 0xff, 0x40,
    0x0, 0x29, 0xdf, 0xfd, 0x92, 0x0,

    /* U+0039 "9" */
    0x0, 0x18, 0xdf, 0xfc, 0x50, 0x0, 0x2, 0xef,
    0xff, 0xff, 0xf9, 0x0, 0xd, 0xff, 0xfb, 0xcf,
    0xff, 0x70, 0x6f, 0xff, 0x30, 0x8, 0xff, 0xe0,
    0xbf, 0xf9, 0x0, 0x0, 0xef, 0xf4, 0xdf, 0xf6,
    0x0, 0x0, 0xbf, 0xf7, 0xdf, 0xf7, 0x0, 0x0,
    0xbf, 0xf8, 0xbf, 0xfb, 0x0, 0x0, 0xcf, 0xf8,
    0x6f, 0xff, 0x70, 0x19, 0xff, 0xf8, 0xd, 0xff,
    0xff, 0xff, 0xff, 0xf7, 0x2, 0xdf, 0xff, 0xfd,
    0xef, 0xf4, 0x0, 0x4, 0x78, 0x51, 0xff, 0xf1,
    0x0, 0x0, 0x0, 0x8, 0xff, 0xa0, 0x0, 0x0,
    0x2, 0x9f, 0xff, 0x20, 0x0, 0x3c, 0xef, 0xff,
    0xf6, 0x0, 0x0, 0x5f, 0xff, 0xfe, 0x50, 0x0,
    0x0, 0x5f, 0xeb, 0x60, 0x0, 0x0,

    /* U+003A ":" */
    0x3d, 0xfb, 0x1c, 0xff, 0xf8, 0xdf, 0xff, 0x96,
    0xff, 0xf3, 0x2, 0x41, 0x0, 0x0, 0x0, 0x0,
    0x0, 0x0, 0x0, 0x0, 0x0, 0x0, 0x0, 0x24,
    0x10, 0x6f, 0xff, 0x3d, 0xff, 0xf9, 0xcf, 0xff,
    0x83, 0xdf, 0xb1,

    /* U+003B ";" */
    0x0, 0x43, 0x0, 0x1d, 0xff, 0x90, 0x6f, 0xff,
    0xf0, 0x5f, 0xff, 0xf0, 0x9, 0xfe, 0x50, 0x0,
    0x0, 0x0, 0x0, 0x0, 0x0, 0x0, 0x0, 0x0,
    0x0, 0x0, 0x0, 0x0, 0x0, 0x0, 0x0, 0x0,
    0x0, 0x6, 0x88, 0x10, 0xd, 0xff, 0x30, 0xd,
    0xff, 0x30, 0xd, 0xff, 0x30, 0xe, 0xff, 0x0,
    0x2f, 0xfb, 0x0, 0x8f, 0xf3, 0x0, 0x6e, 0x70,
    0x0, 0x0, 0x0, 0x0,

    /* U+003C "<" */
    0x0, 0x0, 0x0, 0x0, 0x4, 0xb3, 0x0, 0x0,
    0x0, 0x17, 0xdf, 0xf3, 0x0, 0x0, 0x39, 0xff,
    0xff, 0xf3, 0x0, 0x5c, 0xff, 0xff, 0xfc, 0x60,
    0x1e, 0xff, 0xff, 0xc7, 0x10, 0x0, 0x2f, 0xff,
    0xa2, 0x0, 0x0, 0x0, 0x2f, 0xff, 0xfc, 0x72,
    0x0, 0x0, 0x4, 0xaf, 0xff, 0xff, 0xc7, 0x20,
    0x0, 0x1, 0x8e, 0xff, 0xff, 0xf3, 0x0, 0x0,
    0x0, 0x5c, 0xff, 0xf3, 0x0, 0x0, 0x0, 0x0,
    0x29, 0xf3, 0x0, 0x0, 0x0, 0x0, 0x0, 0x0,

    /* U+003D "=" */
    0x1b, 0xbb, 0xbb, 0xbb, 0xbb, 0xba, 0x2f, 0xff,
    0xff, 0xff, 0xff, 0xff, 0x2f, 0xff, 0xff, 0xff,
    0xff, 0xff, 0x0, 0x0, 0x0, 0x0, 0x0, 0x0,
    0x0, 0x0, 0x0, 0x0, 0x0, 0x0, 0x1a, 0xaa,
    0xaa, 0xaa, 0xaa, 0xaa, 0x2f, 0xff, 0xff, 0xff,
    0xff, 0xff, 0x2f, 0xff, 0xff, 0xff, 0xff, 0xff,

    /* U+003E ">" */
    0x1c, 0x50, 0x0, 0x0, 0x0, 0x0, 0x1f, 0xfe,
    0x82, 0x0, 0x0, 0x0, 0x1f, 0xff, 0xff, 0xb4,
    0x0, 0x0, 0x6, 0xbf, 0xff, 0xff, 0xe7, 0x10,
    0x0, 0x0, 0x5b, 0xff, 0xff, 0xf5, 0x0, 0x0,
    0x0, 0x7, 0xff, 0xf7, 0x0, 0x0, 0x16, 0xcf,
    0xff, 0xf7, 0x1, 0x6c, 0xff, 0xff, 0xfc, 0x50,
    0x1f, 0xff, 0xff, 0xf9, 0x30, 0x0, 0x1f, 0xff,
    0xd6, 0x0, 0x0, 0x0, 0x1f, 0xa3, 0x0, 0x0,
    0x0, 0x0, 0x1, 0x0, 0x0, 0x0, 0x0, 0x0,

    /* U+003F "?" */
    0x0, 0x7, 0xcf, 0xfe, 0xc6, 0x0, 0x1, 0xcf,
    0xff, 0xff, 0xff, 0xc0, 0x9, 0xff, 0xfd, 0xbd,
    0xff, 0xf8, 0xf, 0xff, 0x90, 0x0, 0xbf, 0xfd,
    0x1a, 0xaa, 0x10, 0x0, 0x6f, 0xfe, 0x0, 0x0,
    0x0, 0x0, 0x9f, 0xfc, 0x0, 0x0, 0x0, 0x3,
    0xff, 0xf5, 0x0, 0x0, 0x0, 0x4f, 0xff, 0x90,
    0x0, 0x0, 0x5, 0xff, 0xf9, 0x0, 0x0, 0x0,
    0xe, 0xff, 0x80, 0x0, 0x0, 0x0, 0x1f, 0xfe,
    0x0, 0x0, 0x0, 0x0, 0x1b, 0xb9, 0x0, 0x0,
    0x0, 0x0, 0x0, 0x0, 0x0, 0x0, 0x0, 0x0,
    0x7, 0x93, 0x0, 0x0, 0x0, 0x0, 0x7f, 0xff,
    0x0, 0x0, 0x0, 0x0, 0x9f, 0xff, 0x10, 0x0,
    0x0, 0x0, 0x2d, 0xf8, 0x0, 0x0,

    /* U+0040 "@" */
    0x0, 0x0, 0x18, 0xdf, 0xfc, 0x60, 0x0, 0x0,
    0x5, 0xff, 0xfd, 0xdf, 0xfb, 0x0, 0x0, 0x4f,
    0xf6, 0x0, 0x1, 0xaf, 0x90, 0x0, 0xef, 0x30,
    0x0, 0x0, 0xc, 0xf2, 0x8, 0xf8, 0x1, 0xaf,
    0xfb, 0x25, 0xf7, 0xe, 0xf1, 0x1d, 0xfe, 0xef,
    0x62, 0xfa, 0x2f, 0xc0, 0x8f, 0xb0, 0x8f, 0x51,
    0xfb, 0x5f, 0x90, 0xef, 0x20, 0x9f, 0x31, 0xfa,
    0x7f, 0x71, 0xff, 0x0, 0xbf, 0x22, 0xf9, 0x8f,
    0x72, 0xfe, 0x0, 0xcf, 0x4, 0xf6, 0x7f, 0x71,
    0xff, 0x10, 0xef, 0xa, 0xf1, 0x5f, 0xa0, 0xdf,
    0xed, 0xff, 0xcf, 0x90, 0x2f, 0xe0, 0x2d, 0xfa,
    0x3d, 0xfa, 0x0, 0xc, 0xf7, 0x0, 0x0, 0x0,
    0x0, 0x0, 0x3, 0xff, 0x81, 0x0, 0x15, 0x0,
    0x0, 0x0, 0x6f, 0xff, 0xdd, 0xff, 0x10, 0x0,
    0x0, 0x2, 0x9d, 0xff, 0xd7, 0x0, 0x0,

    /* U+0041 "A" */
    0x0, 0x0, 0x3, 0xff, 0xf1, 0x0, 0x0, 0x0,
    0x0, 0x0, 0x9f, 0xff, 0x60, 0x0, 0x0, 0x0,
    0x0, 0xe, 0xff, 0xfb, 0x0, 0x0, 0x0, 0x0,
    0x3, 0xff, 0xff, 0xf0, 0x0, 0x0, 0x0, 0x0,
    0x8f, 0xff, 0xff, 0x50, 0x0, 0x0, 0x0, 0xe,
    0xff, 0x7f, 0xfa, 0x0, 0x0, 0x0, 0x3, 0xff,
    0xd1, 0xff, 0xf0, 0x0, 0x0, 0x0, 0x8f, 0xf9,
    0xc, 0xff, 0x50, 0x0, 0x0, 0xd, 0xff, 0x40,
    0x8f, 0xfa, 0x0, 0x0, 0x3, 0xff, 0xf0, 0x4,
    0xff, 0xf0, 0x0, 0x0, 0x8f, 0xfc, 0x0, 0xf,
    0xff, 0x40, 0x0, 0xd, 0xff, 0xff, 0xff, 0xff,
    0xf9, 0x0, 0x3, 0xff, 0xff, 0xff, 0xff, 0xff,
    0xe0, 0x0, 0x8f, 0xff, 0xdd, 0xdd, 0xdf, 0xff,
    0x40, 0xd, 0xff, 0x90, 0x0, 0x0, 0xdf, 0xf9,
    0x2, 0xff, 0xf4, 0x0, 0x0, 0x8, 0xff, 0xe0,
    0x8f, 0xff, 0x0, 0x0, 0x0, 0x3f, 0xff, 0x30,

    /* U+0042 "B" */
    0x7f, 0xff, 0xff, 0xfe, 0xc7, 0x10, 0x7, 0xff,
    0xff, 0xff, 0xff, 0xfe, 0x30, 0x7f, 0xff, 0xbb,
    0xbd, 0xff, 0xfe, 0x7, 0xff, 0xd0, 0x0, 0x5,
    0xff, 0xf4, 0x7f, 0xfd, 0x0, 0x0, 0xe, 0xff,
    0x67, 0xff, 0xd0, 0x0, 0x0, 0xff, 0xf4, 0x7f,
    0xfd, 0x0, 0x2, 0xaf, 0xfd, 0x7, 0xff, 0xff,
    0xff, 0xff, 0xfc, 0x20, 0x7f, 0xff, 0xff, 0xff,
    0xff, 0xb2, 0x7, 0xff, 0xe6, 0x66, 0x7c, 0xff,
    0xf1, 0x7f, 0xfd, 0x0, 0x0, 0xd, 0xff, 0x97,
    0xff, 0xd0, 0x0, 0x0, 0x8f, 0xfc, 0x7f, 0xfd,
    0x0, 0x0, 0x9, 0xff, 0xc7, 0xff, 0xd0, 0x0,
    0x2, 0xef, 0xf9, 0x7f, 0xff, 0xaa, 0xac, 0xff,
    0xff, 0x37, 0xff, 0xff, 0xff, 0xff, 0xff, 0x60,
    0x7f, 0xff, 0xff, 0xff, 0xd9, 0x20, 0x0,

    /* U+0043 "C" */
    0x0, 0x0, 0x6c, 0xff, 0xea, 0x40, 0x0, 0x0,
    0xb, 0xff, 0xff, 0xff, 0xf9, 0x0, 0x0, 0xaf,
    0xff, 0xcb, 0xef, 0xff, 0x60, 0x4, 0xff, 0xf5,
    0x0, 0x9, 0xff, 0xe0, 0xa, 0xff, 0xb0, 0x0,
    0x1, 0xff, 0xf3, 0xe, 0xff, 0x60, 0x0, 0x0,
    0x89, 0x93, 0xf, 0xff, 0x40, 0x0, 0x0, 0x0,
    0x0, 0x1f, 0xff, 0x40, 0x0, 0x0, 0x0, 0x0,
    0x1f, 0xff, 0x40, 0x0, 0x0, 0x0, 0x0, 0x1f,
    0xff, 0x40, 0x0, 0x0, 0x0, 0x0, 0xf, 0xff,
    0x40, 0x0, 0x0, 0x0, 0x0, 0xe, 0xff, 0x60,
    0x0, 0x0, 0x77, 0x72, 0xa, 0xff, 0xa0, 0x0,
    0x1, 0xff, 0xf3, 0x4, 0xff, 0xf4, 0x0, 0xa,
    0xff, 0xe0, 0x0, 0xbf, 0xff, 0xcb, 0xef, 0xff,
    0x60, 0x0, 0x1c, 0xff, 0xff, 0xff, 0xf8, 0x0,
    0x0, 0x0, 0x6c, 0xff, 0xea, 0x30, 0x0,

    /* U+0044 "D" */
    0x8f, 0xff, 0xff, 0xd9, 0x20, 0x0, 0x8, 0xff,
    0xff, 0xff, 0xff, 0x80, 0x0, 0x8f, 0xfe, 0xbc,
    0xff, 0xff, 0x90, 0x8, 0xff, 0xc0, 0x1, 0xaf,
    0xff, 0x40, 0x8f, 0xfc, 0x0, 0x0, 0xcf, 0xfb,
    0x8, 0xff, 0xc0, 0x0, 0x5, 0xff, 0xf1, 0x8f,
    0xfc, 0x0, 0x0, 0x1f, 0xff, 0x48, 0xff, 0xc0,
    0x0, 0x0, 0xff, 0xf5, 0x8f, 0xfc, 0x0, 0x0,
    0xf, 0xff, 0x58, 0xff, 0xc0, 0x0, 0x0, 0xff,
    0xf5, 0x8f, 0xfc, 0x0, 0x0, 0x1f, 0xff, 0x48,
    0xff, 0xc0, 0x0, 0x5, 0xff, 0xf1, 0x8f, 0xfc,
    0x0, 0x0, 0xcf, 0xfc, 0x8, 0xff, 0xc0, 0x0,
    0x9f, 0xff, 0x40, 0x8f, 0xfe, 0xab, 0xef, 0xff,
    0x90, 0x8, 0xff, 0xff, 0xff, 0xff, 0x80, 0x0,
    0x8f, 0xff, 0xff, 0xd9, 0x30, 0x0, 0x0,

    /* U+0045 "E" */
    0x4f, 0xff, 0xff, 0xff, 0xff, 0xff, 0x34, 0xff,
    0xff, 0xff, 0xff, 0xff, 0xf3, 0x4f, 0xff, 0xbb,
    0xbb, 0xbb, 0xbb, 0x24, 0xff, 0xf0, 0x0, 0x0,
    0x0, 0x0, 0x4f, 0xff, 0x0, 0x0, 0x0, 0x0,
    0x4, 0xff, 0xf0, 0x0, 0x0, 0x0, 0x0, 0x4f,
    0xff, 0x0, 0x0, 0x0, 0x0, 0x4, 0xff, 0xff,
    0xff, 0xff, 0xff, 0x0, 0x4f, 0xff, 0xff, 0xff,
    0xff, 0xf0, 0x4, 0xff, 0xfa, 0xaa, 0xaa, 0xaa,
    0x0, 0x4f, 0xff, 0x0, 0x0, 0x0, 0x0, 0x4,
    0xff, 0xf0, 0x0, 0x0, 0x0, 0x0, 0x4f, 0xff,
    0x0, 0x0, 0x0, 0x0, 0x4, 0xff, 0xf0, 0x0,
    0x0, 0x0, 0x0, 0x4f, 0xff, 0xaa, 0xaa, 0xaa,
    0xaa, 0x24, 0xff, 0xff, 0xff, 0xff, 0xff, 0xf3,
    0x4f, 0xff, 0xff, 0xff, 0xff, 0xff, 0x30,

    /* U+0046 "F" */
    0x4f, 0xff, 0xff, 0xff, 0xff, 0xff, 0x44, 0xff,
    0xff, 0xff, 0xff, 0xff, 0xf4, 0x4f, 0xff, 0xbb,
    0xbb, 0xbb, 0xbb, 0x34, 0xff, 0xf0, 0x0, 0x0,
    0x0, 0x0, 0x4f, 0xff, 0x0, 0x0, 0x0, 0x0,
    0x4, 0xff, 0xf0, 0x0, 0x0, 0x0, 0x0, 0x4f,
    0xff, 0x0, 0x0, 0x0, 0x0, 0x4, 0xff, 0xfb,
    0xbb, 0xbb, 0xbb, 0x30, 0x4f, 0xff, 0xff, 0xff,
    0xff, 0xf5, 0x4, 0xff, 0xff, 0xff, 0xff, 0xff,
    0x50, 0x4f, 0xff, 0x0, 0x0, 0x0, 0x0, 0x4,
    0xff, 0xf0, 0x0, 0x0, 0x0, 0x0, 0x4f, 0xff,
    0x0, 0x0, 0x0, 0x0, 0x4, 0xff, 0xf0, 0x0,
    0x0, 0x0, 0x0, 0x4f, 0xff, 0x0, 0x0, 0x0,
    0x0, 0x4, 0xff, 0xf0, 0x0, 0x0, 0x0, 0x0,
    0x4f, 0xff, 0x0, 0x0, 0x0, 0x0, 0x0,

    /* U+0047 "G" */
    0x0, 0x5, 0xbf, 0xfe, 0xb5, 0x0, 0x0, 0xa,
    0xff, 0xff, 0xff, 0xfa, 0x0, 0x9, 0xff, 0xfd,
    0xbe, 0xff, 0xf7, 0x3, 0xff, 0xf8, 0x0, 0x9,
    0xff, 0xe0, 0x9f, 0xfd, 0x0, 0x0, 0x1f, 0xff,
    0x2c, 0xff, 0x80, 0x0, 0x0, 0x0, 0x0, 0xff,
    0xf6, 0x0, 0x0, 0x0, 0x0, 0xf, 0xff, 0x50,
    0x0, 0x0, 0x0, 0x0, 0xff, 0xf5, 0x0, 0xdf,
    0xff, 0xff, 0x4f, 0xff, 0x50, 0xd, 0xff, 0xff,
    0xf4, 0xff, 0xf6, 0x0, 0x67, 0x7f, 0xff, 0x4d,
    0xff, 0x80, 0x0, 0x0, 0xff, 0xf4, 0x9f, 0xfd,
    0x0, 0x0, 0xf, 0xff, 0x43, 0xff, 0xf7, 0x0,
    0x2, 0xff, 0xf4, 0xa, 0xff, 0xfd, 0xac, 0xff,
    0xff, 0x30, 0xb, 0xff, 0xff, 0xff, 0xff, 0x70,
    0x0, 0x5, 0xbe, 0xfe, 0xc7, 0x10, 0x0,

    /* U+0048 "H" */
    0x9f, 0xfb, 0x0, 0x0, 0x7f, 0xfc, 0x9f, 0xfb,
    0x0, 0x0, 0x7f, 0xfc, 0x9f, 0xfb, 0x0, 0x0,
    0x7f, 0xfc, 0x9f, 0xfb, 0x0, 0x0, 0x7f, 0xfc,
    0x9f, 0xfb, 0x0, 0x0, 0x7f, 0xfc, 0x9f, 0xfb,
    0x0, 0x0, 0x7f, 0xfc, 0x9f, 0xfb, 0x0, 0x0,
    0x7f, 0xfc, 0x9f, 0xff, 0xff, 0xff, 0xff, 0xfc,
    0x9f, 0xff, 0xff, 0xff, 0xff, 0xfc, 0x9f, 0xfe,
    0xbb, 0xbb, 0xdf, 0xfc, 0x9f, 0xfb, 0x0, 0x0,
    0x7f, 0xfc, 0x9f, 0xfb, 0x0, 0x0, 0x7f, 0xfc,
    0x9f, 0xfb, 0x0, 0x0, 0x7f, 0xfc, 0x9f, 0xfb,
    0x0, 0x0, 0x7f, 0xfc, 0x9f, 0xfb, 0x0, 0x0,
    0x7f, 0xfc, 0x9f, 0xfb, 0x0, 0x0, 0x7f, 0xfc,
    0x9f, 0xfb, 0x0, 0x0, 0x7f, 0xfc,

    /* U+0049 "I" */
    0xbf, 0xff, 0xff, 0xff, 0xff, 0x2b, 0xff, 0xff,
    0xff, 0xff, 0xf2, 0x8b, 0xbd, 0xff, 0xfb, 0xbb,
    0x10, 0x0, 0x7f, 0xfc, 0x0, 0x0, 0x0, 0x7,
    0xff, 0xc0, 0x0, 0x0, 0x0, 0x7f, 0xfc, 0x0,
    0x0, 0x0, 0x7, 0xff, 0xc0, 0x0, 0x0, 0x0,
    0x7f, 0xfc, 0x0, 0x0, 0x0, 0x7, 0xff, 0xc0,
    0x0, 0x0, 0x0, 0x7f, 0xfc, 0x0, 0x0, 0x0,
    0x7, 0xff, 0xc0, 0x0, 0x0, 0x0, 0x7f, 0xfc,
    0x0, 0x0, 0x0, 0x7, 0xff, 0xc0, 0x0, 0x0,
    0x0, 0x7f, 0xfc, 0x0, 0x0, 0x7a, 0xad, 0xff,
    0xea, 0xaa, 0x1b, 0xff, 0xff, 0xff, 0xff, 0xf2,
    0xbf, 0xff, 0xff, 0xff, 0xff, 0x20,

    /* U+004A "J" */
    0x0, 0x0, 0x0, 0x0, 0x6f, 0xfe, 0x0, 0x0,
    0x0, 0x0, 0x6f, 0xfe, 0x0, 0x0, 0x0, 0x0,
    0x6f, 0xfe, 0x0, 0x0, 0x0, 0x0, 0x6f, 0xfe,
    0x0, 0x0, 0x0, 0x0, 0x6f, 0xfe, 0x0, 0x0,
    0x0, 0x0, 0x6f, 0xfe, 0x0, 0x0, 0x0, 0x0,
    0x6f, 0xfe, 0x0, 0x0, 0x0, 0x0, 0x6f, 0xfe,
    0x0, 0x0, 0x0, 0x0, 0x6f, 0xfe, 0x0, 0x0,
    0x0, 0x0, 0x6f, 0xfe, 0x0, 0x0, 0x0, 0x0,
    0x6f, 0xfe, 0x23, 0x32, 0x0, 0x0, 0x6f, 0xfe,
    0xaf, 0xfa, 0x0, 0x0, 0x9f, 0xfc, 0x7f, 0xff,
    0x20, 0x2, 0xff, 0xf8, 0x1f, 0xff, 0xfb, 0xbf,
    0xff, 0xe1, 0x4, 0xff, 0xff, 0xff, 0xfe, 0x30,
    0x0, 0x29, 0xdf, 0xfd, 0x81, 0x0,

    /* U+004B "K" */
    0x7f, 0xfd, 0x0, 0x0, 0xd, 0xff, 0xf3, 0x7f,
    0xfd, 0x0, 0x0, 0x9f, 0xff, 0x60, 0x7f, 0xfd,
    0x0, 0x4, 0xff, 0xfa, 0x0, 0x7f, 0xfd, 0x0,
    0x1e, 0xff, 0xd0, 0x0, 0x7f, 0xfd, 0x0, 0xcf,
    0xff, 0x20, 0x0, 0x7f, 0xfd, 0x7, 0xff, 0xf5,
    0x0, 0x0, 0x7f, 0xfd, 0x3f, 0xff, 0x90, 0x0,
    0x0, 0x7f, 0xfe, 0xef, 0xff, 0x0, 0x0, 0x0,
    0x7f, 0xff, 0xff, 0xff, 0x60, 0x0, 0x0, 0x7f,
    0xff, 0xff, 0xff, 0xf1, 0x0, 0x0, 0x7f, 0xff,
    0xf5, 0xff, 0xfa, 0x0, 0x0, 0x7f, 0xff, 0x40,
    0x7f, 0xff, 0x40, 0x0, 0x7f, 0xfd, 0x0, 0xd,
    0xff, 0xe0, 0x0, 0x7f, 0xfd, 0x0, 0x4, 0xff,
    0xf8, 0x0, 0x7f, 0xfd, 0x0, 0x0, 0xaf, 0xff,
    0x30, 0x7f, 0xfd, 0x0, 0x0, 0x1f, 0xff, 0xc0,
    0x7f, 0xfd, 0x0, 0x0, 0x7, 0xff, 0xf7,

    /* U+004C "L" */
    0x3f, 0xff, 0x10, 0x0, 0x0, 0x0, 0x3, 0xff,
    0xf1, 0x0, 0x0, 0x0, 0x0, 0x3f, 0xff, 0x10,
    0x0, 0x0, 0x0, 0x3, 0xff, 0xf1, 0x0, 0x0,
    0x0, 0x0, 0x3f, 0xff, 0x10, 0x0, 0x0, 0x0,
    0x3, 0xff, 0xf1, 0x0, 0x0, 0x0, 0x0, 0x3f,
    0xff, 0x10, 0x0, 0x0, 0x0, 0x3, 0xff, 0xf1,
    0x0, 0x0, 0x0, 0x0, 0x3f, 0xff, 0x10, 0x0,
    0x0, 0x0, 0x3, 0xff, 0xf1, 0x0, 0x0, 0x0,
    0x0, 0x3f, 0xff, 0x10, 0x0, 0x0, 0x0, 0x3,
    0xff, 0xf1, 0x0, 0x0, 0x0, 0x0, 0x3f, 0xff,
    0x10, 0x0, 0x0, 0x0, 0x3, 0xff, 0xf1, 0x0,
    0x0, 0x0, 0x0, 0x3f, 0xff, 0xba, 0xaa, 0xaa,
    0xaa, 0x3, 0xff, 0xff, 0xff, 0xff, 0xff, 0xf1,
    0x3f, 0xff, 0xff, 0xff, 0xff, 0xff, 0x10,

    /* U+004D "M" */
    0x8f, 0xff, 0xb0, 0x1, 0xff, 0xff, 0x28, 0xff,
    0xff, 0x0, 0x6f, 0xff, 0xf2, 0x8f, 0xff, 0xf3,
    0xb, 0xff, 0xff, 0x28, 0xff, 0xff, 0x70, 0xff,
    0xff, 0xf2, 0x8f, 0xff, 0xfb, 0x4f, 0xfd, 0xff,
    0x28, 0xff, 0xbf, 0xf9, 0xfc, 0xcf, 0xf2, 0x8f,
    0xf7, 0xff, 0xff, 0x7c, 0xff, 0x28, 0xff, 0x6b,
    0xff, 0xf3, 0xdf, 0xf2, 0x8f, 0xf7, 0x7f, 0xfe,
    0xd, 0xff, 0x28, 0xff, 0x72, 0xff, 0x90, 0xdf,
    0xf2, 0x8f, 0xf7, 0xe, 0xf4, 0xd, 0xff, 0x28,
    0xff, 0x80, 0x46, 0x0, 0xef, 0xf2, 0x8f, 0xf8,
    0x0, 0x0, 0xe, 0xff, 0x28, 0xff, 0x80, 0x0,
    0x0, 0xef, 0xf2, 0x8f, 0xf8, 0x0, 0x0, 0xe,
    0xff, 0x28, 0xff, 0x80, 0x0, 0x0, 0xef, 0xf2,
    0x8f, 0xf8, 0x0, 0x0, 0xe, 0xff, 0x20,

    /* U+004E "N" */
    0x9f, 0xfe, 0x0, 0x0, 0x8f, 0xfc, 0x9f, 0xff,
    0x60, 0x0, 0x8f, 0xfc, 0x9f, 0xff, 0xd0, 0x0,
    0x8f, 0xfc, 0x9f, 0xff, 0xf4, 0x0, 0x8f, 0xfc,
    0x9f, 0xff, 0xfb, 0x0, 0x8f, 0xfc, 0x9f, 0xff,
    0xff, 0x20, 0x8f, 0xfc, 0x9f, 0xfd, 0xff, 0x90,
    0x8f, 0xfc, 0x9f, 0xfc, 0x9f, 0xf0, 0x8f, 0xfc,
    0x9f, 0xfc, 0x2f, 0xf6, 0x8f, 0xfc, 0x9f, 0xfc,
    0xb, 0xfd, 0x8f, 0xfc, 0x9f, 0xfc, 0x4, 0xff,
    0xdf, 0xfc, 0x9f, 0xfc, 0x0, 0xdf, 0xff, 0xfc,
    0x9f, 0xfc, 0x0, 0x7f, 0xff, 0xfc, 0x9f, 0xfc,
    0x0, 0xf, 0xff, 0xfc, 0x9f, 0xfc, 0x0, 0x9,
    0xff, 0xfc, 0x9f, 0xfc, 0x0, 0x2, 0xff, 0xfc,
    0x9f, 0xfc, 0x0, 0x0, 0xbf, 0xfc,

    /* U+004F "O" */
    0x0, 0x0, 0x7c, 0xff, 0xd8, 0x10, 0x0, 0x0,
    0x1c, 0xff, 0xff, 0xff, 0xe3, 0x0, 0x0, 0xbf,
    0xff, 0xdc, 0xff, 0xff, 0x20, 0x4, 0xff, 0xf5,
    0x0, 0x2e, 0xff, 0xa0, 0xa, 0xff, 0xb0, 0x0,
    0x6, 0xff, 0xf0, 0xe, 0xff, 0x60, 0x0, 0x1,
    0xff, 0xf4, 0xf, 0xff, 0x50, 0x0, 0x0, 0xef,
    0xf6, 0xf, 0xff, 0x40, 0x0, 0x0, 0xef, 0xf6,
    0x1f, 0xff, 0x40, 0x0, 0x0, 0xef, 0xf7, 0x1f,
    0xff, 0x40, 0x0, 0x0, 0xef, 0xf6, 0xf, 0xff,
    0x50, 0x0, 0x0, 0xef, 0xf6, 0xe, 0xff, 0x60,
    0x0, 0x1, 0xff, 0xf4, 0xa, 0xff, 0xb0, 0x0,
    0x6, 0xff, 0xf0, 0x5, 0xff, 0xf4, 0x0, 0x2e,
    0xff, 0xa0, 0x0, 0xbf, 0xff, 0xcc, 0xff, 0xff,
    0x20, 0x0, 0x1d, 0xff, 0xff, 0xff, 0xe3, 0x0,
    0x0, 0x0, 0x7c, 0xff, 0xd8, 0x10, 0x0,

    /* U+0050 "P" */
    0x4f, 0xff, 0xff, 0xff, 0xc7, 0x0, 0x4, 0xff,
    0xff, 0xff, 0xff, 0xfd, 0x20, 0x4f, 0xff, 0xbb,
    0xbd, 0xff, 0xfd, 0x4, 0xff, 0xf0, 0x0, 0x6,
    0xff, 0xf5, 0x4f, 0xff, 0x0, 0x0, 0xc, 0xff,
    0x94, 0xff, 0xf0, 0x0, 0x0, 0xaf, 0xfa, 0x4f,
    0xff, 0x0, 0x0, 0xd, 0xff, 0x84, 0xff, 0xf0,
    0x0, 0x2a, 0xff, 0xf3, 0x4f, 0xff, 0xff, 0xff,
    0xff, 0xfa, 0x4, 0xff, 0xff, 0xff, 0xff, 0xf9,
    0x0, 0x4f, 0xff, 0xbb, 0xaa, 0x72, 0x0, 0x4,
    0xff, 0xf0, 0x0, 0x0, 0x0, 0x0, 0x4f, 0xff,
    0x0, 0x0, 0x0, 0x0, 0x4, 0xff, 0xf0, 0x0,
    0x0, 0x0, 0x0, 0x4f, 0xff, 0x0, 0x0, 0x0,
    0x0, 0x4, 0xff, 0xf0, 0x0, 0x0, 0x0, 0x0,
    0x4f, 0xff, 0x0, 0x0, 0x0, 0x0, 0x0,

    /* U+0051 "Q" */
    0x0, 0x6, 0xcf, 0xfd, 0x91, 0x0, 0x0, 0x0,
    0xcf, 0xff, 0xff, 0xff, 0x40, 0x0, 0xa, 0xff,
    0xfd, 0xcf, 0xff, 0xf3, 0x0, 0x3f, 0xff, 0x60,
    0x1, 0xdf, 0xfc, 0x0, 0x9f, 0xfc, 0x0, 0x0,
    0x4f, 0xff, 0x20, 0xdf, 0xf7, 0x0, 0x0, 0xf,
    0xff, 0x60, 0xff, 0xf6, 0x0, 0x0, 0xd, 0xff,
    0x80, 0xff, 0xf5, 0x0, 0x0, 0xc, 0xff, 0x80,
    0xff, 0xf5, 0x0, 0x0, 0xc, 0xff, 0x80, 0xff,
    0xf5, 0x0, 0x0, 0xc, 0xff, 0x80, 0xff, 0xf5,
    0x0, 0x0, 0xd, 0xff, 0x80, 0xef, 0xf7, 0x0,
    0x0, 0xe, 0xff, 0x60, 0xaf, 0xfb, 0x0, 0x0,
    0x4f, 0xff, 0x20, 0x4f, 0xff, 0x60, 0x1, 0xdf,
    0xfc, 0x0, 0xb, 0xff, 0xfd, 0xcf, 0xff, 0xf3,
    0x0, 0x1, 0xcf, 0xff, 0xff, 0xff, 0xb0, 0x0,
    0x0, 0x6, 0xcf, 0xfd, 0xff, 0xfb, 0x0, 0x0,
    0x0, 0x0, 0x0, 0x5f, 0xff, 0xc0, 0x0, 0x0,
    0x0, 0x0, 0x4, 0xff, 0x90, 0x0, 0x0, 0x0,
    0x0, 0x0, 0x37, 0x0,

    /* U+0052 "R" */
    0x7f, 0xff, 0xff, 0xfe, 0xb6, 0x0, 0x0, 0x7f,
    0xff, 0xff, 0xff, 0xff, 0xd2, 0x0, 0x7f, 0xff,
    0xbb, 0xbe, 0xff, 0xfc, 0x0, 0x7f, 0xfd, 0x0,
    0x0, 0x8f, 0xff, 0x30, 0x7f, 0xfd, 0x0, 0x0,
    0xf, 0xff, 0x70, 0x7f, 0xfd, 0x0, 0x0, 0xd,
    0xff, 0x70, 0x7f, 0xfd, 0x0, 0x0, 0x1f, 0xff,
    0x50, 0x7f, 0xfd, 0x0, 0x3, 0xcf, 0xfe, 0x0,
    0x7f, 0xff, 0xff, 0xff, 0xff, 0xf4, 0x0, 0x7f,
    0xff, 0xff, 0xff, 0xfd, 0x30, 0x0, 0x7f, 0xff,
    0xbb, 0xdf, 0xfb, 0x0, 0x0, 0x7f, 0xfd, 0x0,
    0x4f, 0xff, 0x40, 0x0, 0x7f, 0xfd, 0x0, 0xc,
    0xff, 0xc0, 0x0, 0x7f, 0xfd, 0x0, 0x4, 0xff,
    0xf4, 0x0, 0x7f, 0xfd, 0x0, 0x0, 0xbf, 0xfd,
    0x0, 0x7f, 0xfd, 0x0, 0x0, 0x3f, 0xff, 0x50,
    0x7f, 0xfd, 0x0, 0x0, 0xb, 0xff, 0xd0,

    /* U+0053 "S" */
    0x0, 0x6, 0xce, 0xff, 0xc6, 0x0, 0x0, 0x2d,
    0xff, 0xff, 0xff, 0xfd, 0x20, 0xd, 0xff, 0xfc,
    0xac, 0xff, 0xfd, 0x4, 0xff, 0xf4, 0x0, 0x4,
    0xff, 0xf5, 0x6f, 0xfd, 0x0, 0x0, 0xb, 0xff,
    0x95, 0xff, 0xf1, 0x0, 0x0, 0x12, 0x21, 0xe,
    0xff, 0xe6, 0x0, 0x0, 0x0, 0x0, 0x4f, 0xff,
    0xff, 0xb6, 0x0, 0x0, 0x0, 0x2b, 0xff, 0xff,
    0xfe, 0x50, 0x0, 0x0, 0x2, 0x8d, 0xff, 0xff,
    0x70, 0x0, 0x0, 0x0, 0x2, 0xbf, 0xff, 0x26,
    0x66, 0x20, 0x0, 0x0, 0xdf, 0xf8, 0xdf, 0xf7,
    0x0, 0x0, 0xa, 0xff, 0xa9, 0xff, 0xe2, 0x0,
    0x2, 0xef, 0xf8, 0x1e, 0xff, 0xfc, 0xab, 0xff,
    0xff, 0x20, 0x3d, 0xff, 0xff, 0xff, 0xff, 0x50,
    0x0, 0x6, 0xbe, 0xff, 0xd8, 0x20, 0x0,

    /* U+0054 "T" */
    0xbf, 0xff, 0xff, 0xff, 0xff, 0xff, 0xff, 0x1b,
    0xff, 0xff, 0xff, 0xff, 0xff, 0xff, 0xf1, 0x7b,
    0xbb, 0xbd, 0xff, 0xfb, 0xbb, 0xbb, 0x0, 0x0,
    0x0, 0x7f, 0xfd, 0x0, 0x0, 0x0, 0x0, 0x0,
    0x7, 0xff, 0xd0, 0x0, 0x0, 0x0, 0x0, 0x0,
    0x7f, 0xfd, 0x0, 0x0, 0x0, 0x0, 0x0, 0x7,
    0xff, 0xd0, 0x0, 0x0, 0x0, 0x0, 0x0, 0x7f,
    0xfd, 0x0, 0x0, 0x0, 0x0, 0x0, 0x7, 0xff,
    0xd0, 0x0, 0x0, 0x0, 0x0, 0x0, 0x7f, 0xfd,
    0x0, 0x0, 0x0, 0x0, 0x0, 0x7, 0xff, 0xd0,
    0x0, 0x0, 0x0, 0x0, 0x0, 0x7f, 0xfd, 0x0,
    0x0, 0x0, 0x0, 0x0, 0x7, 0xff, 0xd0, 0x0,
    0x0, 0x0, 0x0, 0x0, 0x7f, 0xfd, 0x0, 0x0,
    0x0, 0x0, 0x0, 0x7, 0xff, 0xd0, 0x0, 0x0,
    0x0, 0x0, 0x0, 0x7f, 0xfd, 0x0, 0x0, 0x0,
    0x0, 0x0, 0x7, 0xff, 0xd0, 0x0, 0x0, 0x0,

    /* U+0055 "U" */
    0x8f, 0xfc, 0x0, 0x0, 0x5f, 0xfe, 0x8f, 0xfc,
    0x0, 0x0, 0x5f, 0xfe, 0x8f, 0xfc, 0x0, 0x0,
    0x5f, 0xfe, 0x8f, 0xfc, 0x0, 0x0, 0x5f, 0xfe,
    0x8f, 0xfc, 0x0, 0x0, 0x5f, 0xfe, 0x8f, 0xfc,
    0x0, 0x0, 0x5f, 0xfe, 0x8f, 0xfc, 0x0, 0x0,
    0x6f, 0xfe, 0x8f, 0xfc, 0x0, 0x0, 0x6f, 0xfe,
    0x8f, 0xfc, 0x0, 0x0, 0x6f, 0xfe, 0x8f, 0xfc,
    0x0, 0x0, 0x6f, 0xfe, 0x8f, 0xfc, 0x0, 0x0,
    0x6f, 0xfe, 0x8f, 0xfd, 0x0, 0x0, 0x6f, 0xfe,
    0x6f, 0xff, 0x0, 0x0, 0x9f, 0xfc, 0x2f, 0xff,
    0x60, 0x2, 0xff, 0xf8, 0xb, 0xff, 0xfc, 0xbf,
    0xff, 0xf2, 0x1, 0xdf, 0xff, 0xff, 0xff, 0x50,
    0x0, 0x7, 0xcf, 0xfe, 0x92, 0x0,

    /* U+0056 "V" */
    0x7f, 0xff, 0x20, 0x0, 0x0, 0xbf, 0xfe, 0x2,
    0xff, 0xf6, 0x0, 0x0, 0xf, 0xff, 0x90, 0xe,
    0xff, 0xa0, 0x0, 0x4, 0xff, 0xf4, 0x0, 0x9f,
    0xfe, 0x0, 0x0, 0x8f, 0xff, 0x0, 0x4, 0xff,
    0xf2, 0x0, 0xc, 0xff, 0xa0, 0x0, 0xf, 0xff,
    0x60, 0x0, 0xff, 0xf5, 0x0, 0x0, 0xaf, 0xfb,
    0x0, 0x4f, 0xff, 0x10, 0x0, 0x5, 0xff, 0xf0,
    0x8, 0xff, 0xc0, 0x0, 0x0, 0x1f, 0xff, 0x30,
    0xdf, 0xf7, 0x0, 0x0, 0x0, 0xcf, 0xf7, 0x1f,
    0xff, 0x20, 0x0, 0x0, 0x7, 0xff, 0xb5, 0xff,
    0xd0, 0x0, 0x0, 0x0, 0x2f, 0xff, 0xaf, 0xf8,
    0x0, 0x0, 0x0, 0x0, 0xdf, 0xff, 0xff, 0x30,
    0x0, 0x0, 0x0, 0x8, 0xff, 0xff, 0xe0, 0x0,
    0x0, 0x0, 0x0, 0x3f, 0xff, 0xfa, 0x0, 0x0,
    0x0, 0x0, 0x0, 0xef, 0xff, 0x50, 0x0, 0x0,
    0x0, 0x0, 0xa, 0xff, 0xf0, 0x0, 0x0, 0x0,

    /* U+0057 "W" */
    0x9f, 0xf6, 0x1, 0xff, 0x60, 0xf, 0xff, 0x17,
    0xff, 0x70, 0x3f, 0xf9, 0x1, 0xff, 0xe0, 0x5f,
    0xf9, 0x5, 0xff, 0xb0, 0x2f, 0xfc, 0x3, 0xff,
    0xb0, 0x8f, 0xfd, 0x4, 0xff, 0xa0, 0x1f, 0xfd,
    0xa, 0xff, 0xf0, 0x6f, 0xf8, 0x0, 0xef, 0xf0,
    0xcf, 0xff, 0x28, 0xff, 0x60, 0xc, 0xff, 0x1f,
    0xff, 0xf5, 0xaf, 0xf3, 0x0, 0xaf, 0xf4, 0xff,
    0xdf, 0x7c, 0xff, 0x10, 0x8, 0xff, 0x8f, 0xf9,
    0xfa, 0xef, 0xf0, 0x0, 0x6f, 0xfd, 0xfc, 0x6f,
    0xdf, 0xfd, 0x0, 0x3, 0xff, 0xff, 0xa4, 0xff,
    0xff, 0xa0, 0x0, 0x1f, 0xff, 0xf7, 0x1f, 0xff,
    0xf8, 0x0, 0x0, 0xff, 0xff, 0x50, 0xef, 0xff,
    0x60, 0x0, 0xd, 0xff, 0xf2, 0xc, 0xff, 0xf4,
    0x0, 0x0, 0xbf, 0xff, 0x0, 0x9f, 0xff, 0x20,
    0x0, 0x8, 0xff, 0xd0, 0x7, 0xff, 0xf0, 0x0,
    0x0, 0x6f, 0xfb, 0x0, 0x4f, 0xfd, 0x0, 0x0,

    /* U+0058 "X" */
    0x3f, 0xff, 0x90, 0x0, 0x0, 0xef, 0xfe, 0x0,
    0xaf, 0xff, 0x10, 0x0, 0x6f, 0xff, 0x50, 0x2,
    0xff, 0xf8, 0x0, 0xd, 0xff, 0xc0, 0x0, 0x8,
    0xff, 0xf1, 0x6, 0xff, 0xf3, 0x0, 0x0, 0xe,
    0xff, 0x80, 0xdf, 0xfa, 0x0, 0x0, 0x0, 0x6f,
    0xff, 0x6f, 0xff, 0x10, 0x0, 0x0, 0x0, 0xdf,
    0xff, 0xff, 0x80, 0x0, 0x0, 0x0, 0x4, 0xff,
    0xff, 0xe0, 0x0, 0x0, 0x0, 0x0, 0xd, 0xff,
    0xf8, 0x0, 0x0, 0x0, 0x0, 0x5, 0xff, 0xff,
    0xe1, 0x0, 0x0, 0x0, 0x0, 0xdf, 0xff, 0xff,
    0x90, 0x0, 0x0, 0x0, 0x7f, 0xff, 0x5f, 0xff,
    0x20, 0x0, 0x0, 0x1f, 0xff, 0x80, 0xcf, 0xfb,
    0x0, 0x0, 0xa, 0xff, 0xf1, 0x4, 0xff, 0xf5,
    0x0, 0x3, 0xff, 0xf8, 0x0, 0xc, 0xff, 0xd0,
    0x0, 0xcf, 0xff, 0x10, 0x0, 0x4f, 0xff, 0x70,
    0x5f, 0xff, 0x80, 0x0, 0x0, 0xcf, 0xff, 0x10,

    /* U+0059 "Y" */
    0x5f, 0xff, 0x30, 0x0, 0x0, 0x7f, 0xff, 0x10,
    0xdf, 0xfa, 0x0, 0x0, 0xe, 0xff, 0x90, 0x6,
    0xff, 0xf1, 0x0, 0x5, 0xff, 0xf2, 0x0, 0xe,
    0xff, 0x70, 0x0, 0xcf, 0xfa, 0x0, 0x0, 0x7f,
    0xfe, 0x0, 0x3f, 0xff, 0x20, 0x0, 0x0, 0xef,
    0xf5, 0x9, 0xff, 0xb0, 0x0, 0x0, 0x7, 0xff,
    0xc1, 0xff, 0xf3, 0x0, 0x0, 0x0, 0xf, 0xff,
    0xaf, 0xfb, 0x0, 0x0, 0x0, 0x0, 0x8f, 0xff,
    0xff, 0x30, 0x0, 0x0, 0x0, 0x1, 0xff, 0xff,
    0xc0, 0x0, 0x0, 0x0, 0x0, 0x8, 0xff, 0xf4,
    0x0, 0x0, 0x0, 0x0, 0x0, 0x5f, 0xff, 0x0,
    0x0, 0x0, 0x0, 0x0, 0x5, 0xff, 0xf0, 0x0,
    0x0, 0x0, 0x0, 0x0, 0x5f, 0xff, 0x0, 0x0,
    0x0, 0x0, 0x0, 0x5, 0xff, 0xf0, 0x0, 0x0,
    0x0, 0x0, 0x0, 0x5f, 0xff, 0x0, 0x0, 0x0,
    0x0, 0x0, 0x5, 0xff, 0xf0, 0x0, 0x0, 0x0,

    /* U+005A "Z" */
    0xff, 0xff, 0xff, 0xff, 0xff, 0xff, 0x4f, 0xff,
    0xff, 0xff, 0xff, 0xff, 0xf5, 0xab, 0xbb, 0xbb,
    0xbb, 0xff, 0xfe, 0x10, 0x0, 0x0, 0x0, 0x3f,
    0xff, 0x40, 0x0, 0x0, 0x0, 0xd, 0xff, 0xa0,
    0x0, 0x0, 0x0, 0x9, 0xff, 0xe1, 0x0, 0x0,
    0x0, 0x4, 0xff, 0xf4, 0x0, 0x0, 0x0, 0x0,
    0xef, 0xf9, 0x0, 0x0, 0x0, 0x0, 0x9f, 0xfe,
    0x0, 0x0, 0x0, 0x0, 0x4f, 0xff, 0x40, 0x0,
    0x0, 0x0, 0xe, 0xff, 0x90, 0x0, 0x0, 0x0,
    0x9, 0xff, 0xe0, 0x0, 0x0, 0x0, 0x4, 0xff,
    0xf4, 0x0, 0x0, 0x0, 0x1, 0xef, 0xf9, 0x0,
    0x0, 0x0, 0x0, 0xaf, 0xff, 0xba, 0xaa, 0xaa,
    0xaa, 0x5f, 0xff, 0xff, 0xff, 0xff, 0xff, 0xf8,
    0xff, 0xff, 0xff, 0xff, 0xff, 0xff, 0x80,

    /* U+005B "[" */
    0x5f, 0xff, 0xfe, 0x5f, 0xff, 0xfe, 0x5f, 0xff,
    0x87, 0x5f, 0xff, 0x0, 0x5f, 0xff, 0x0, 0x5f,
    0xff, 0x0, 0x5f, 0xff, 0x0, 0x5f, 0xff, 0x0,
    0x5f, 0xff, 0x0, 0x5f, 0xff, 0x0, 0x5f, 0xff,
    0x0, 0x5f, 0xff, 0x0, 0x5f, 0xff, 0x0, 0x5f,
    0xff, 0x0, 0x5f, 0xff, 0x0, 0x5f, 0xff, 0x0,
    0x5f, 0xff, 0x0, 0x5f, 0xff, 0x0, 0x5f, 0xff,
    0x0, 0x5f, 0xff, 0x0, 0x5f, 0xff, 0x0, 0x5f,
    0xff, 0x87, 0x5f, 0xff, 0xfe, 0x5f, 0xff, 0xfe,

    /* U+005C "\\" */
    0xf, 0xff, 0x0, 0x0, 0x0, 0x0, 0xaf, 0xf6,
    0x0, 0x0, 0x0, 0x5, 0xff, 0xb0, 0x0, 0x0,
    0x0, 0xf, 0xff, 0x10, 0x0, 0x0, 0x0, 0xaf,
    0xf6, 0x0, 0x0, 0x0, 0x4, 0xff, 0xc0, 0x0,
    0x0, 0x0, 0xe, 0xff, 0x10, 0x0, 0x0, 0x0,
    0x9f, 0xf7, 0x0, 0x0, 0x0, 0x4, 0xff, 0xc0,
    0x0, 0x0, 0x0, 0xe, 0xff, 0x20, 0x0, 0x0,
    0x0, 0x9f, 0xf7, 0x0, 0x0, 0x0, 0x3, 0xff,
    0xd0, 0x0, 0x0, 0x0, 0xd, 0xff, 0x20, 0x0,
    0x0, 0x0, 0x8f, 0xf8, 0x0, 0x0, 0x0, 0x2,
    0xff, 0xd0, 0x0, 0x0, 0x0, 0xd, 0xff, 0x30,
    0x0, 0x0, 0x0, 0x7f, 0xf8, 0x0, 0x0, 0x0,
    0x2, 0xff, 0xe0, 0x0, 0x0, 0x0, 0x7, 0x88,
    0x10,

    /* U+005D "]" */
    0x5f, 0xff, 0xff, 0x5f, 0xff, 0xff, 0x28, 0xaf,
    0xff, 0x0, 0x5f, 0xff, 0x0, 0x5f, 0xff, 0x0,
    0x5f, 0xff, 0x0, 0x5f, 0xff, 0x0, 0x5f, 0xff,
    0x0, 0x5f, 0xff, 0x0, 0x5f, 0xff, 0x0, 0x5f,
    0xff, 0x0, 0x5f, 0xff, 0x0, 0x5f, 0xff, 0x0,
    0x5f, 0xff, 0x0, 0x5f, 0xff, 0x0, 0x5f, 0xff,
    0x0, 0x5f, 0xff, 0x0, 0x5f, 0xff, 0x0, 0x5f,
    0xff, 0x0, 0x5f, 0xff, 0x0, 0x5f, 0xff, 0x28,
    0xaf, 0xff, 0x5f, 0xff, 0xff, 0x5f, 0xff, 0xff,

    /* U+005E "^" */
    0x0, 0x0, 0xef, 0xc0, 0x0, 0x0, 0x0, 0x6f,
    0xff, 0x30, 0x0, 0x0, 0xc, 0xff, 0xfa, 0x0,
    0x0, 0x3, 0xff, 0x9f, 0xf1, 0x0, 0x0, 0xaf,
    0xd1, 0xff, 0x70, 0x0, 0x1f, 0xf7, 0xa, 0xfd,
    0x0, 0x7, 0xff, 0x10, 0x4f, 0xf4, 0x0, 0xdf,
    0xb0, 0x0, 0xdf, 0xb0, 0x4f, 0xf5, 0x0, 0x7,
    0xff, 0x10,

    /* U+005F "_" */
    0x29, 0x99, 0x99, 0x99, 0x99, 0x93, 0x4f, 0xff,
    0xff, 0xff, 0xff, 0xf6, 0x4f, 0xff, 0xff, 0xff,
    0xff, 0xf6,

    /* U+0060 "`" */
    0x4, 0x44, 0x20, 0x0, 0x7f, 0xfd, 0x0, 0x0,
    0x8f, 0xf8, 0x0, 0x0, 0x9f, 0xf3,

    /* U+0061 "a" */
    0x0, 0x29, 0xdf, 0xfd, 0x92, 0x0, 0x5, 0xff,
    0xff, 0xff, 0xff, 0x40, 0x1f, 0xff, 0xc7, 0x8e,
    0xff, 0xe0, 0x5f, 0xfe, 0x0, 0x1, 0xff, 0xf4,
    0x0, 0x0, 0x0, 0x0, 0xef, 0xf5, 0x0, 0x39,
    0xdf, 0xff, 0xff, 0xf6, 0x9, 0xff, 0xff, 0xff,
    0xff, 0xf6, 0x4f, 0xff, 0x71, 0x0, 0xef, 0xf6,
    0x9f, 0xfb, 0x0, 0x0, 0xef, 0xf6, 0xaf, 0xfa,
    0x0, 0x1, 0xff, 0xf6, 0x6f, 0xff, 0x85, 0x7e,
    0xff, 0xf6, 0xc, 0xff, 0xff, 0xff, 0xff, 0xf7,
    0x0, 0x8d, 0xff, 0xc5, 0x9f, 0xfc,

    /* U+0062 "b" */
    0x4f, 0xff, 0x0, 0x0, 0x0, 0x0, 0x4, 0xff,
    0xf0, 0x0, 0x0, 0x0, 0x0, 0x4f, 0xff, 0x0,
    0x0, 0x0, 0x0, 0x4, 0xff, 0xf0, 0x0, 0x0,
    0x0, 0x0, 0x4f, 0xff, 0x0, 0x0, 0x0, 0x0,
    0x4, 0xff, 0xf2, 0xbf, 0xfc, 0x60, 0x0, 0x4f,
    0xff, 0xef, 0xff, 0xff, 0x90, 0x4, 0xff, 0xff,
    0xca, 0xef, 0xff, 0x40, 0x4f, 0xff, 0x60, 0x1,
    0xdf, 0xfa, 0x4, 0xff, 0xf0, 0x0, 0x6, 0xff,
    0xe0, 0x4f, 0xff, 0x0, 0x0, 0x3f, 0xff, 0x4,
    0xff, 0xf0, 0x0, 0x2, 0xff, 0xf1, 0x4f, 0xff,
    0x0, 0x0, 0x3f, 0xff, 0x4, 0xff, 0xf0, 0x0,
    0x5, 0xff, 0xe0, 0x4f, 0xff, 0x30, 0x0, 0xbf,
    0xfa, 0x4, 0xff, 0xff, 0x87, 0xbf, 0xff, 0x40,
    0x4f, 0xff, 0xff, 0xff, 0xff, 0x90, 0x4, 0xff,
    0xb3, 0xbf, 0xfd, 0x60, 0x0,

    /* U+0063 "c" */
    0x0, 0x6, 0xcf, 0xfe, 0xa2, 0x0, 0x0, 0xbf,
    0xff, 0xff, 0xff, 0x50, 0x9, 0xff, 0xfc, 0xae,
    0xff, 0xf2, 0x2f, 0xff, 0x60, 0x1, 0xdf, 0xf8,
    0x6f, 0xfe, 0x0, 0x0, 0x6e, 0xe9, 0x9f, 0xfa,
    0x0, 0x0, 0x0, 0x0, 0xaf, 0xfa, 0x0, 0x0,
    0x0, 0x0, 0x9f, 0xfa, 0x0, 0x0, 0x0, 0x0,
    0x6f, 0xfd, 0x0, 0x0, 0x38, 0x85, 0x1f, 0xff,
    0x60, 0x0, 0xcf, 0xf8, 0x9, 0xff, 0xfb, 0xae,
    0xff, 0xf2, 0x0, 0xbf, 0xff, 0xff, 0xff, 0x50,
    0x0, 0x6, 0xcf, 0xfe, 0x92, 0x0,

    /* U+0064 "d" */
    0x0, 0x0, 0x0, 0x0, 0x9f, 0xfa, 0x0, 0x0,
    0x0, 0x0, 0x9f, 0xfa, 0x0, 0x0, 0x0, 0x0,
    0x9f, 0xfa, 0x0, 0x0, 0x0, 0x0, 0x9f, 0xfa,
    0x0, 0x0, 0x0, 0x0, 0x9f, 0xfa, 0x0, 0x2a,
    0xef, 0xd5, 0x9f, 0xfa, 0x3, 0xff, 0xff, 0xff,
    0xef, 0xfa, 0xd, 0xff, 0xfc, 0xbf, 0xff, 0xfa,
    0x4f, 0xff, 0x60, 0x1, 0xdf, 0xfa, 0x8f, 0xfd,
    0x0, 0x0, 0x9f, 0xfa, 0xaf, 0xfa, 0x0, 0x0,
    0x9f, 0xfa, 0xaf, 0xf9, 0x0, 0x0, 0x9f, 0xfa,
    0xaf, 0xfa, 0x0, 0x0, 0x9f, 0xfa, 0x8f, 0xfd,
    0x0, 0x0, 0x9f, 0xfa, 0x3f, 0xff, 0x50, 0x1,
    0xef, 0xfa, 0xc, 0xff, 0xfb, 0xbf, 0xff, 0xfa,
    0x2, 0xef, 0xff, 0xff, 0xdf, 0xfa, 0x0, 0x2a,
    0xef, 0xd5, 0x5f, 0xfa,

    /* U+0065 "e" */
    0x0, 0x4, 0xbe, 0xfe, 0xb4, 0x0, 0x0, 0x9,
    0xff, 0xff, 0xff, 0xf8, 0x0, 0x8, 0xff, 0xfc,
    0xad, 0xff, 0xf5, 0x1, 0xff, 0xf7, 0x0, 0x8,
    0xff, 0xd0, 0x6f, 0xfd, 0x0, 0x0, 0xf, 0xff,
    0x19, 0xff, 0xff, 0xff, 0xff, 0xff, 0xf3, 0xaf,
    0xff, 0xff, 0xff, 0xff, 0xff, 0x3a, 0xff, 0xc4,
    0x44, 0x44, 0x44, 0x41, 0x7f, 0xff, 0x10, 0x0,
    0x0, 0x0, 0x2, 0xff, 0xfb, 0x0, 0x0, 0x6d,
    0x10, 0x8, 0xff, 0xfe, 0xaa, 0xef, 0xfb, 0x0,
    0x8, 0xff, 0xff, 0xff, 0xfe, 0x40, 0x0, 0x3,
    0xae, 0xff, 0xd8, 0x10, 0x0,

    /* U+0066 "f" */
    0x0, 0x0, 0x0, 0x17, 0x9a, 0x97, 0x30, 0x0,
    0x0, 0x7f, 0xff, 0xff, 0xf7, 0x0, 0x0, 0x6f,
    0xff, 0xff, 0xff, 0x60, 0x0, 0xe, 0xff, 0xd3,
    0x0, 0x11, 0x0, 0x2, 0xff, 0xf3, 0x0, 0x0,
    0x0, 0x0, 0x2f, 0xff, 0x10, 0x0, 0x0, 0x8f,
    0xff, 0xff, 0xff, 0xff, 0xfa, 0x8, 0xff, 0xff,
    0xff, 0xff, 0xff, 0xa0, 0x36, 0x68, 0xff, 0xf7,
    0x66, 0x64, 0x0, 0x0, 0x3f, 0xff, 0x10, 0x0,
    0x0, 0x0, 0x3, 0xff, 0xf1, 0x0, 0x0, 0x0,
    0x0, 0x3f, 0xff, 0x10, 0x0, 0x0, 0x0, 0x3,
    0xff, 0xf1, 0x0, 0x0, 0x0, 0x0, 0x3f, 0xff,
    0x10, 0x0, 0x0, 0x0, 0x3, 0xff, 0xf1, 0x0,
    0x0, 0x0, 0x0, 0x3f, 0xff, 0x10, 0x0, 0x0,
    0x0, 0x3, 0xff, 0xf1, 0x0, 0x0, 0x0, 0x0,
    0x3f, 0xff, 0x10, 0x0, 0x0, 0x0, 0x3, 0xff,
    0xf1, 0x0, 0x0, 0x0,

    /* U+0067 "g" */
    0x0, 0x19, 0xef, 0xe9, 0x4f, 0xfd, 0x2, 0xef,
    0xff, 0xff, 0xff, 0xfd, 0xc, 0xff, 0xf9, 0x7b,
    0xff, 0xfd, 0x3f, 0xff, 0x50, 0x0, 0x9f, 0xfd,
    0x7f, 0xfd, 0x0, 0x0, 0x7f, 0xfd, 0xaf, 0xfa,
    0x0, 0x0, 0x7f, 0xfd, 0xaf, 0xf9, 0x0, 0x0,
    0x7f, 0xfd, 0xaf, 0xfa, 0x0, 0x0, 0x7f, 0xfd,
    0x7f, 0xfe, 0x0, 0x0, 0x7f, 0xfd, 0x3f, 0xff,
    0x70, 0x0, 0xbf, 0xfd, 0xb, 0xff, 0xfc, 0xae,
    0xff, 0xfd, 0x1, 0xef, 0xff, 0xff, 0xff, 0xfd,
    0x0, 0x19, 0xef, 0xd7, 0x7f, 0xfd, 0x0, 0x0,
    0x0, 0x0, 0x9f, 0xfb, 0x0, 0xc4, 0x0, 0x2,
    0xff, 0xf8, 0x9, 0xff, 0xc9, 0xaf, 0xff, 0xf1,
    0x6, 0xff, 0xff, 0xff, 0xff, 0x40, 0x0, 0x29,
    0xdf, 0xfd, 0x81, 0x0,

    /* U+0068 "h" */
    0x5f, 0xfe, 0x0, 0x0, 0x0, 0x0, 0x5, 0xff,
    0xe0, 0x0, 0x0, 0x0, 0x0, 0x5f, 0xfe, 0x0,
    0x0, 0x0, 0x0, 0x5, 0xff, 0xe0, 0x0, 0x0,
    0x0, 0x0, 0x5f, 0xfe, 0x0, 0x0, 0x0, 0x0,
    0x5, 0xff, 0xe0, 0x7d, 0xfe, 0x91, 0x0, 0x5f,
    0xfe, 0xbf, 0xff, 0xff, 0xd1, 0x5, 0xff, 0xff,
    0xca, 0xef, 0xff, 0x80, 0x5f, 0xff, 0x30, 0x0,
    0xbf, 0xfd, 0x5, 0xff, 0xe0, 0x0, 0x5, 0xff,
    0xf0, 0x5f, 0xfe, 0x0, 0x0, 0x4f, 0xff, 0x5,
    0xff, 0xe0, 0x0, 0x4, 0xff, 0xf0, 0x5f, 0xfe,
    0x0, 0x0, 0x4f, 0xff, 0x5, 0xff, 0xe0, 0x0,
    0x4, 0xff, 0xf0, 0x5f, 0xfe, 0x0, 0x0, 0x4f,
    0xff, 0x5, 0xff, 0xe0, 0x0, 0x4, 0xff, 0xf0,
    0x5f, 0xfe, 0x0, 0x0, 0x4f, 0xff, 0x5, 0xff,
    0xe0, 0x0, 0x4, 0xff, 0xf0,

    /* U+0069 "i" */
    0x0, 0x0, 0x8f, 0xd2, 0x0, 0x0, 0x0, 0x1f,
    0xff, 0x90, 0x0, 0x0, 0x0, 0xef, 0xf7, 0x0,
    0x0, 0x0, 0x1, 0x75, 0x0, 0x0, 0x0, 0x0,
    0x0, 0x0, 0x0, 0x7, 0xff, 0xff, 0xff, 0x60,
    0x0, 0x7f, 0xff, 0xff, 0xf6, 0x0, 0x5, 0xaa,
    0xaf, 0xff, 0x60, 0x0, 0x0, 0x0, 0xef, 0xf6,
    0x0, 0x0, 0x0, 0xe, 0xff, 0x60, 0x0, 0x0,
    0x0, 0xef, 0xf6, 0x0, 0x0, 0x0, 0xe, 0xff,
    0x60, 0x0, 0x0, 0x0, 0xef, 0xf6, 0x0, 0x0,
    0x0, 0xe, 0xff, 0x60, 0x0, 0x0, 0x0, 0xef,
    0xf6, 0x0, 0x5, 0xaa, 0xaf, 0xff, 0xca, 0xa9,
    0x7f, 0xff, 0xff, 0xff, 0xff, 0xd7, 0xff, 0xff,
    0xff, 0xff, 0xfd,

    /* U+006A "j" */
    0x0, 0x0, 0xc, 0xfb, 0x0, 0x0, 0x6, 0xff,
    0xf4, 0x0, 0x0, 0x3f, 0xff, 0x20, 0x0, 0x0,
    0x37, 0x30, 0x0, 0x0, 0x0, 0x0, 0x0, 0x6f,
    0xff, 0xff, 0xf1, 0x6, 0xff, 0xff, 0xff, 0x10,
    0x4a, 0xab, 0xff, 0xf1, 0x0, 0x0, 0x3f, 0xff,
    0x10, 0x0, 0x3, 0xff, 0xf1, 0x0, 0x0, 0x3f,
    0xff, 0x10, 0x0, 0x3, 0xff, 0xf1, 0x0, 0x0,
    0x3f, 0xff, 0x10, 0x0, 0x3, 0xff, 0xf1, 0x0,
    0x0, 0x3f, 0xff, 0x10, 0x0, 0x3, 0xff, 0xf1,
    0x0, 0x0, 0x3f, 0xff, 0x10, 0x0, 0x3, 0xff,
    0xf1, 0x0, 0x0, 0x3f, 0xff, 0x10, 0x0, 0x9,
    0xff, 0xf0, 0x3b, 0xbd, 0xff, 0xf9, 0x4, 0xff,
    0xff, 0xfd, 0x10, 0x4f, 0xff, 0xd8, 0x10, 0x0,

    /* U+006B "k" */
    0x5f, 0xff, 0x0, 0x0, 0x0, 0x0, 0x0, 0x5f,
    0xff, 0x0, 0x0, 0x0, 0x0, 0x0, 0x5f, 0xff,
    0x0, 0x0, 0x0, 0x0, 0x0, 0x5f, 0xff, 0x0,
    0x0, 0x0, 0x0, 0x0, 0x5f, 0xff, 0x0, 0x0,
    0x0, 0x0, 0x0, 0x5f, 0xff, 0x0, 0x1, 0xef,
    0xfd, 0x10, 0x5f, 0xff, 0x0, 0x1d, 0xff, 0xe1,
    0x0, 0x5f, 0xff, 0x0, 0xcf, 0xff, 0x30, 0x0,
    0x5f, 0xff, 0xa, 0xff, 0xf4, 0x0, 0x0, 0x5f,
    0xff, 0x8f, 0xff, 0x60, 0x0, 0x0, 0x5f, 0xff,
    0xff, 0xfc, 0x0, 0x0, 0x0, 0x5f, 0xff, 0xff,
    0xff, 0x50, 0x0, 0x0, 0x5f, 0xff, 0xfe, 0xff,
    0xf1, 0x0, 0x0, 0x5f, 0xff, 0x81, 0xef, 0xfc,
    0x0, 0x0, 0x5f, 0xff, 0x0, 0x5f, 0xff, 0x80,
    0x0, 0x5f, 0xff, 0x0, 0xa, 0xff, 0xf3, 0x0,
    0x5f, 0xff, 0x0, 0x1, 0xef, 0xfe, 0x0, 0x5f,
    0xff, 0x0, 0x0, 0x5f, 0xff, 0xa0,

    /* U+006C "l" */
    0xaf, 0xff, 0xff, 0xf6, 0x0, 0x0, 0xaf, 0xff,
    0xff, 0xf6, 0x0, 0x0, 0x7a, 0xaa, 0xff, 0xf6,
    0x0, 0x0, 0x0, 0x0, 0xef, 0xf6, 0x0, 0x0,
    0x0, 0x0, 0xef, 0xf6, 0x0, 0x0, 0x0, 0x0,
    0xef, 0xf6, 0x0, 0x0, 0x0, 0x0, 0xef, 0xf6,
    0x0, 0x0, 0x0, 0x0, 0xef, 0xf6, 0x0, 0x0,
    0x0, 0x0, 0xef, 0xf6, 0x0, 0x0, 0x0, 0x0,
    0xef, 0xf6, 0x0, 0x0, 0x0, 0x0, 0xef, 0xf6,
    0x0, 0x0, 0x0, 0x0, 0xef, 0xf6, 0x0, 0x0,
    0x0, 0x0, 0xef, 0xf6, 0x0, 0x0, 0x0, 0x0,
    0xef, 0xf6, 0x0, 0x0, 0x0, 0x0, 0xef, 0xf6,
    0x0, 0x0, 0x7a, 0xaa, 0xff, 0xfc, 0xaa, 0xa0,
    0xaf, 0xff, 0xff, 0xff, 0xff, 0xf1, 0xaf, 0xff,
    0xff, 0xff, 0xff, 0xf1,

    /* U+006D "m" */
    0x2f, 0xfb, 0x5e, 0xfb, 0x3c, 0xfd, 0x40, 0x2f,
    0xfe, 0xff, 0xff, 0xff, 0xff, 0xf0, 0x2f, 0xff,
    0x9c, 0xff, 0xe8, 0xef, 0xf4, 0x2f, 0xfd, 0x5,
    0xff, 0x90, 0x9f, 0xf6, 0x2f, 0xfd, 0x4, 0xff,
    0x90, 0x9f, 0xf6, 0x2f, 0xfd, 0x4, 0xff, 0x90,
    0x9f, 0xf6, 0x2f, 0xfd, 0x4, 0xff, 0x90, 0x9f,
    0xf6, 0x2f, 0xfd, 0x4, 0xff, 0x90, 0x9f, 0xf6,
    0x2f, 0xfd, 0x4, 0xff, 0x90, 0x9f, 0xf6, 0x2f,
    0xfd, 0x4, 0xff, 0x90, 0x9f, 0xf6, 0x2f, 0xfd,
    0x4, 0xff, 0x90, 0x9f, 0xf6, 0x2f, 0xfd, 0x4,
    0xff, 0x90, 0x9f, 0xf6, 0x2f, 0xfd, 0x4, 0xff,
    0x90, 0x9f, 0xf6,

    /* U+006E "n" */
    0x5f, 0xfa, 0x7, 0xdf, 0xea, 0x20, 0x5f, 0xfc,
    0xbf, 0xff, 0xff, 0xe1, 0x5f, 0xff, 0xfc, 0xad,
    0xff, 0xf8, 0x5f, 0xff, 0x40, 0x0, 0xbf, 0xfd,
    0x5f, 0xfe, 0x0, 0x0, 0x5f, 0xff, 0x5f, 0xfe,
    0x0, 0x0, 0x4f, 0xff, 0x5f, 0xfe, 0x0, 0x0,
    0x4f, 0xff, 0x5f, 0xfe, 0x0, 0x0, 0x4f, 0xff,
    0x5f, 0xfe, 0x0, 0x0, 0x4f, 0xff, 0x5f, 0xfe,
    0x0, 0x0, 0x4f, 0xff, 0x5f, 0xfe, 0x0, 0x0,
    0x4f, 0xff, 0x5f, 0xfe, 0x0, 0x0, 0x4f, 0xff,
    0x5f, 0xfe, 0x0, 0x0, 0x4f, 0xff,

    /* U+006F "o" */
    0x0, 0x6, 0xcf, 0xfe, 0x92, 0x0, 0x0, 0x1c,
    0xff, 0xff, 0xff, 0xf4, 0x0, 0xb, 0xff, 0xfb,
    0xae, 0xff, 0xf2, 0x4, 0xff, 0xf5, 0x0, 0x1d,
    0xff, 0xa0, 0x9f, 0xfc, 0x0, 0x0, 0x6f, 0xff,
    0xb, 0xff, 0x80, 0x0, 0x2, 0xff, 0xf1, 0xcf,
    0xf7, 0x0, 0x0, 0x1f, 0xff, 0x2b, 0xff, 0x80,
    0x0, 0x2, 0xff, 0xf1, 0x9f, 0xfc, 0x0, 0x0,
    0x6f, 0xff, 0x4, 0xff, 0xf5, 0x0, 0x1d, 0xff,
    0xa0, 0xb, 0xff, 0xfb, 0xae, 0xff, 0xf2, 0x0,
    0x1c, 0xff, 0xff, 0xff, 0xf4, 0x0, 0x0, 0x6,
    0xcf, 0xfe, 0x92, 0x0, 0x0,

    /* U+0070 "p" */
    0x4f, 0xfc, 0x3b, 0xff, 0xc5, 0x0, 0x4, 0xff,
    0xef, 0xff, 0xff, 0xf8, 0x0, 0x4f, 0xff, 0xfc,
    0xbf, 0xff, 0xf3, 0x4, 0xff, 0xf4, 0x0, 0x1e,
    0xff, 0xa0, 0x4f, 0xff, 0x0, 0x0, 0x7f, 0xfe,
    0x4, 0xff, 0xf0, 0x0, 0x4, 0xff, 0xf0, 0x4f,
    0xff, 0x0, 0x0, 0x3f, 0xff, 0x4, 0xff, 0xf0,
    0x0, 0x4, 0xff, 0xf0, 0x4f, 0xff, 0x0, 0x0,
    0x7f, 0xfd, 0x4, 0xff, 0xf4, 0x0, 0x1e, 0xff,
    0x90, 0x4f, 0xff, 0xfb, 0xae, 0xff, 0xf3, 0x4,
    0xff, 0xff, 0xff, 0xff, 0xf7, 0x0, 0x4f, 0xff,
    0x2b, 0xff, 0xc5, 0x0, 0x4, 0xff, 0xf0, 0x0,
    0x0, 0x0, 0x0, 0x4f, 0xff, 0x0, 0x0, 0x0,
    0x0, 0x4, 0xff, 0xf0, 0x0, 0x0, 0x0, 0x0,
    0x4f, 0xff, 0x0, 0x0, 0x0, 0x0, 0x4, 0xff,
    0xf0, 0x0, 0x0, 0x0, 0x0,

    /* U+0071 "q" */
    0x0, 0x2a, 0xef, 0xd8, 0x5f, 0xfa, 0x3, 0xff,
    0xff, 0xff, 0xff, 0xfa, 0xd, 0xff, 0xf8, 0x7b,
    0xff, 0xfa, 0x4f, 0xff, 0x30, 0x0, 0xbf, 0xfa,
    0x8f, 0xfc, 0x0, 0x0, 0x9f, 0xfa, 0xaf, 0xfa,
    0x0, 0x0, 0x9f, 0xfa, 0xaf, 0xf9, 0x0, 0x0,
    0x9f, 0xfa, 0xaf, 0xfa, 0x0, 0x0, 0x9f, 0xfa,
    0x7f, 0xfd, 0x0, 0x0, 0x9f, 0xfa, 0x3f, 0xff,
    0x60, 0x1, 0xdf, 0xfa, 0xc, 0xff, 0xfb, 0xae,
    0xff, 0xfa, 0x2, 0xef, 0xff, 0xff, 0xff, 0xfa,
    0x0, 0x2a, 0xef, 0xd6, 0x9f, 0xfa, 0x0, 0x0,
    0x0, 0x0, 0x9f, 0xfa, 0x0, 0x0, 0x0, 0x0,
    0x9f, 0xfa, 0x0, 0x0, 0x0, 0x0, 0x9f, 0xfa,
    0x0, 0x0, 0x0, 0x0, 0x9f, 0xfa, 0x0, 0x0,
    0x0, 0x0, 0x9f, 0xfa,

    /* U+0072 "r" */
    0xaf, 0xf6, 0x6, 0xdf, 0xfd, 0x1a, 0xff, 0x8b,
    0xff, 0xff, 0xf0, 0xaf, 0xff, 0xff, 0xff, 0xfd,
    0xa, 0xff, 0xff, 0x84, 0x45, 0x50, 0xaf, 0xff,
    0x20, 0x0, 0x0, 0xa, 0xff, 0xa0, 0x0, 0x0,
    0x0, 0xaf, 0xfa, 0x0, 0x0, 0x0, 0xa, 0xff,
    0xa0, 0x0, 0x0, 0x0, 0xaf, 0xfa, 0x0, 0x0,
    0x0, 0xa, 0xff, 0xa0, 0x0, 0x0, 0x0, 0xaf,
    0xfa, 0x0, 0x0, 0x0, 0xa, 0xff, 0xa0, 0x0,
    0x0, 0x0, 0xaf, 0xfa, 0x0, 0x0, 0x0, 0x0,

    /* U+0073 "s" */
    0x0, 0x18, 0xcf, 0xfe, 0xb6, 0x0, 0x2, 0xef,
    0xff, 0xff, 0xff, 0xc0, 0xd, 0xff, 0xd7, 0x69,
    0xff, 0xf9, 0x1f, 0xff, 0x10, 0x0, 0x7f, 0xfe,
    0x1f, 0xff, 0x60, 0x0, 0x1, 0x10, 0x9, 0xff,
    0xfe, 0xb8, 0x40, 0x0, 0x0, 0x7f, 0xff, 0xff,
    0xfe, 0x60, 0x0, 0x0, 0x59, 0xdf, 0xff, 0xf7,
    0x24, 0x42, 0x0, 0x1, 0x9f, 0xfe, 0x7f, 0xfc,
    0x0, 0x0, 0x3f, 0xff, 0x1f, 0xff, 0xc7, 0x67,
    0xef, 0xfa, 0x4, 0xef, 0xff, 0xff, 0xff, 0xd1,
    0x0, 0x18, 0xdf, 0xfe, 0xc6, 0x0,

    /* U+0074 "t" */
    0x0, 0xa, 0xff, 0xa0, 0x0, 0x0, 0x0, 0xa,
    0xff, 0xa0, 0x0, 0x0, 0x0, 0xa, 0xff, 0xa0,
    0x0, 0x0, 0x8f, 0xff, 0xff, 0xff, 0xff, 0xf5,
    0x8f, 0xff, 0xff, 0xff, 0xff, 0xf5, 0x36, 0x6c,
    0xff, 0xc6, 0x66, 0x62, 0x0, 0xa, 0xff, 0xa0,
    0x0, 0x0, 0x0, 0xa, 0xff, 0xa0, 0x0, 0x0,
    0x0, 0xa, 0xff, 0xa0, 0x0, 0x0, 0x0, 0xa,
    0xff, 0xa0, 0x0, 0x0, 0x0, 0xa, 0xff, 0xa0,
    0x0, 0x0, 0x0, 0x9, 0xff, 0xa0, 0x0, 0x0,
    0x0, 0x8, 0xff, 0xf1, 0x0, 0x0, 0x0, 0x3,
    0xff, 0xff, 0xbb, 0xda, 0x0, 0x0, 0xaf, 0xff,
    0xff, 0xfd, 0x0, 0x0, 0x7, 0xdf, 0xfe, 0xb6,

    /* U+0075 "u" */
    0x3f, 0xff, 0x0, 0x0, 0x6f, 0xfe, 0x3f, 0xff,
    0x0, 0x0, 0x6f, 0xfe, 0x3f, 0xff, 0x0, 0x0,
    0x6f, 0xfe, 0x3f, 0xff, 0x0, 0x0, 0x6f, 0xfe,
    0x3f, 0xff, 0x0, 0x0, 0x6f, 0xfe, 0x3f, 0xff,
    0x0, 0x0, 0x6f, 0xfe, 0x3f, 0xff, 0x0, 0x0,
    0x6f, 0xfe, 0x3f, 0xff, 0x0, 0x0, 0x6f, 0xfe,
    0x3f, 0xff, 0x10, 0x0, 0x6f, 0xfe, 0xf, 0xff,
    0x60, 0x0, 0xcf, 0xfe, 0xb, 0xff, 0xfb, 0xbe,
    0xff, 0xfe, 0x3, 0xff, 0xff, 0xff, 0x8f, 0xfe,
    0x0, 0x3b, 0xff, 0xc4, 0x2f, 0xfe,

    /* U+0076 "v" */
    0xf, 0xff, 0x60, 0x0, 0x0, 0xff, 0xf6, 0x9,
    0xff, 0xb0, 0x0, 0x4, 0xff, 0xf0, 0x3, 0xff,
    0xf0, 0x0, 0x9, 0xff, 0xa0, 0x0, 0xdf, 0xf5,
    0x0, 0xe, 0xff, 0x40, 0x0, 0x7f, 0xf9, 0x0,
    0x3f, 0xfe, 0x0, 0x0, 0x1f, 0xfe, 0x0, 0x8f,
    0xf8, 0x0, 0x0, 0xb, 0xff, 0x30, 0xcf, 0xf2,
    0x0, 0x0, 0x5, 0xff, 0x81, 0xff, 0xc0, 0x0,
    0x0, 0x0, 0xff, 0xd6, 0xff, 0x60, 0x0, 0x0,
    0x0, 0x9f, 0xfc, 0xff, 0x10, 0x0, 0x0, 0x0,
    0x4f, 0xff, 0xfa, 0x0, 0x0, 0x0, 0x0, 0xd,
    0xff, 0xf4, 0x0, 0x0, 0x0, 0x0, 0x8, 0xff,
    0xe0, 0x0, 0x0,

    /* U+0077 "w" */
    0x9f, 0xf5, 0x1, 0xff, 0x40, 0x3f, 0xfc, 0x6f,
    0xf7, 0x4, 0xff, 0x70, 0x5f, 0xf9, 0x4f, 0xf9,
    0x7, 0xff, 0x90, 0x7f, 0xf6, 0x1f, 0xfb, 0xa,
    0xff, 0xc0, 0x9f, 0xf3, 0xe, 0xfd, 0xc, 0xff,
    0xf0, 0xbf, 0xf1, 0xb, 0xff, 0xf, 0xec, 0xf2,
    0xdf, 0xe0, 0x8, 0xff, 0x4f, 0xb9, 0xf5, 0xff,
    0xb0, 0x5, 0xff, 0x8f, 0x86, 0xf9, 0xff, 0x80,
    0x3, 0xff, 0xdf, 0x52, 0xfe, 0xff, 0x50, 0x0,
    0xff, 0xff, 0x20, 0xff, 0xff, 0x30, 0x0, 0xdf,
    0xfe, 0x0, 0xcf, 0xff, 0x0, 0x0, 0xaf, 0xfb,
    0x0, 0x9f, 0xfd, 0x0, 0x0, 0x7f, 0xf8, 0x0,
    0x6f, 0xfa, 0x0,

    /* U+0078 "x" */
    0x7f, 0xff, 0x10, 0x0, 0x2f, 0xff, 0x60, 0xcf,
    0xfb, 0x0, 0xc, 0xff, 0xb0, 0x2, 0xff, 0xf6,
    0x8, 0xff, 0xf2, 0x0, 0x7, 0xff, 0xf6, 0xff,
    0xf6, 0x0, 0x0, 0xc, 0xff, 0xff, 0xfb, 0x0,
    0x0, 0x0, 0x2f, 0xff, 0xff, 0x20, 0x0, 0x0,
    0x0, 0xbf, 0xff, 0xa0, 0x0, 0x0, 0x0, 0x4f,
    0xff, 0xff, 0x40, 0x0, 0x0, 0x1e, 0xff, 0xff,
    0xfd, 0x0, 0x0, 0xa, 0xff, 0xe2, 0xef, 0xf9,
    0x0, 0x4, 0xff, 0xf4, 0x5, 0xff, 0xf3, 0x1,
    0xef, 0xf9, 0x0, 0xa, 0xff, 0xd0, 0xaf, 0xfd,
    0x0, 0x0, 0x1e, 0xff, 0x90,

    /* U+0079 "y" */
    0x2f, 0xff, 0x50, 0x0, 0x0, 0x6f, 0xff, 0x30,
    0xbf, 0xfc, 0x0, 0x0, 0xc, 0xff, 0xc0, 0x4,
    0xff, 0xf2, 0x0, 0x2, 0xff, 0xf5, 0x0, 0xd,
    0xff, 0x80, 0x0, 0x8f, 0xfd, 0x0, 0x0, 0x6f,
    0xfe, 0x0, 0xe, 0xff, 0x70, 0x0, 0x0, 0xef,
    0xf4, 0x5, 0xff, 0xf0, 0x0, 0x0, 0x8, 0xff,
    0xb0, 0xbf, 0xf9, 0x0, 0x0, 0x0, 0x1f, 0xff,
    0x2f, 0xff, 0x20, 0x0, 0x0, 0x0, 0xaf, 0xfc,
    0xff, 0xb0, 0x0, 0x0, 0x0, 0x3, 0xff, 0xff,
    0xf4, 0x0, 0x0, 0x0, 0x0, 0xc, 0xff, 0xfd,
    0x0, 0x0, 0x0, 0x0, 0x0, 0x5f, 0xff, 0x60,
    0x0, 0x0, 0x0, 0x0, 0x2, 0xff, 0xe0, 0x0,
    0x0, 0x0, 0x0, 0x0, 0xaf, 0xf8, 0x0, 0x0,
    0x0, 0x0, 0x0, 0x5f, 0xff, 0x10, 0x0, 0x0,
    0x0, 0x6, 0xbf, 0xff, 0x90, 0x0, 0x0, 0x0,
    0x0, 0xbf, 0xff, 0xd0, 0x0, 0x0, 0x0, 0x0,
    0xc, 0xfe, 0x91, 0x0, 0x0, 0x0, 0x0,

    /* U+007A "z" */
    0x7f, 0xff, 0xff, 0xff, 0xff, 0xff, 0x7, 0xff,
    0xff, 0xff, 0xff, 0xff, 0xf0, 0x4a, 0xaa, 0xaa,
    0xae, 0xff, 0xf9, 0x0, 0x0, 0x0, 0x4, 0xff,
    0xfb, 0x0, 0x0, 0x0, 0x2, 0xef, 0xfc, 0x0,
    0x0, 0x0, 0x1, 0xdf, 0xfe, 0x10, 0x0, 0x0,
    0x0, 0xcf, 0xff, 0x30, 0x0, 0x0, 0x0, 0xaf,
    0xff, 0x40, 0x0, 0x0, 0x0, 0x8f, 0xff, 0x70,
    0x0, 0x0, 0x0, 0x5f, 0xff, 0x90, 0x0, 0x0,
    0x0, 0x3f, 0xff, 0xfa, 0xaa, 0xaa, 0xaa, 0x29,
    0xff, 0xff, 0xff, 0xff, 0xff, 0xf4, 0x9f, 0xff,
    0xff, 0xff, 0xff, 0xff, 0x40,

    /* U+007B "{" */
    0x0, 0x0, 0x3, 0xcf, 0x20, 0x0, 0x4, 0xff,
    0xf4, 0x0, 0x0, 0xdf, 0xe1, 0x0, 0x0, 0x3f,
    0xfa, 0x0, 0x0, 0x6, 0xff, 0x80, 0x0, 0x0,
    0x7f, 0xf8, 0x0, 0x0, 0x7, 0xff, 0x80, 0x0,
    0x0, 0x7f, 0xf7, 0x0, 0x0, 0xa, 0xff, 0x50,
    0x0, 0x17, 0xff, 0xd0, 0x0, 0x6f, 0xff, 0xc1,
    0x0, 0x6, 0xff, 0xf6, 0x0, 0x0, 0x27, 0xdf,
    0xf8, 0x0, 0x0, 0x0, 0xdf, 0xf2, 0x0, 0x0,
    0x8, 0xff, 0x60, 0x0, 0x0, 0x7f, 0xf8, 0x0,
    0x0, 0x7, 0xff, 0x80, 0x0, 0x0, 0x6f, 0xf8,
    0x0, 0x0, 0x5, 0xff, 0x90, 0x0, 0x0, 0x2f,
    0xfc, 0x0, 0x0, 0x0, 0xbf, 0xf3, 0x0, 0x0,
    0x2, 0xef, 0xf4, 0x0, 0x0, 0x2, 0xbf, 0x20,

    /* U+007C "|" */
    0xcf, 0x4c, 0xf4, 0xcf, 0x4c, 0xf4, 0xcf, 0x4c,
    0xf4, 0xcf, 0x4c, 0xf4, 0xcf, 0x4c, 0xf4, 0xcf,
    0x4c, 0xf4, 0xcf, 0x4c, 0xf4, 0xcf, 0x4c, 0xf4,
    0xcf, 0x4c, 0xf4, 0xcf, 0x4c, 0xf4, 0xcf, 0x4c,
    0xf4,

    /* U+007D "}" */
    0xc, 0xd6, 0x0, 0x0, 0x0, 0xef, 0xf8, 0x0,
    0x0, 0x0, 0xbf, 0xf2, 0x0, 0x0, 0x5, 0xff,
    0x80, 0x0, 0x0, 0x3f, 0xfb, 0x0, 0x0, 0x3,
    0xff, 0xb0, 0x0, 0x0, 0x3f, 0xfc, 0x0, 0x0,
    0x2, 0xff, 0xc0, 0x0, 0x0, 0xf, 0xfe, 0x0,
    0x0, 0x0, 0x9f, 0xfa, 0x20, 0x0, 0x0, 0xaf,
    0xff, 0xb0, 0x0, 0x3, 0xef, 0xfb, 0x0, 0x4,
    0xff, 0xe8, 0x40, 0x0, 0xdf, 0xf2, 0x0, 0x0,
    0x1f, 0xfd, 0x0, 0x0, 0x3, 0xff, 0xc0, 0x0,
    0x0, 0x3f, 0xfc, 0x0, 0x0, 0x3, 0xff, 0xb0,
    0x0, 0x0, 0x4f, 0xfa, 0x0, 0x0, 0x7, 0xff,
    0x60, 0x0, 0x1, 0xdf, 0xf1, 0x0, 0x0, 0xff,
    0xf6, 0x0, 0x0, 0xc, 0xd5, 0x0, 0x0, 0x0,

    /* U+007E "~" */
    0x2, 0xbf, 0xfb, 0x40, 0x0, 0x5, 0x51, 0xe,
    0xff, 0xff, 0xf9, 0x0, 0x2f, 0xf5, 0x6f, 0xfd,
    0xcf, 0xff, 0xeb, 0xef, 0xf1, 0xaf, 0xb0, 0x2,
    0xcf, 0xff, 0xff, 0x90, 0x24, 0x20, 0x0, 0x6,
    0xdf, 0xe8, 0x0,

    /* U+00A0 " " */

    /* U+00A1 "¡" */
    0xb, 0xfb, 0x4, 0xff, 0xf6, 0x3f, 0xff, 0x40,
    0x59, 0x50, 0x0, 0x0, 0x0, 0x0, 0x0, 0x2,
    0x22, 0x0, 0xff, 0xf0, 0xf, 0xff, 0x0, 0xff,
    0xf0, 0xf, 0xff, 0x0, 0xff, 0xf1, 0x1f, 0xff,
    0x11, 0xff, 0xf1, 0x1f, 0xff, 0x12, 0xff, 0xf2,
    0x2f, 0xff, 0x22, 0xff, 0xf2,

    /* U+00A2 "¢" */
    0x0, 0x0, 0x1, 0x32, 0x0, 0x0, 0x0, 0x0,
    0xa, 0xfb, 0x0, 0x0, 0x0, 0x0, 0xa, 0xfb,
    0x0, 0x0, 0x0, 0x0, 0x5d, 0xfd, 0x50, 0x0,
    0x0, 0x3d, 0xff, 0xff, 0xfe, 0x40, 0x2, 0xef,
    0xff, 0xff, 0xff, 0xf3, 0xa, 0xff, 0xe3, 0x3,
    0xdf, 0xfb, 0xf, 0xff, 0x50, 0x0, 0x3f, 0xfe,
    0x3f, 0xff, 0x0, 0x0, 0x3, 0x33, 0x5f, 0xfe,
    0x0, 0x0, 0x0, 0x0, 0x4f, 0xff, 0x0, 0x0,
    0x0, 0x0, 0x3f, 0xff, 0x10, 0x0, 0x3, 0x32,
    0xe, 0xff, 0x70, 0x0, 0x4f, 0xfe, 0x8, 0xff,
    0xf7, 0x47, 0xef, 0xf9, 0x0, 0xcf, 0xff, 0xff,
    0xff, 0xd1, 0x0, 0x9, 0xff, 0xff, 0xfa, 0x10,
    0x0, 0x0, 0xb, 0xfc, 0x10, 0x0, 0x0, 0x0,
    0xa, 0xfb, 0x0, 0x0, 0x0, 0x0, 0xa, 0xfb,
    0x0, 0x0,

    /* U+00A3 "£" */
    0x0, 0x0, 0x5b, 0xff, 0xeb, 0x40, 0x0, 0x0,
    0xaf, 0xff, 0xff, 0xff, 0x70, 0x0, 0x6f, 0xff,
    0xdb, 0xef, 0xff, 0x20, 0xc, 0xff, 0xc0, 0x0,
    0xdf, 0xf7, 0x0, 0xef, 0xf6, 0x0, 0x5, 0xaa,
    0x60, 0xe, 0xff, 0x60, 0x0, 0x0, 0x0, 0x0,
    0xdf, 0xf6, 0x0, 0x0, 0x0, 0x6, 0x9f, 0xff,
    0xc9, 0x99, 0x10, 0x0, 0xaf, 0xff, 0xff, 0xff,
    0xf1, 0x0, 0xa, 0xff, 0xff, 0xff, 0xff, 0x10,
    0x0, 0x0, 0xbf, 0xf9, 0x0, 0x0, 0x0, 0x0,
    0xb, 0xff, 0xa0, 0x0, 0x0, 0x0, 0x0, 0xbf,
    0xf9, 0x0, 0x0, 0x0, 0x0, 0xe, 0xff, 0x50,
    0x0, 0x0, 0x0, 0x6c, 0xff, 0xfa, 0xaa, 0xaa,
    0xaa, 0x89, 0xff, 0xff, 0xff, 0xff, 0xff, 0xfc,
    0x9f, 0xff, 0xff, 0xff, 0xff, 0xff, 0xc0,

    /* U+00A4 "¤" */
    0x0, 0x50, 0x0, 0x23, 0x10, 0x4, 0x10, 0x6,
    0xfa, 0x8e, 0xff, 0xfb, 0x6f, 0xc0, 0xa, 0xff,
    0xff, 0xff, 0xff, 0xff, 0xe2, 0x0, 0xdf, 0xf7,
    0x10, 0x4d, 0xff, 0x40, 0x2, 0xff, 0x50, 0x0,
    0x1, 0xef, 0x80, 0x7, 0xfc, 0x0, 0x0, 0x0,
    0x6f, 0xd0, 0x9, 0xf9, 0x0, 0x0, 0x0, 0x3f,
    0xf0, 0x9, 0xf9, 0x0, 0x0, 0x0, 0x3f, 0xf0,
    0x6, 0xfe, 0x0, 0x0, 0x0, 0x8f, 0xc0, 0x1,
    0xff, 0x80, 0x0, 0x2, 0xff, 0x60, 0x3, 0xff,
    0xfb, 0x43, 0x7f, 0xff, 0x90, 0xc, 0xff, 0xff,
    0xff, 0xff, 0xff, 0xf3, 0x1, 0xc3, 0x4b, 0xff,
    0xd7, 0x1b, 0x60, 0x0, 0x0, 0x0, 0x0, 0x0,
    0x0, 0x0,

    /* U+00A5 "¥" */
    0x7f, 0xff, 0x20, 0x0, 0x0, 0x8f, 0xff, 0x10,
    0xef, 0xf9, 0x0, 0x0, 0x1f, 0xff, 0x80, 0x5,
    0xff, 0xf2, 0x0, 0x8, 0xff, 0xe0, 0x0, 0xc,
    0xff, 0x90, 0x1, 0xff, 0xf6, 0x0, 0x0, 0x3f,
    0xff, 0x10, 0x7f, 0xfd, 0x0, 0x0, 0x0, 0xaf,
    0xf9, 0xe, 0xff, 0x40, 0x0, 0x0, 0x2, 0xff,
    0xf9, 0xff, 0xb0, 0x0, 0x0, 0x0, 0x8, 0xff,
    0xff, 0xf2, 0x0, 0x0, 0x6, 0xff, 0xff, 0xff,
    0xff, 0xff, 0xb0, 0x0, 0x6f, 0xff, 0xff, 0xff,
    0xff, 0xfc, 0x0, 0x0, 0x0, 0x6, 0xff, 0xe0,
    0x0, 0x0, 0x0, 0x0, 0x0, 0x6f, 0xfe, 0x0,
    0x0, 0x0, 0x6, 0xff, 0xff, 0xff, 0xff, 0xff,
    0xc0, 0x0, 0x6f, 0xff, 0xff, 0xff, 0xff, 0xfb,
    0x0, 0x0, 0x0, 0x6, 0xff, 0xe0, 0x0, 0x0,
    0x0, 0x0, 0x0, 0x6f, 0xfe, 0x0, 0x0, 0x0,
    0x0, 0x0, 0x6, 0xff, 0xe0, 0x0, 0x0, 0x0,

    /* U+00A6 "¦" */
    0x4f, 0xfb, 0x4f, 0xfb, 0x4f, 0xfb, 0x4f, 0xfb,
    0x4f, 0xfb, 0x4f, 0xfb, 0x4f, 0xfb, 0x4f, 0xfb,
    0x4f, 0xfa, 0x0, 0x0, 0x0, 0x0, 0x4f, 0xfb,
    0x4f, 0xfb, 0x4f, 0xfb, 0x4f, 0xfb, 0x4f, 0xfb,
    0x4f, 0xfb, 0x4f, 0xfb, 0x4f, 0xfb, 0x4f, 0xfb,
    0x16, 0x64,

    /* U+00A7 "§" */
    0x0, 0x28, 0xdf, 0xfe, 0xc7, 0x10, 0x0, 0x5f,
    0xff, 0xff, 0xff, 0xfe, 0x30, 0x2f, 0xff, 0xfb,
    0xac, 0xff, 0xfd, 0x8, 0xff, 0xe1, 0x0, 0x6,
    0xff, 0xf4, 0x9f, 0xfa, 0x0, 0x0, 0xd, 0xff,
    0x67, 0xff, 0xf4, 0x0, 0x0, 0x0, 0x0, 0x2f,
    0xff, 0xfd, 0x84, 0x0, 0x0, 0x0, 0x6f, 0xff,
    0xff, 0xff, 0x92, 0x0, 0x2e, 0xff, 0xdf, 0xff,
    0xff, 0xf7, 0xb, 0xff, 0x80, 0x27, 0xcf, 0xff,
    0xf4, 0xef, 0xf5, 0x0, 0x0, 0x3e, 0xff, 0x9e,
    0xff, 0xb0, 0x0, 0x0, 0x8f, 0xfa, 0x8f, 0xff,
    0xe8, 0x30, 0xb, 0xff, 0x80, 0xbf, 0xff, 0xff,
    0xfc, 0xff, 0xe1, 0x0, 0x5c, 0xff, 0xff, 0xff,
    0xf2, 0x0, 0x0, 0x2, 0x6b, 0xff, 0xff, 0xc0,
    0x0, 0x0, 0x0, 0x1, 0x9f, 0xff, 0x3c, 0xdd,
    0x40, 0x0, 0x0, 0xef, 0xf5, 0xdf, 0xfb, 0x0,
    0x0, 0x3f, 0xff, 0x46, 0xff, 0xff, 0xba, 0xcf,
    0xff, 0xe0, 0x9, 0xff, 0xff, 0xff, 0xff, 0xe3,
    0x0, 0x3, 0xad, 0xff, 0xfc, 0x81, 0x0,

    /* U+00A8 "¨" */
    0x6e, 0xb0, 0x0, 0xbe, 0x6d, 0xff, 0x40, 0x3f,
    0xfe, 0x7f, 0xc0, 0x0, 0xcf, 0x70,

    /* U+00A9 "©" */
    0x0, 0x4, 0xae, 0xfd, 0x81, 0x0, 0x0, 0x9,
    0xe7, 0x32, 0x4a, 0xf4, 0x0, 0x9, 0xc1, 0x0,
    0x0, 0x5, 0xf3, 0x3, 0xe1, 0x8, 0xef, 0xc3,
    0x7, 0xc0, 0xa8, 0x7, 0xf5, 0x3b, 0xe0, 0xe,
    0x3d, 0x30, 0xd8, 0x0, 0x29, 0x0, 0xa7, 0xf1,
    0xe, 0x70, 0x0, 0x0, 0x8, 0x8e, 0x30, 0xd8,
    0x0, 0x16, 0x0, 0xa7, 0xa7, 0x9, 0xe2, 0x9,
    0xf0, 0xe, 0x44, 0xd0, 0x1b, 0xff, 0xf5, 0x5,
    0xd0, 0xb, 0xa0, 0x1, 0x20, 0x3, 0xe4, 0x0,
    0xc, 0xc4, 0x0, 0x17, 0xf6, 0x0, 0x0, 0x6,
    0xdf, 0xff, 0xb3, 0x0, 0x0, 0x0, 0x0, 0x11,
    0x0, 0x0, 0x0,

    /* U+00AA "ª" */
    0x2, 0xae, 0xfd, 0x60, 0x0, 0xef, 0xec, 0xff,
    0x40, 0x3d, 0xc0, 0x7, 0xfa, 0x0, 0x0, 0x11,
    0x6f, 0xb0, 0x9, 0xef, 0xff, 0xfb, 0x9, 0xfc,
    0x54, 0x8f, 0xb0, 0xcf, 0x50, 0x8, 0xfb, 0x9,
    0xfe, 0xbd, 0xff, 0xc0, 0xa, 0xff, 0xb4, 0xfe,
    0x0,

    /* U+00AB "«" */
    0x0, 0x4, 0x63, 0x1, 0x66, 0x0, 0x3, 0xff,
    0x10, 0xbf, 0x80, 0x0, 0xdf, 0x70, 0x7f, 0xd0,
    0x0, 0x9f, 0xd0, 0x3f, 0xf4, 0x0, 0x5f, 0xf4,
    0xd, 0xfb, 0x0, 0xa, 0xfe, 0x3, 0xff, 0x60,
    0x0, 0x1e, 0xf8, 0x9, 0xfe, 0x0, 0x0, 0x4f,
    0xf2, 0xd, 0xf8, 0x0, 0x0, 0x9f, 0xb0, 0x2f,
    0xf2, 0x0, 0x0, 0xdf, 0x50, 0x6f, 0xc0,

    /* U+00AC "¬" */
    0x0, 0x0, 0x0, 0x0, 0x0, 0xdf, 0xff, 0xff,
    0xff, 0xff, 0xdf, 0xff, 0xff, 0xff, 0xff, 0x0,
    0x0, 0x0, 0x6, 0xff, 0x0, 0x0, 0x0, 0x6,
    0xff, 0x0, 0x0, 0x0, 0x6, 0xff,

    /* U+00AD "­" */
    0x7a, 0xaa, 0xaa, 0xaa, 0xaa, 0xb, 0xff, 0xff,
    0xff, 0xff, 0xf1, 0xbf, 0xff, 0xff, 0xff, 0xff,
    0x10,

    /* U+00AE "®" */
    0x0, 0x4, 0xbe, 0xfd, 0x81, 0x0, 0x0, 0xa,
    0xe7, 0x32, 0x4a, 0xe4, 0x0, 0x9, 0xc1, 0x0,
    0x0, 0x5, 0xf2, 0x3, 0xe1, 0x5f, 0xff, 0xc4,
    0x7, 0xc0, 0xa7, 0x5, 0xf3, 0x3a, 0xe0, 0xe,
    0x2e, 0x30, 0x5f, 0x0, 0x8e, 0x0, 0xa6, 0xf1,
    0x5, 0xff, 0xfd, 0x30, 0x9, 0x7e, 0x20, 0x5f,
    0x38, 0xc0, 0x0, 0xa6, 0xb6, 0x5, 0xf0, 0xf,
    0x40, 0xe, 0x35, 0xd0, 0x5f, 0x0, 0x8c, 0x5,
    0xd0, 0xb, 0xa1, 0x20, 0x0, 0x23, 0xe4, 0x0,
    0x1c, 0xc4, 0x0, 0x28, 0xf6, 0x0, 0x0, 0x7,
    0xdf, 0xff, 0xb3, 0x0, 0x0, 0x0, 0x0, 0x12,
    0x0, 0x0, 0x0,

    /* U+00AF "¯" */
    0xbf, 0xff, 0xff, 0xff, 0xbc, 0xff, 0xff, 0xff,
    0xfc,

    /* U+00B0 "°" */
    0x1, 0x9b, 0x70, 0x1, 0xef, 0xff, 0xb0, 0x9f,
    0x60, 0xaf, 0x3c, 0xe0, 0x4, 0xf7, 0xbf, 0x20,
    0x7f, 0x54, 0xff, 0xcf, 0xd0, 0x5, 0xdf, 0xb2,
    0x0,

    /* U+00B1 "±" */
    0x0, 0x0, 0x13, 0x32, 0x0, 0x0, 0x0, 0x0,
    0x4f, 0xf9, 0x0, 0x0, 0x0, 0x0, 0x4f, 0xf9,
    0x0, 0x0, 0x0, 0x0, 0x4f, 0xf9, 0x0, 0x0,
    0x0, 0x0, 0x4f, 0xf9, 0x0, 0x0, 0x4f, 0xff,
    0xff, 0xff, 0xff, 0xf7, 0x4f, 0xff, 0xff, 0xff,
    0xff, 0xf7, 0x3b, 0xbb, 0xdf, 0xfe, 0xbb, 0xb5,
    0x0, 0x0, 0x4f, 0xf9, 0x0, 0x0, 0x0, 0x0,
    0x4f, 0xf9, 0x0, 0x0, 0x0, 0x0, 0x4f, 0xf9,
    0x0, 0x0, 0x0, 0x0, 0x4f, 0xf9, 0x0, 0x0,
    0x0, 0x0, 0x0, 0x0, 0x0, 0x0, 0xa, 0xaa,
    0xaa, 0xaa, 0xaa, 0xa0, 0xf, 0xff, 0xff, 0xff,
    0xff, 0xf1, 0xf, 0xff, 0xff, 0xff, 0xff, 0xf1,

    /* U+00B2 "²" */
    0x2, 0xbf, 0xfd, 0x60, 0x1e, 0xff, 0xef, 0xf5,
    0x6f, 0xf1, 0xc, 0xfa, 0x1, 0x10, 0x1e, 0xf8,
    0x0, 0x1, 0xcf, 0xd1, 0x0, 0x2d, 0xfc, 0x10,
    0x4, 0xff, 0x90, 0x0, 0x3f, 0xff, 0xee, 0xed,
    0x4f, 0xff, 0xff, 0xff,

    /* U+00B3 "³" */
    0x4, 0xbf, 0xfd, 0x70, 0x2f, 0xff, 0xef, 0xf8,
    0x27, 0x70, 0xb, 0xfb, 0x0, 0x8, 0xaf, 0xf4,
    0x0, 0xf, 0xff, 0xc2, 0x0, 0x0, 0xa, 0xfc,
    0x7d, 0xc1, 0x9, 0xfe, 0x3f, 0xff, 0xef, 0xf9,
    0x3, 0xbf, 0xfd, 0x70,

    /* U+00B4 "´" */
    0x0, 0x14, 0x44, 0x0, 0xd, 0xff, 0x70, 0x8,
    0xff, 0x70, 0x3, 0xff, 0x80, 0x0,

    /* U+00B5 "µ" */
    0xff, 0xf4, 0x0, 0x1, 0xff, 0xf2, 0xff, 0xf4,
    0x0, 0x1, 0xff, 0xf2, 0xff, 0xf4, 0x0, 0x1,
    0xff, 0xf2, 0xff, 0xf4, 0x0, 0x1, 0xff, 0xf2,
    0xff, 0xf4, 0x0, 0x1, 0xff, 0xf2, 0xff, 0xf4,
    0x0, 0x1, 0xff, 0xf2, 0xff, 0xf4, 0x0, 0x1,
    0xff, 0xf2, 0xff, 0xf4, 0x0, 0x1, 0xff, 0xf2,
    0xff, 0xf6, 0x0, 0x1, 0xff, 0xf2, 0xff, 0xfb,
    0x0, 0x7, 0xff, 0xf2, 0xff, 0xff, 0xdb, 0xdf,
    0xff, 0xf2, 0xff, 0xff, 0xff, 0xff, 0xff, 0xf2,
    0xff, 0xfd, 0xff, 0xd7, 0xef, 0xf2, 0xff, 0xf4,
    0x0, 0x0, 0x0, 0x0, 0xff, 0xf4, 0x0, 0x0,
    0x0, 0x0, 0xff, 0xf4, 0x0, 0x0, 0x0, 0x0,
    0xff, 0xf4, 0x0, 0x0, 0x0, 0x0, 0xff, 0xf4,
    0x0, 0x0, 0x0, 0x0,

    /* U+00B6 "¶" */
    0x0, 0x6, 0xcf, 0xff, 0xfc, 0x1, 0xcf, 0xff,
    0xff, 0xfc, 0xa, 0xff, 0xff, 0xff, 0xfc, 0x2f,
    0xff, 0xff, 0xff, 0xfc, 0x6f, 0xff, 0xff, 0xff,
    0xfc, 0x7f, 0xff, 0xff, 0xff, 0xfc, 0x6f, 0xff,
    0xff, 0xff, 0xfc, 0x2f, 0xff, 0xff, 0xff, 0xfc,
    0xb, 0xff, 0xff, 0xff, 0xfc, 0x1, 0xdf, 0xff,
    0xff, 0xfc, 0x0, 0x7, 0xdf, 0xff, 0xfc, 0x0,
    0x0, 0x0, 0xb, 0xfc, 0x0, 0x0, 0x0, 0xb,
    0xfc, 0x0, 0x0, 0x0, 0xb, 0xfc, 0x0, 0x0,
    0x0, 0xb, 0xfc, 0x0, 0x0, 0x0, 0xb, 0xfc,
    0x0, 0x0, 0x0, 0xb, 0xfc,

    /* U+00B7 "·" */
    0x2, 0x74, 0x1, 0xff, 0xf4, 0x2f, 0xff, 0x70,
    0x9f, 0xc1,

    /* U+00B8 "¸" */
    0x48, 0x60, 0xb, 0xff, 0x80, 0x28, 0xff, 0x60,
    0x5f, 0xf8, 0x8f, 0xff, 0x38, 0xeb, 0x30,

    /* U+00B9 "¹" */
    0x0, 0x0, 0x10, 0x1, 0x6b, 0xf3, 0x5f, 0xff,
    0xf3, 0x5d, 0xaf, 0xf3, 0x0, 0x2f, 0xf3, 0x0,
    0x2f, 0xf3, 0x0, 0x2f, 0xf3, 0x0, 0x2f, 0xf3,
    0x0, 0x2f, 0xf3, 0x0, 0x2f, 0xf3,

    /* U+00BA "º" */
    0x3, 0xbf, 0xfd, 0x60, 0x2, 0xff, 0xdc, 0xff,
    0x70, 0xaf, 0x90, 0x3, 0xff, 0xd, 0xf3, 0x0,
    0xd, 0xf3, 0xef, 0x20, 0x0, 0xdf, 0x3d, 0xf3,
    0x0, 0xd, 0xf3, 0xaf, 0x90, 0x3, 0xff, 0x2,
    0xff, 0xdb, 0xff, 0x70, 0x2, 0xbf, 0xfd, 0x60,
    0x0,

    /* U+00BB "»" */
    0x16, 0x60, 0x5, 0x62, 0x0, 0x0, 0xcf, 0x70,
    0x5f, 0xd0, 0x0, 0x3, 0xff, 0x30, 0xcf, 0x90,
    0x0, 0x9, 0xfd, 0x2, 0xff, 0x40, 0x0, 0x1e,
    0xf9, 0x9, 0xfe, 0x10, 0x0, 0xbf, 0xe0, 0x4f,
    0xf6, 0x0, 0x3f, 0xf4, 0xc, 0xfb, 0x0, 0xd,
    0xf9, 0x6, 0xfe, 0x10, 0x7, 0xfd, 0x1, 0xef,
    0x40, 0x1, 0xff, 0x20, 0x9f, 0x90, 0x0,

    /* U+00BC "¼" */
    0x0, 0x0, 0x30, 0x0, 0x0, 0x0, 0x0, 0x4,
    0xae, 0xe0, 0x0, 0x0, 0x0, 0x0, 0x3f, 0xff,
    0xe0, 0x0, 0x0, 0x0, 0x0, 0x26, 0x6f, 0xe0,
    0x0, 0x8, 0x30, 0x0, 0x0, 0x3f, 0xe0, 0x0,
    0x4f, 0xb0, 0x0, 0x0, 0x3f, 0xe0, 0x0, 0xcf,
    0x20, 0x0, 0x0, 0x3f, 0xe0, 0x5, 0xf9, 0x0,
    0x0, 0x0, 0x3f, 0xe0, 0xe, 0xf1, 0x0, 0x0,
    0x0, 0x3f, 0xe0, 0x7f, 0x80, 0x0, 0x0, 0x0,
    0x0, 0x1, 0xee, 0x0, 0x36, 0x40, 0x0, 0x0,
    0x8, 0xf6, 0x1, 0xef, 0xc0, 0x0, 0x0, 0x2f,
    0xd0, 0xc, 0xff, 0xc0, 0x0, 0x0, 0xaf, 0x50,
    0x8f, 0xbf, 0xc0, 0x0, 0x3, 0xfc, 0x4, 0xf8,
    0x6f, 0xc0, 0x0, 0x2, 0xb3, 0xe, 0xfb, 0xdf,
    0xe8, 0x0, 0x0, 0x0, 0x1f, 0xff, 0xff, 0xfb,
    0x0, 0x0, 0x0, 0x0, 0x0, 0x6f, 0xc0, 0x0,
    0x0, 0x0, 0x0, 0x0, 0x6f, 0xc0,

    /* U+00BD "½" */
    0x0, 0x1, 0x20, 0x0, 0x0, 0x0, 0x0, 0x2,
    0x7c, 0xf6, 0x0, 0x0, 0x0, 0x0, 0x0, 0xbf,
    0xff, 0x60, 0x0, 0x0, 0x0, 0x0, 0x5, 0x4c,
    0xf6, 0x0, 0x6, 0x40, 0x0, 0x0, 0x0, 0xbf,
    0x60, 0x1, 0xfe, 0x0, 0x0, 0x0, 0xb, 0xf6,
    0x0, 0x9f, 0x50, 0x0, 0x0, 0x0, 0xbf, 0x60,
    0x2f, 0xd0, 0x0, 0x0, 0x0, 0xb, 0xf6, 0xa,
    0xf4, 0x0, 0x0, 0x0, 0x0, 0xbf, 0x63, 0xfc,
    0x0, 0x0, 0x0, 0x0, 0x0, 0x0, 0xbf, 0x31,
    0x8a, 0xa5, 0x0, 0x0, 0x0, 0x4f, 0xa1, 0xef,
    0xff, 0xf7, 0x0, 0x0, 0xd, 0xf2, 0x7f, 0xc1,
    0x6f, 0xd0, 0x0, 0x5, 0xf9, 0x2, 0x32, 0x6,
    0xfd, 0x0, 0x0, 0xdf, 0x10, 0x0, 0x3, 0xff,
    0x60, 0x0, 0x2c, 0x80, 0x0, 0x3, 0xff, 0x80,
    0x0, 0x0, 0x0, 0x0, 0x4, 0xff, 0x60, 0x0,
    0x0, 0x0, 0x0, 0x3, 0xff, 0xdb, 0xbb, 0x10,
    0x0, 0x0, 0x0, 0x6f, 0xff, 0xff, 0xf2,

    /* U+00BE "¾" */
    0x6, 0xdf, 0xfb, 0x20, 0x0, 0x0, 0x0, 0x5,
    0xff, 0xcd, 0xfd, 0x0, 0x0, 0x0, 0x0, 0x12,
    0x22, 0x5f, 0xd0, 0x0, 0x74, 0x0, 0x0, 0x4,
    0xff, 0xe3, 0x0, 0x3f, 0x90, 0x0, 0x0, 0x15,
    0x9f, 0xc0, 0xc, 0xf1, 0x0, 0x2, 0x32, 0x0,
    0xff, 0x25, 0xf8, 0x0, 0x0, 0x8f, 0xc1, 0x4f,
    0xf1, 0xde, 0x0, 0x0, 0x1, 0xef, 0xff, 0xf8,
    0x7f, 0x70, 0x0, 0x0, 0x1, 0x79, 0x84, 0x1e,
    0xd0, 0x5, 0x61, 0x0, 0x0, 0x0, 0x8, 0xf5,
    0x7, 0xff, 0x50, 0x0, 0x0, 0x2, 0xfd, 0x3,
    0xff, 0xf5, 0x0, 0x0, 0x0, 0xaf, 0x41, 0xed,
    0xdf, 0x50, 0x0, 0x0, 0x3f, 0xb0, 0xbe, 0x2d,
    0xf5, 0x0, 0x0, 0x2, 0xb3, 0x6f, 0xeb, 0xff,
    0xd3, 0x0, 0x0, 0x0, 0x8, 0xff, 0xff, 0xff,
    0x40, 0x0, 0x0, 0x0, 0x0, 0x0, 0xdf, 0x50,
    0x0, 0x0, 0x0, 0x0, 0x0, 0xd, 0xf5, 0x0,

    /* U+00BF "¿" */
    0x0, 0x0, 0x5f, 0xe2, 0x0, 0x0, 0x0, 0xa,
    0xff, 0x60, 0x0, 0x0, 0x0, 0x6f, 0xf2, 0x0,
    0x0, 0x0, 0x0, 0x0, 0x0, 0x0, 0x0, 0x0,
    0x0, 0x0, 0x0, 0x0, 0x0, 0x7, 0xbb, 0x30,
    0x0, 0x0, 0x0, 0xbf, 0xf3, 0x0, 0x0, 0x0,
    0x3f, 0xff, 0x20, 0x0, 0x0, 0x3f, 0xff, 0xb0,
    0x0, 0x0, 0x2e, 0xff, 0xc0, 0x0, 0x0, 0xc,
    0xff, 0xd1, 0x0, 0x0, 0x5, 0xff, 0xf3, 0x0,
    0x0, 0x0, 0x9f, 0xfc, 0x0, 0x0, 0x0, 0x9,
    0xff, 0xa0, 0x0, 0x5c, 0xca, 0x7f, 0xfe, 0x10,
    0xc, 0xff, 0xb2, 0xff, 0xfe, 0xbe, 0xff, 0xf5,
    0x7, 0xff, 0xff, 0xff, 0xf9, 0x0, 0x4, 0xbe,
    0xff, 0xb5, 0x0,

    /* U+00C0 "À" */
    0x0, 0x3, 0x44, 0x30, 0x0, 0x0, 0x0, 0x0,
    0x0, 0x3f, 0xff, 0x30, 0x0, 0x0, 0x0, 0x0,
    0x0, 0x4f, 0xfc, 0x0, 0x0, 0x0, 0x0, 0x0,
    0x0, 0x5f, 0xf7, 0x0, 0x0, 0x0, 0x0, 0x0,
    0x0, 0x0, 0x0, 0x0, 0x0, 0x0, 0x0, 0x0,
    0x3f, 0xff, 0x10, 0x0, 0x0, 0x0, 0x0, 0x9,
    0xff, 0xf6, 0x0, 0x0, 0x0, 0x0, 0x0, 0xef,
    0xff, 0xb0, 0x0, 0x0, 0x0, 0x0, 0x3f, 0xff,
    0xff, 0x0, 0x0, 0x0, 0x0, 0x8, 0xff, 0xff,
    0xf5, 0x0, 0x0, 0x0, 0x0, 0xef, 0xf7, 0xff,
    0xa0, 0x0, 0x0, 0x0, 0x3f, 0xfd, 0x1f, 0xff,
    0x0, 0x0, 0x0, 0x8, 0xff, 0x90, 0xcf, 0xf5,
    0x0, 0x0, 0x0, 0xdf, 0xf4, 0x8, 0xff, 0xa0,
    0x0, 0x0, 0x3f, 0xff, 0x0, 0x4f, 0xff, 0x0,
    0x0, 0x8, 0xff, 0xc0, 0x0, 0xff, 0xf4, 0x0,
    0x0, 0xdf, 0xff, 0xff, 0xff, 0xff, 0x90, 0x0,
    0x3f, 0xff, 0xff, 0xff, 0xff, 0xfe, 0x0, 0x8,
    0xff, 0xfd, 0xdd, 0xdd, 0xff, 0xf4, 0x0, 0xdf,
    0xf9, 0x0, 0x0, 0xd, 0xff, 0x90, 0x2f, 0xff,
    0x40, 0x0, 0x0, 0x8f, 0xfe, 0x8, 0xff, 0xf0,
    0x0, 0x0, 0x3, 0xff, 0xf3,

    /* U+00C1 "Á" */
    0x0, 0x0, 0x0, 0x0, 0x44, 0x43, 0x0, 0x0,
    0x0, 0x0, 0x0, 0x4f, 0xfe, 0x20, 0x0, 0x0,
    0x0, 0x0, 0x1e, 0xfe, 0x20, 0x0, 0x0, 0x0,
    0x0, 0xa, 0xfe, 0x20, 0x0, 0x0, 0x0, 0x0,
    0x0, 0x0, 0x0, 0x0, 0x0, 0x0, 0x0, 0x0,
    0x3f, 0xff, 0x10, 0x0, 0x0, 0x0, 0x0, 0x9,
    0xff, 0xf6, 0x0, 0x0, 0x0, 0x0, 0x0, 0xef,
    0xff, 0xb0, 0x0, 0x0, 0x0, 0x0, 0x3f, 0xff,
    0xff, 0x0, 0x0, 0x0, 0x0, 0x8, 0xff, 0xff,
    0xf5, 0x0, 0x0, 0x0, 0x0, 0xef, 0xf7, 0xff,
    0xa0, 0x0, 0x0, 0x0, 0x3f, 0xfd, 0x1f, 0xff,
    0x0, 0x0, 0x0, 0x8, 0xff, 0x90, 0xcf, 0xf5,
    0x0, 0x0, 0x0, 0xdf, 0xf4, 0x8, 0xff, 0xa0,
    0x0, 0x0, 0x3f, 0xff, 0x0, 0x4f, 0xff, 0x0,
    0x0, 0x8, 0xff, 0xc0, 0x0, 0xff, 0xf4, 0x0,
    0x0, 0xdf, 0xff, 0xff, 0xff, 0xff, 0x90, 0x0,
    0x3f, 0xff, 0xff, 0xff, 0xff, 0xfe, 0x0, 0x8,
    0xff, 0xfd, 0xdd, 0xdd, 0xff, 0xf4, 0x0, 0xdf,
    0xf9, 0x0, 0x0, 0xd, 0xff, 0x90, 0x2f, 0xff,
    0x40, 0x0, 0x0, 0x8f, 0xfe, 0x8, 0xff, 0xf0,
    0x0, 0x0, 0x3, 0xff, 0xf3,

    /* U+00C2 "Â" */
    0x0, 0x0, 0x3, 0xef, 0xd2, 0x0, 0x0, 0x0,
    0x0, 0x7, 0xff, 0xcf, 0xf5, 0x0, 0x0, 0x0,
    0xa, 0xff, 0x50, 0x7f, 0xf8, 0x0, 0x0, 0x0,
    0x0, 0x0, 0x0, 0x0, 0x0, 0x0, 0x0, 0x0,
    0x0, 0x0, 0x0, 0x0, 0x0, 0x0, 0x0, 0x0,
    0x3f, 0xff, 0x10, 0x0, 0x0, 0x0, 0x0, 0x9,
    0xff, 0xf6, 0x0, 0x0, 0x0, 0x0, 0x0, 0xef,
    0xff, 0xb0, 0x0, 0x0, 0x0, 0x0, 0x3f, 0xff,
    0xff, 0x0, 0x0, 0x0, 0x0, 0x8, 0xff, 0xff,
    0xf5, 0x0, 0x0, 0x0, 0x0, 0xef, 0xf7, 0xff,
    0xa0, 0x0, 0x0, 0x0, 0x3f, 0xfd, 0x1f, 0xff,
    0x0, 0x0, 0x0, 0x8, 0xff, 0x90, 0xcf, 0xf5,
    0x0, 0x0, 0x0, 0xdf, 0xf4, 0x8, 0xff, 0xa0,
    0x0, 0x0, 0x3f, 0xff, 0x0, 0x4f, 0xff, 0x0,
    0x0, 0x8, 0xff, 0xc0, 0x0, 0xff, 0xf4, 0x0,
    0x0, 0xdf, 0xff, 0xff, 0xff, 0xff, 0x90, 0x0,
    0x3f, 0xff, 0xff, 0xff, 0xff, 0xfe, 0x0, 0x8,
    0xff, 0xfd, 0xdd, 0xdd, 0xff, 0xf4, 0x0, 0xdf,
    0xf9, 0x0, 0x0, 0xd, 0xff, 0x90, 0x2f, 0xff,
    0x40, 0x0, 0x0, 0x8f, 0xfe, 0x8, 0xff, 0xf0,
    0x0, 0x0, 0x3, 0xff, 0xf3,

    /* U+00C3 "Ã" */
    0x0, 0x0, 0x1, 0x0, 0x0, 0x10, 0x0, 0x0,
    0x0, 0xb, 0xfe, 0x82, 0x4f, 0x90, 0x0, 0x0,
    0x8, 0xff, 0xff, 0xff, 0xf5, 0x0, 0x0, 0x0,
    0xbe, 0x12, 0x8e, 0xf8, 0x0, 0x0, 0x0, 0x0,
    0x0, 0x0, 0x0, 0x0, 0x0, 0x0, 0x0, 0x0,
    0x0, 0x0, 0x0, 0x0, 0x0, 0x0, 0x0, 0x3,
    0xff, 0xf1, 0x0, 0x0, 0x0, 0x0, 0x0, 0x9f,
    0xff, 0x60, 0x0, 0x0, 0x0, 0x0, 0xe, 0xff,
    0xfb, 0x0, 0x0, 0x0, 0x0, 0x3, 0xff, 0xff,
    0xf0, 0x0, 0x0, 0x0, 0x0, 0x8f, 0xff, 0xff,
    0x50, 0x0, 0x0, 0x0, 0xe, 0xff, 0x7f, 0xfa,
    0x0, 0x0, 0x0, 0x3, 0xff, 0xd1, 0xff, 0xf0,
    0x0, 0x0, 0x0, 0x8f, 0xf9, 0xc, 0xff, 0x50,
    0x0, 0x0, 0xd, 0xff, 0x40, 0x8f, 0xfa, 0x0,
    0x0, 0x3, 0xff, 0xf0, 0x4, 0xff, 0xf0, 0x0,
    0x0, 0x8f, 0xfc, 0x0, 0xf, 0xff, 0x40, 0x0,
    0xd, 0xff, 0xff, 0xff, 0xff, 0xf9, 0x0, 0x3,
    0xff, 0xff, 0xff, 0xff, 0xff, 0xe0, 0x0, 0x8f,
    0xff, 0xdd, 0xdd, 0xdf, 0xff, 0x40, 0xd, 0xff,
    0x90, 0x0, 0x0, 0xdf, 0xf9, 0x2, 0xff, 0xf4,
    0x0, 0x0, 0x8, 0xff, 0xe0, 0x8f, 0xff, 0x0,
    0x0, 0x0, 0x3f, 0xff, 0x30,

    /* U+00C4 "Ä" */
    0x0, 0x8, 0xe9, 0x0, 0x1c, 0xe4, 0x0, 0x0,
    0x0, 0xff, 0xf1, 0x6, 0xff, 0xb0, 0x0, 0x0,
    0x9, 0xfa, 0x0, 0x1d, 0xf5, 0x0, 0x0, 0x0,
    0x0, 0x0, 0x0, 0x0, 0x0, 0x0, 0x0, 0x0,
    0x0, 0x0, 0x0, 0x0, 0x0, 0x0, 0x0, 0x0,
    0x3f, 0xff, 0x10, 0x0, 0x0, 0x0, 0x0, 0x9,
    0xff, 0xf6, 0x0, 0x0, 0x0, 0x0, 0x0, 0xef,
    0xff, 0xb0, 0x0, 0x0, 0x0, 0x0, 0x3f, 0xff,
    0xff, 0x0, 0x0, 0x0, 0x0, 0x8, 0xff, 0xff,
    0xf5, 0x0, 0x0, 0x0, 0x0, 0xef, 0xf7, 0xff,
    0xa0, 0x0, 0x0, 0x0, 0x3f, 0xfd, 0x1f, 0xff,
    0x0, 0x0, 0x0, 0x8, 0xff, 0x90, 0xcf, 0xf5,
    0x0, 0x0, 0x0, 0xdf, 0xf4, 0x8, 0xff, 0xa0,
    0x0, 0x0, 0x3f, 0xff, 0x0, 0x4f, 0xff, 0x0,
    0x0, 0x8, 0xff, 0xc0, 0x0, 0xff, 0xf4, 0x0,
    0x0, 0xdf, 0xff, 0xff, 0xff, 0xff, 0x90, 0x0,
    0x3f, 0xff, 0xff, 0xff, 0xff, 0xfe, 0x0, 0x8,
    0xff, 0xfd, 0xdd, 0xdd, 0xff, 0xf4, 0x0, 0xdf,
    0xf9, 0x0, 0x0, 0xd, 0xff, 0x90, 0x2f, 0xff,
    0x40, 0x0, 0x0, 0x8f, 0xfe, 0x8, 0xff, 0xf0,
    0x0, 0x0, 0x3, 0xff, 0xf3,

    /* U+00C5 "Å" */
    0x0, 0x0, 0x2, 0xcf, 0xb1, 0x0, 0x0, 0x0,
    0x0, 0x0, 0xcb, 0x3c, 0x90, 0x0, 0x0, 0x0,
    0x0, 0xf, 0x40, 0x7d, 0x0, 0x0, 0x0, 0x0,
    0x0, 0xe8, 0xb, 0xb0, 0x0, 0x0, 0x0, 0x0,
    0x4, 0xef, 0xd2, 0x0, 0x0, 0x0, 0x0, 0x0,
    0x0, 0x10, 0x0, 0x0, 0x0, 0x0, 0x0, 0x3,
    0xff, 0xf1, 0x0, 0x0, 0x0, 0x0, 0x0, 0x9f,
    0xff, 0x60, 0x0, 0x0, 0x0, 0x0, 0xe, 0xff,
    0xfb, 0x0, 0x0, 0x0, 0x0, 0x3, 0xff, 0xff,
    0xf0, 0x0, 0x0, 0x0, 0x0, 0x8f, 0xff, 0xff,
    0x50, 0x0, 0x0, 0x0, 0xe, 0xff, 0x7f, 0xfa,
    0x0, 0x0, 0x0, 0x3, 0xff, 0xd1, 0xff, 0xf0,
    0x0, 0x0, 0x0, 0x8f, 0xf9, 0xc, 0xff, 0x50,
    0x0, 0x0, 0xd, 0xff, 0x40, 0x8f, 0xfa, 0x0,
    0x0, 0x3, 0xff, 0xf0, 0x4, 0xff, 0xf0, 0x0,
    0x0, 0x8f, 0xfc, 0x0, 0xf, 0xff, 0x40, 0x0,
    0xd, 0xff, 0xff, 0xff, 0xff, 0xf9, 0x0, 0x3,
    0xff, 0xff, 0xff, 0xff, 0xff, 0xe0, 0x0, 0x8f,
    0xff, 0xdd, 0xdd, 0xdf, 0xff, 0x40, 0xd, 0xff,
    0x90, 0x0, 0x0, 0xdf, 0xf9, 0x2, 0xff, 0xf4,
    0x0, 0x0, 0x8, 0xff, 0xe0, 0x8f, 0xff, 0x0,
    0x0, 0x0, 0x3f, 0xff, 0x30,

    /* U+00C6 "Æ" */
    0x0, 0x0, 0x0, 0xff, 0xff, 0xff, 0xf8, 0x0,
    0x0, 0x5, 0xff, 0xff, 0xff, 0xf8, 0x0, 0x0,
    0xa, 0xff, 0xff, 0xeb, 0xb6, 0x0, 0x0, 0xf,
    0xff, 0xff, 0xa0, 0x0, 0x0, 0x0, 0x5f, 0xfe,
    0xff, 0xa0, 0x0, 0x0, 0x0, 0xaf, 0xf9, 0xff,
    0xa0, 0x0, 0x0, 0x0, 0xff, 0xd7, 0xff, 0xa0,
    0x0, 0x0, 0x4, 0xff, 0x87, 0xff, 0xff, 0xf3,
    0x0, 0xa, 0xff, 0x37, 0xff, 0xff, 0xf3, 0x0,
    0xf, 0xfe, 0x7, 0xff, 0xea, 0xa2, 0x0, 0x4f,
    0xff, 0xde, 0xff, 0xa0, 0x0, 0x0, 0xaf, 0xff,
    0xff, 0xff, 0xa0, 0x0, 0x0, 0xef, 0xff, 0xff,
    0xff, 0xa0, 0x0, 0x4, 0xff, 0xd0, 0x7, 0xff,
    0xa0, 0x0, 0x9, 0xff, 0x80, 0x7, 0xff, 0xea,
    0xa8, 0xe, 0xff, 0x40, 0x7, 0xff, 0xff, 0xfc,
    0x4f, 0xff, 0x0, 0x7, 0xff, 0xff, 0xfc,

    /* U+00C7 "Ç" */
    0x0, 0x0, 0x6c, 0xff, 0xea, 0x40, 0x0, 0x0,
    0xb, 0xff, 0xff, 0xff, 0xf9, 0x0, 0x0, 0xaf,
    0xff, 0xcb, 0xef, 0xff, 0x60, 0x4, 0xff, 0xf5,
    0x0, 0x9, 0xff, 0xe0, 0xa, 0xff, 0xb0, 0x0,
    0x1, 0xff, 0xf3, 0xe, 0xff, 0x70, 0x0, 0x0,
    0x9a, 0xa3, 0xf, 0xff, 0x40, 0x0, 0x0, 0x0,
    0x0, 0x1f, 0xff, 0x40, 0x0, 0x0, 0x0, 0x0,
    0x1f, 0xff, 0x40, 0x0, 0x0, 0x0, 0x0, 0x1f,
    0xff, 0x40, 0x0, 0x0, 0x0, 0x0, 0xf, 0xff,
    0x40, 0x0, 0x0, 0x0, 0x0, 0xe, 0xff, 0x60,
    0x0, 0x0, 0x56, 0x62, 0xa, 0xff, 0xa0, 0x0,
    0x1, 0xff, 0xf4, 0x4, 0xff, 0xf3, 0x0, 0x8,
    0xff, 0xe0, 0x0, 0xbf, 0xff, 0xa9, 0xdf, 0xff,
    0x70, 0x0, 0x1c, 0xff, 0xff, 0xff, 0xf9, 0x0,
    0x0, 0x0, 0x6c, 0xff, 0xea, 0x30, 0x0, 0x0,
    0x0, 0x1, 0xff, 0xc3, 0x0, 0x0, 0x0, 0x0,
    0x1, 0x5d, 0xff, 0x0, 0x0, 0x0, 0x0, 0x0,
    0xb, 0xff, 0x20, 0x0, 0x0, 0x0, 0x0, 0xef,
    0xfc, 0x0, 0x0, 0x0, 0x0, 0x0, 0xed, 0x81,
    0x0, 0x0,

    /* U+00C8 "È" */
    0x0, 0x34, 0x44, 0x0, 0x0, 0x0, 0x0, 0x2,
    0xef, 0xf4, 0x0, 0x0, 0x0, 0x0, 0x3, 0xff,
    0xd0, 0x0, 0x0, 0x0, 0x0, 0x3, 0xff, 0x80,
    0x0, 0x0, 0x0, 0x0, 0x0, 0x0, 0x0, 0x0,
    0x4, 0xff, 0xff, 0xff, 0xff, 0xff, 0xf3, 0x4f,
    0xff, 0xff, 0xff, 0xff, 0xff, 0x34, 0xff, 0xfb,
    0xbb, 0xbb, 0xbb, 0xb2, 0x4f, 0xff, 0x0, 0x0,
    0x0, 0x0, 0x4, 0xff, 0xf0, 0x0, 0x0, 0x0,
    0x0, 0x4f, 0xff, 0x0, 0x0, 0x0, 0x0, 0x4,
    0xff, 0xf0, 0x0, 0x0, 0x0, 0x0, 0x4f, 0xff,
    0xff, 0xff, 0xff, 0xf0, 0x4, 0xff, 0xff, 0xff,
    0xff, 0xff, 0x0, 0x4f, 0xff, 0xaa, 0xaa, 0xaa,
    0xa0, 0x4, 0xff, 0xf0, 0x0, 0x0, 0x0, 0x0,
    0x4f, 0xff, 0x0, 0x0, 0x0, 0x0, 0x4, 0xff,
    0xf0, 0x0, 0x0, 0x0, 0x0, 0x4f, 0xff, 0x0,
    0x0, 0x0, 0x0, 0x4, 0xff, 0xfa, 0xaa, 0xaa,
    0xaa, 0xa2, 0x4f, 0xff, 0xff, 0xff, 0xff, 0xff,
    0x34, 0xff, 0xff, 0xff, 0xff, 0xff, 0xf3,

    /* U+00C9 "É" */
    0x0, 0x0, 0x0, 0x3, 0x44, 0x30, 0x0, 0x0,
    0x0, 0x3, 0xff, 0xf3, 0x0, 0x0, 0x0, 0x0,
    0xdf, 0xf3, 0x0, 0x0, 0x0, 0x0, 0x8f, 0xf3,
    0x0, 0x0, 0x0, 0x0, 0x0, 0x0, 0x0, 0x0,
    0x4, 0xff, 0xff, 0xff, 0xff, 0xff, 0xf3, 0x4f,
    0xff, 0xff, 0xff, 0xff, 0xff, 0x34, 0xff, 0xfb,
    0xbb, 0xbb, 0xbb, 0xb2, 0x4f, 0xff, 0x0, 0x0,
    0x0, 0x0, 0x4, 0xff, 0xf0, 0x0, 0x0, 0x0,
    0x0, 0x4f, 0xff, 0x0, 0x0, 0x0, 0x0, 0x4,
    0xff, 0xf0, 0x0, 0x0, 0x0, 0x0, 0x4f, 0xff,
    0xff, 0xff, 0xff, 0xf0, 0x4, 0xff, 0xff, 0xff,
    0xff, 0xff, 0x0, 0x4f, 0xff, 0xaa, 0xaa, 0xaa,
    0xa0, 0x4, 0xff, 0xf0, 0x0, 0x0, 0x0, 0x0,
    0x4f, 0xff, 0x0, 0x0, 0x0, 0x0, 0x4, 0xff,
    0xf0, 0x0, 0x0, 0x0, 0x0, 0x4f, 0xff, 0x0,
    0x0, 0x0, 0x0, 0x4, 0xff, 0xfa, 0xaa, 0xaa,
    0xaa, 0xa2, 0x4f, 0xff, 0xff, 0xff, 0xff, 0xff,
    0x34, 0xff, 0xff, 0xff, 0xff, 0xff, 0xf3,

    /* U+00CA "Ê" */
    0x0, 0x0, 0x1d, 0xfd, 0x20, 0x0, 0x0, 0x0,
    0x2e, 0xff, 0xfe, 0x30, 0x0, 0x0, 0x3e, 0xfc,
    0x1b, 0xff, 0x40, 0x0, 0x6, 0x87, 0x0, 0x7,
    0x87, 0x0, 0x0, 0x0, 0x0, 0x0, 0x0, 0x0,
    0x4, 0xff, 0xff, 0xff, 0xff, 0xff, 0xf3, 0x4f,
    0xff, 0xff, 0xff, 0xff, 0xff, 0x34, 0xff, 0xfb,
    0xbb, 0xbb, 0xbb, 0xb2, 0x4f, 0xff, 0x0, 0x0,
    0x0, 0x0, 0x4, 0xff, 0xf0, 0x0, 0x0, 0x0,
    0x0, 0x4f, 0xff, 0x0, 0x0, 0x0, 0x0, 0x4,
    0xff, 0xf0, 0x0, 0x0, 0x0, 0x0, 0x4f, 0xff,
    0xff, 0xff, 0xff, 0xf0, 0x4, 0xff, 0xff, 0xff,
    0xff, 0xff, 0x0, 0x4f, 0xff, 0xaa, 0xaa, 0xaa,
    0xa0, 0x4, 0xff, 0xf0, 0x0, 0x0, 0x0, 0x0,
    0x4f, 0xff, 0x0, 0x0, 0x0, 0x0, 0x4, 0xff,
    0xf0, 0x0, 0x0, 0x0, 0x0, 0x4f, 0xff, 0x0,
    0x0, 0x0, 0x0, 0x4, 0xff, 0xfa, 0xaa, 0xaa,
    0xaa, 0xa2, 0x4f, 0xff, 0xff, 0xff, 0xff, 0xff,
    0x34, 0xff, 0xff, 0xff, 0xff, 0xff, 0xf3,

    /* U+00CB "Ë" */
    0x0, 0x6e, 0xa0, 0x0, 0xbe, 0x60, 0x0, 0xe,
    0xff, 0x30, 0x4f, 0xfd, 0x0, 0x0, 0x8f, 0xc0,
    0x0, 0xcf, 0x70, 0x0, 0x0, 0x0, 0x0, 0x0,
    0x0, 0x0, 0x0, 0x0, 0x0, 0x0, 0x0, 0x0,
    0x4, 0xff, 0xff, 0xff, 0xff, 0xff, 0xf3, 0x4f,
    0xff, 0xff, 0xff, 0xff, 0xff, 0x34, 0xff, 0xfb,
    0xbb, 0xbb, 0xbb, 0xb2, 0x4f, 0xff, 0x0, 0x0,
    0x0, 0x0, 0x4, 0xff, 0xf0, 0x0, 0x0, 0x0,
    0x0, 0x4f, 0xff, 0x0, 0x0, 0x0, 0x0, 0x4,
    0xff, 0xf0, 0x0, 0x0, 0x0, 0x0, 0x4f, 0xff,
    0xff, 0xff, 0xff, 0xf0, 0x4, 0xff, 0xff, 0xff,
    0xff, 0xff, 0x0, 0x4f, 0xff, 0xaa, 0xaa, 0xaa,
    0xa0, 0x4, 0xff, 0xf0, 0x0, 0x0, 0x0, 0x0,
    0x4f, 0xff, 0x0, 0x0, 0x0, 0x0, 0x4, 0xff,
    0xf0, 0x0, 0x0, 0x0, 0x0, 0x4f, 0xff, 0x0,
    0x0, 0x0, 0x0, 0x4, 0xff, 0xfa, 0xaa, 0xaa,
    0xaa, 0xa2, 0x4f, 0xff, 0xff, 0xff, 0xff, 0xff,
    0x34, 0xff, 0xff, 0xff, 0xff, 0xff, 0xf3,

    /* U+00CC "Ì" */
    0x4, 0x44, 0x10, 0x0, 0x0, 0x0, 0x8f, 0xfc,
    0x0, 0x0, 0x0, 0x0, 0x9f, 0xf6, 0x0, 0x0,
    0x0, 0x0, 0xaf, 0xf1, 0x0, 0x0, 0x0, 0x0,
    0x0, 0x0, 0x0, 0xb, 0xff, 0xff, 0xff, 0xff,
    0xf2, 0xbf, 0xff, 0xff, 0xff, 0xff, 0x28, 0xbb,
    0xdf, 0xff, 0xbb, 0xb1, 0x0, 0x7, 0xff, 0xc0,
    0x0, 0x0, 0x0, 0x7f, 0xfc, 0x0, 0x0, 0x0,
    0x7, 0xff, 0xc0, 0x0, 0x0, 0x0, 0x7f, 0xfc,
    0x0, 0x0, 0x0, 0x7, 0xff, 0xc0, 0x0, 0x0,
    0x0, 0x7f, 0xfc, 0x0, 0x0, 0x0, 0x7, 0xff,
    0xc0, 0x0, 0x0, 0x0, 0x7f, 0xfc, 0x0, 0x0,
    0x0, 0x7, 0xff, 0xc0, 0x0, 0x0, 0x0, 0x7f,
    0xfc, 0x0, 0x0, 0x0, 0x7, 0xff, 0xc0, 0x0,
    0x7, 0xaa, 0xdf, 0xfe, 0xaa, 0xa1, 0xbf, 0xff,
    0xff, 0xff, 0xff, 0x2b, 0xff, 0xff, 0xff, 0xff,
    0xf2,

    /* U+00CD "Í" */
    0x0, 0x0, 0x1, 0x44, 0x41, 0x0, 0x0, 0x0,
    0xaf, 0xfa, 0x0, 0x0, 0x0, 0x5f, 0xfa, 0x0,
    0x0, 0x0, 0x1e, 0xfa, 0x0, 0x0, 0x0, 0x0,
    0x0, 0x0, 0x0, 0xb, 0xff, 0xff, 0xff, 0xff,
    0xf2, 0xbf, 0xff, 0xff, 0xff, 0xff, 0x28, 0xbb,
    0xdf, 0xff, 0xbb, 0xb1, 0x0, 0x7, 0xff, 0xc0,
    0x0, 0x0, 0x0, 0x7f, 0xfc, 0x0, 0x0, 0x0,
    0x7, 0xff, 0xc0, 0x0, 0x0, 0x0, 0x7f, 0xfc,
    0x0, 0x0, 0x0, 0x7, 0xff, 0xc0, 0x0, 0x0,
    0x0, 0x7f, 0xfc, 0x0, 0x0, 0x0, 0x7, 0xff,
    0xc0, 0x0, 0x0, 0x0, 0x7f, 0xfc, 0x0, 0x0,
    0x0, 0x7, 0xff, 0xc0, 0x0, 0x0, 0x0, 0x7f,
    0xfc, 0x0, 0x0, 0x0, 0x7, 0xff, 0xc0, 0x0,
    0x7, 0xaa, 0xdf, 0xfe, 0xaa, 0xa1, 0xbf, 0xff,
    0xff, 0xff, 0xff, 0x2b, 0xff, 0xff, 0xff, 0xff,
    0xf2,

    /* U+00CE "Î" */
    0x0, 0x8, 0xff, 0x90, 0x0, 0x0, 0x1b, 0xfe,
    0xef, 0xc1, 0x0, 0x2e, 0xfc, 0x11, 0xbf, 0xe3,
    0x0, 0x0, 0x0, 0x0, 0x0, 0x0, 0x0, 0x0,
    0x0, 0x0, 0x0, 0xb, 0xff, 0xff, 0xff, 0xff,
    0xf2, 0xbf, 0xff, 0xff, 0xff, 0xff, 0x28, 0xbb,
    0xdf, 0xff, 0xbb, 0xb1, 0x0, 0x7, 0xff, 0xc0,
    0x0, 0x0, 0x0, 0x7f, 0xfc, 0x0, 0x0, 0x0,
    0x7, 0xff, 0xc0, 0x0, 0x0, 0x0, 0x7f, 0xfc,
    0x0, 0x0, 0x0, 0x7, 0xff, 0xc0, 0x0, 0x0,
    0x0, 0x7f, 0xfc, 0x0, 0x0, 0x0, 0x7, 0xff,
    0xc0, 0x0, 0x0, 0x0, 0x7f, 0xfc, 0x0, 0x0,
    0x0, 0x7, 0xff, 0xc0, 0x0, 0x0, 0x0, 0x7f,
    0xfc, 0x0, 0x0, 0x0, 0x7, 0xff, 0xc0, 0x0,
    0x7, 0xaa, 0xdf, 0xfe, 0xaa, 0xa1, 0xbf, 0xff,
    0xff, 0xff, 0xff, 0x2b, 0xff, 0xff, 0xff, 0xff,
    0xf2,

    /* U+00CF "Ï" */
    0x1c, 0xe4, 0x0, 0x5e, 0xc1, 0x6, 0xff, 0xb0,
    0xc, 0xff, 0x50, 0x2d, 0xf5, 0x0, 0x6f, 0xd1,
    0x0, 0x0, 0x0, 0x0, 0x0, 0x0, 0x0, 0x0,
    0x0, 0x0, 0x0, 0xb, 0xff, 0xff, 0xff, 0xff,
    0xf2, 0xbf, 0xff, 0xff, 0xff, 0xff, 0x28, 0xbb,
    0xdf, 0xff, 0xbb, 0xb1, 0x0, 0x7, 0xff, 0xc0,
    0x0, 0x0, 0x0, 0x7f, 0xfc, 0x0, 0x0, 0x0,
    0x7, 0xff, 0xc0, 0x0, 0x0, 0x0, 0x7f, 0xfc,
    0x0, 0x0, 0x0, 0x7, 0xff, 0xc0, 0x0, 0x0,
    0x0, 0x7f, 0xfc, 0x0, 0x0, 0x0, 0x7, 0xff,
    0xc0, 0x0, 0x0, 0x0, 0x7f, 0xfc, 0x0, 0x0,
    0x0, 0x7, 0xff, 0xc0, 0x0, 0x0, 0x0, 0x7f,
    0xfc, 0x0, 0x0, 0x0, 0x7, 0xff, 0xc0, 0x0,
    0x7, 0xaa, 0xdf, 0xfe, 0xaa, 0xa1, 0xbf, 0xff,
    0xff, 0xff, 0xff, 0x2b, 0xff, 0xff, 0xff, 0xff,
    0xf2,

    /* U+00D0 "Ð" */
    0x0, 0x5f, 0xff, 0xff, 0xea, 0x30, 0x0, 0x0,
    0x5, 0xff, 0xff, 0xff, 0xff, 0xa0, 0x0, 0x0,
    0x5f, 0xff, 0xbb, 0xef, 0xff, 0xb0, 0x0, 0x5,
    0xff, 0xf0, 0x0, 0x8f, 0xff, 0x70, 0x0, 0x5f,
    0xff, 0x0, 0x0, 0xaf, 0xfe, 0x0, 0x5, 0xff,
    0xf0, 0x0, 0x2, 0xff, 0xf3, 0x0, 0x5f, 0xff,
    0x0, 0x0, 0xe, 0xff, 0x78, 0xff, 0xff, 0xff,
    0xfa, 0x0, 0xdf, 0xf8, 0x8f, 0xff, 0xff, 0xff,
    0xa0, 0xd, 0xff, 0x81, 0x27, 0xff, 0xf2, 0x21,
    0x0, 0xdf, 0xf8, 0x0, 0x5f, 0xff, 0x0, 0x0,
    0xe, 0xff, 0x70, 0x5, 0xff, 0xf0, 0x0, 0x2,
    0xff, 0xf4, 0x0, 0x5f, 0xff, 0x0, 0x0, 0x9f,
    0xfe, 0x0, 0x5, 0xff, 0xf0, 0x0, 0x6f, 0xff,
    0x70, 0x0, 0x5f, 0xff, 0xab, 0xef, 0xff, 0xc0,
    0x0, 0x5, 0xff, 0xff, 0xff, 0xff, 0xb0, 0x0,
    0x0, 0x5f, 0xff, 0xff, 0xea, 0x40, 0x0, 0x0,

    /* U+00D1 "Ñ" */
    0x0, 0x0, 0x10, 0x0, 0x1, 0x0, 0x0, 0x2d,
    0xfd, 0x72, 0x8f, 0x60, 0x0, 0xcf, 0xff, 0xff,
    0xff, 0x20, 0x0, 0xec, 0x3, 0xaf, 0xe5, 0x0,
    0x0, 0x0, 0x0, 0x0, 0x0, 0x0, 0x0, 0x0,
    0x0, 0x0, 0x0, 0x0, 0x9f, 0xfe, 0x0, 0x0,
    0x8f, 0xfc, 0x9f, 0xff, 0x60, 0x0, 0x8f, 0xfc,
    0x9f, 0xff, 0xd0, 0x0, 0x8f, 0xfc, 0x9f, 0xff,
    0xf4, 0x0, 0x8f, 0xfc, 0x9f, 0xff, 0xfb, 0x0,
    0x8f, 0xfc, 0x9f, 0xff, 0xff, 0x20, 0x8f, 0xfc,
    0x9f, 0xfd, 0xff, 0x90, 0x8f, 0xfc, 0x9f, 0xfc,
    0x9f, 0xf0, 0x8f, 0xfc, 0x9f, 0xfc, 0x2f, 0xf6,
    0x8f, 0xfc, 0x9f, 0xfc, 0xb, 0xfd, 0x8f, 0xfc,
    0x9f, 0xfc, 0x4, 0xff, 0xdf, 0xfc, 0x9f, 0xfc,
    0x0, 0xdf, 0xff, 0xfc, 0x9f, 0xfc, 0x0, 0x7f,
    0xff, 0xfc, 0x9f, 0xfc, 0x0, 0xf, 0xff, 0xfc,
    0x9f, 0xfc, 0x0, 0x9, 0xff, 0xfc, 0x9f, 0xfc,
    0x0, 0x2, 0xff, 0xfc, 0x9f, 0xfc, 0x0, 0x0,
    0xbf, 0xfc,

    /* U+00D2 "Ò" */
    0x0, 0xa, 0xff, 0xc0, 0x0, 0x0, 0x0, 0x0,
    0x0, 0xbf, 0xf6, 0x0, 0x0, 0x0, 0x0, 0x0,
    0xb, 0xff, 0x10, 0x0, 0x0, 0x0, 0x0, 0x0,
    0x44, 0x20, 0x0, 0x0, 0x0, 0x0, 0x0, 0x0,
    0x0, 0x0, 0x0, 0x0, 0x0, 0x7c, 0xff, 0xd8,
    0x10, 0x0, 0x0, 0x1c, 0xff, 0xff, 0xff, 0xe3,
    0x0, 0x0, 0xbf, 0xff, 0xdc, 0xff, 0xff, 0x20,
    0x4, 0xff, 0xf5, 0x0, 0x2e, 0xff, 0xa0, 0xa,
    0xff, 0xb0, 0x0, 0x6, 0xff, 0xf0, 0xe, 0xff,
    0x60, 0x0, 0x1, 0xff, 0xf4, 0xf, 0xff, 0x50,
    0x0, 0x0, 0xef, 0xf6, 0xf, 0xff, 0x40, 0x0,
    0x0, 0xef, 0xf6, 0x1f, 0xff, 0x40, 0x0, 0x0,
    0xef, 0xf7, 0x1f, 0xff, 0x40, 0x0, 0x0, 0xef,
    0xf6, 0xf, 0xff, 0x50, 0x0, 0x0, 0xef, 0xf6,
    0xe, 0xff, 0x60, 0x0, 0x1, 0xff, 0xf4, 0xa,
    0xff, 0xb0, 0x0, 0x6, 0xff, 0xf0, 0x5, 0xff,
    0xf4, 0x0, 0x2e, 0xff, 0xa0, 0x0, 0xbf, 0xff,
    0xcc, 0xff, 0xff, 0x20, 0x0, 0x1d, 0xff, 0xff,
    0xff, 0xe3, 0x0, 0x0, 0x0, 0x7c, 0xff, 0xd8,
    0x10, 0x0,

    /* U+00D3 "Ó" */
    0x0, 0x0, 0x0, 0x4, 0xff, 0xe3, 0x0, 0x0,
    0x0, 0x0, 0x1e, 0xfe, 0x30, 0x0, 0x0, 0x0,
    0x0, 0xaf, 0xf3, 0x0, 0x0, 0x0, 0x0, 0x0,
    0x44, 0x20, 0x0, 0x0, 0x0, 0x0, 0x0, 0x0,
    0x0, 0x0, 0x0, 0x0, 0x0, 0x7c, 0xff, 0xd8,
    0x10, 0x0, 0x0, 0x1c, 0xff, 0xff, 0xff, 0xe3,
    0x0, 0x0, 0xbf, 0xff, 0xdc, 0xff, 0xff, 0x20,
    0x4, 0xff, 0xf5, 0x0, 0x2e, 0xff, 0xa0, 0xa,
    0xff, 0xb0, 0x0, 0x6, 0xff, 0xf0, 0xe, 0xff,
    0x60, 0x0, 0x1, 0xff, 0xf4, 0xf, 0xff, 0x50,
    0x0, 0x0, 0xef, 0xf6, 0xf, 0xff, 0x40, 0x0,
    0x0, 0xef, 0xf6, 0x1f, 0xff, 0x40, 0x0, 0x0,
    0xef, 0xf7, 0x1f, 0xff, 0x40, 0x0, 0x0, 0xef,
    0xf6, 0xf, 0xff, 0x50, 0x0, 0x0, 0xef, 0xf6,
    0xe, 0xff, 0x60, 0x0, 0x1, 0xff, 0xf4, 0xa,
    0xff, 0xb0, 0x0, 0x6, 0xff, 0xf0, 0x5, 0xff,
    0xf4, 0x0, 0x2e, 0xff, 0xa0, 0x0, 0xbf, 0xff,
    0xcc, 0xff, 0xff, 0x20, 0x0, 0x1d, 0xff, 0xff,
    0xff, 0xe3, 0x0, 0x0, 0x0, 0x7c, 0xff, 0xd8,
    0x10, 0x0,

    /* U+00D4 "Ô" */
    0x0, 0x0, 0x0, 0x78, 0x30, 0x0, 0x0, 0x0,
    0x0, 0x2d, 0xff, 0xf7, 0x0, 0x0, 0x0, 0x5,
    0xff, 0xa5, 0xff, 0xa0, 0x0, 0x0, 0x7, 0x85,
    0x0, 0x28, 0x84, 0x0, 0x0, 0x0, 0x0, 0x0,
    0x0, 0x0, 0x0, 0x0, 0x0, 0x0, 0x0, 0x0,
    0x0, 0x0, 0x0, 0x0, 0x7c, 0xff, 0xd8, 0x10,
    0x0, 0x0, 0x1c, 0xff, 0xff, 0xff, 0xe3, 0x0,
    0x0, 0xbf, 0xff, 0xdc, 0xff, 0xff, 0x20, 0x4,
    0xff, 0xf5, 0x0, 0x2e, 0xff, 0xa0, 0xa, 0xff,
    0xb0, 0x0, 0x6, 0xff, 0xf0, 0xe, 0xff, 0x60,
    0x0, 0x1, 0xff, 0xf4, 0xf, 0xff, 0x50, 0x0,
    0x0, 0xef, 0xf6, 0xf, 0xff, 0x40, 0x0, 0x0,
    0xef, 0xf6, 0x1f, 0xff, 0x40, 0x0, 0x0, 0xef,
    0xf7, 0x1f, 0xff, 0x40, 0x0, 0x0, 0xef, 0xf6,
    0xf, 0xff, 0x50, 0x0, 0x0, 0xef, 0xf6, 0xe,
    0xff, 0x60, 0x0, 0x1, 0xff, 0xf4, 0xa, 0xff,
    0xb0, 0x0, 0x6, 0xff, 0xf0, 0x5, 0xff, 0xf4,
    0x0, 0x2e, 0xff, 0xa0, 0x0, 0xbf, 0xff, 0xcc,
    0xff, 0xff, 0x20, 0x0, 0x1d, 0xff, 0xff, 0xff,
    0xe3, 0x0, 0x0, 0x0, 0x7c, 0xff, 0xd8, 0x10,
    0x0,

    /* U+00D5 "Õ" */
    0x0, 0x0, 0x0, 0x0, 0x0, 0x0, 0x0, 0x0,
    0x1, 0xbf, 0xc5, 0x6, 0xf5, 0x0, 0x0, 0xb,
    0xff, 0xff, 0xff, 0xf2, 0x0, 0x0, 0xf, 0xd2,
    0x4b, 0xff, 0x60, 0x0, 0x0, 0x0, 0x20, 0x0,
    0x0, 0x0, 0x0, 0x0, 0x0, 0x0, 0x0, 0x0,
    0x0, 0x0, 0x0, 0x0, 0x0, 0x0, 0x0, 0x0,
    0x0, 0x0, 0x0, 0x7c, 0xff, 0xd8, 0x10, 0x0,
    0x0, 0x1c, 0xff, 0xff, 0xff, 0xe3, 0x0, 0x0,
    0xbf, 0xff, 0xdc, 0xff, 0xff, 0x20, 0x4, 0xff,
    0xf5, 0x0, 0x2e, 0xff, 0xa0, 0xa, 0xff, 0xb0,
    0x0, 0x6, 0xff, 0xf0, 0xe, 0xff, 0x60, 0x0,
    0x1, 0xff, 0xf4, 0xf, 0xff, 0x50, 0x0, 0x0,
    0xef, 0xf6, 0xf, 0xff, 0x40, 0x0, 0x0, 0xef,
    0xf6, 0x1f, 0xff, 0x40, 0x0, 0x0, 0xef, 0xf7,
    0x1f, 0xff, 0x40, 0x0, 0x0, 0xef, 0xf6, 0xf,
    0xff, 0x50, 0x0, 0x0, 0xef, 0xf6, 0xe, 0xff,
    0x60, 0x0, 0x1, 0xff, 0xf4, 0xa, 0xff, 0xb0,
    0x0, 0x6, 0xff, 0xf0, 0x5, 0xff, 0xf4, 0x0,
    0x2e, 0xff, 0xa0, 0x0, 0xbf, 0xff, 0xcc, 0xff,
    0xff, 0x20, 0x0, 0x1d, 0xff, 0xff, 0xff, 0xe3,
    0x0, 0x0, 0x0, 0x7c, 0xff, 0xd8, 0x10, 0x0,

    /* U+00D6 "Ö" */
    0x0, 0xb, 0xf7, 0x0, 0x3e, 0xe3, 0x0, 0x0,
    0x3f, 0xfe, 0x0, 0x9f, 0xf8, 0x0, 0x0, 0xa,
    0xe6, 0x0, 0x3d, 0xd2, 0x0, 0x0, 0x0, 0x0,
    0x0, 0x0, 0x0, 0x0, 0x0, 0x0, 0x0, 0x0,
    0x0, 0x0, 0x0, 0x0, 0x0, 0x7c, 0xff, 0xd8,
    0x10, 0x0, 0x0, 0x1c, 0xff, 0xff, 0xff, 0xe3,
    0x0, 0x0, 0xbf, 0xff, 0xdc, 0xff, 0xff, 0x20,
    0x4, 0xff, 0xf5, 0x0, 0x2e, 0xff, 0xa0, 0xa,
    0xff, 0xb0, 0x0, 0x6, 0xff, 0xf0, 0xe, 0xff,
    0x60, 0x0, 0x1, 0xff, 0xf4, 0xf, 0xff, 0x50,
    0x0, 0x0, 0xef, 0xf6, 0xf, 0xff, 0x40, 0x0,
    0x0, 0xef, 0xf6, 0x1f, 0xff, 0x40, 0x0, 0x0,
    0xef, 0xf7, 0x1f, 0xff, 0x40, 0x0, 0x0, 0xef,
    0xf6, 0xf, 0xff, 0x50, 0x0, 0x0, 0xef, 0xf6,
    0xe, 0xff, 0x60, 0x0, 0x1, 0xff, 0xf4, 0xa,
    0xff, 0xb0, 0x0, 0x6, 0xff, 0xf0, 0x5, 0xff,
    0xf4, 0x0, 0x2e, 0xff, 0xa0, 0x0, 0xbf, 0xff,
    0xcc, 0xff, 0xff, 0x20, 0x0, 0x1d, 0xff, 0xff,
    0xff, 0xe3, 0x0, 0x0, 0x0, 0x7c, 0xff, 0xd8,
    0x10, 0x0,

    /* U+00D7 "×" */
    0x0, 0x62, 0x0, 0x0, 0x4, 0x30, 0x7, 0xfd,
    0x10, 0x0, 0x4f, 0xf3, 0xc, 0xff, 0xd1, 0x4,
    0xff, 0xf9, 0x1, 0xdf, 0xfd, 0x5f, 0xff, 0xa0,
    0x0, 0x1d, 0xff, 0xff, 0xfa, 0x0, 0x0, 0x1,
    0xdf, 0xff, 0xa0, 0x0, 0x0, 0x2, 0xef, 0xff,
    0xc0, 0x0, 0x0, 0x2e, 0xff, 0xff, 0xfc, 0x0,
    0x2, 0xef, 0xfb, 0x2e, 0xff, 0xc0, 0xd, 0xff,
    0xc0, 0x2, 0xef, 0xfa, 0x4, 0xfc, 0x0, 0x0,
    0x2e, 0xe2, 0x0, 0x40, 0x0, 0x0, 0x2, 0x20,

    /* U+00D8 "Ø" */
    0x0, 0x0, 0x0, 0x0, 0x0, 0xe, 0xf2, 0x0,
    0x0, 0x6c, 0xff, 0xd8, 0x7f, 0xa0, 0x0, 0x1c,
    0xff, 0xff, 0xff, 0xff, 0x30, 0x0, 0xbf, 0xff,
    0xdc, 0xff, 0xff, 0x20, 0x4, 0xff, 0xf6, 0x0,
    0x3f, 0xff, 0xa0, 0xa, 0xff, 0xc0, 0x0, 0x9f,
    0xff, 0xf1, 0xd, 0xff, 0x70, 0x3, 0xfe, 0xff,
    0xf5, 0xf, 0xff, 0x60, 0xc, 0xf5, 0xef, 0xf7,
    0xf, 0xff, 0x50, 0x6f, 0xc0, 0xdf, 0xf7, 0xf,
    0xff, 0x51, 0xef, 0x20, 0xdf, 0xf8, 0xf, 0xff,
    0x59, 0xf9, 0x0, 0xdf, 0xf8, 0xf, 0xff, 0x8f,
    0xe0, 0x0, 0xef, 0xf7, 0xd, 0xff, 0xff, 0x60,
    0x0, 0xff, 0xf5, 0x9, 0xff, 0xfc, 0x0, 0x5,
    0xff, 0xf1, 0x3, 0xff, 0xf7, 0x0, 0x2e, 0xff,
    0xb0, 0x0, 0xcf, 0xff, 0xdc, 0xff, 0xff, 0x20,
    0x1, 0xff, 0xff, 0xff, 0xff, 0xf4, 0x0, 0x9,
    0xf8, 0x6c, 0xff, 0xd9, 0x20, 0x0, 0x2f, 0xe0,
    0x0, 0x0, 0x0, 0x0, 0x0,

    /* U+00D9 "Ù" */
    0x0, 0x9f, 0xfd, 0x0, 0x0, 0x0, 0x0, 0x9,
    0xff, 0x70, 0x0, 0x0, 0x0, 0x0, 0xaf, 0xf2,
    0x0, 0x0, 0x0, 0x0, 0x4, 0x42, 0x0, 0x0,
    0x0, 0x0, 0x0, 0x0, 0x0, 0x0, 0x8f, 0xfc,
    0x0, 0x0, 0x5f, 0xfe, 0x8f, 0xfc, 0x0, 0x0,
    0x5f, 0xfe, 0x8f, 0xfc, 0x0, 0x0, 0x5f, 0xfe,
    0x8f, 0xfc, 0x0, 0x0, 0x5f, 0xfe, 0x8f, 0xfc,
    0x0, 0x0, 0x5f, 0xfe, 0x8f, 0xfc, 0x0, 0x0,
    0x5f, 0xfe, 0x8f, 0xfc, 0x0, 0x0, 0x6f, 0xfe,
    0x8f, 0xfc, 0x0, 0x0, 0x6f, 0xfe, 0x8f, 0xfc,
    0x0, 0x0, 0x6f, 0xfe, 0x8f, 0xfc, 0x0, 0x0,
    0x6f, 0xfe, 0x8f, 0xfc, 0x0, 0x0, 0x6f, 0xfe,
    0x8f, 0xfd, 0x0, 0x0, 0x6f, 0xfe, 0x6f, 0xff,
    0x0, 0x0, 0x9f, 0xfc, 0x2f, 0xff, 0x60, 0x2,
    0xff, 0xf8, 0xb, 0xff, 0xfc, 0xbf, 0xff, 0xf2,
    0x1, 0xdf, 0xff, 0xff, 0xff, 0x50, 0x0, 0x7,
    0xcf, 0xfe, 0x92, 0x0,

    /* U+00DA "Ú" */
    0x0, 0x0, 0x0, 0x3f, 0xff, 0x40, 0x0, 0x0,
    0x0, 0xdf, 0xf4, 0x0, 0x0, 0x0, 0x8, 0xff,
    0x40, 0x0, 0x0, 0x0, 0x4, 0x42, 0x0, 0x0,
    0x0, 0x0, 0x0, 0x0, 0x0, 0x0, 0x8f, 0xfc,
    0x0, 0x0, 0x5f, 0xfe, 0x8f, 0xfc, 0x0, 0x0,
    0x5f, 0xfe, 0x8f, 0xfc, 0x0, 0x0, 0x5f, 0xfe,
    0x8f, 0xfc, 0x0, 0x0, 0x5f, 0xfe, 0x8f, 0xfc,
    0x0, 0x0, 0x5f, 0xfe, 0x8f, 0xfc, 0x0, 0x0,
    0x5f, 0xfe, 0x8f, 0xfc, 0x0, 0x0, 0x6f, 0xfe,
    0x8f, 0xfc, 0x0, 0x0, 0x6f, 0xfe, 0x8f, 0xfc,
    0x0, 0x0, 0x6f, 0xfe, 0x8f, 0xfc, 0x0, 0x0,
    0x6f, 0xfe, 0x8f, 0xfc, 0x0, 0x0, 0x6f, 0xfe,
    0x8f, 0xfd, 0x0, 0x0, 0x6f, 0xfe, 0x6f, 0xff,
    0x0, 0x0, 0x9f, 0xfc, 0x2f, 0xff, 0x60, 0x2,
    0xff, 0xf8, 0xb, 0xff, 0xfc, 0xbf, 0xff, 0xf2,
    0x1, 0xdf, 0xff, 0xff, 0xff, 0x50, 0x0, 0x7,
    0xcf, 0xfe, 0x92, 0x0,

    /* U+00DB "Û" */
    0x0, 0x0, 0x5f, 0xfc, 0x10, 0x0, 0x0, 0x8,
    0xff, 0xcf, 0xe4, 0x0, 0x0, 0xbf, 0xe3, 0x8,
    0xff, 0x60, 0x0, 0x0, 0x0, 0x0, 0x0, 0x0,
    0x0, 0x0, 0x0, 0x0, 0x0, 0x0, 0x8f, 0xfc,
    0x0, 0x0, 0x5f, 0xfe, 0x8f, 0xfc, 0x0, 0x0,
    0x5f, 0xfe, 0x8f, 0xfc, 0x0, 0x0, 0x5f, 0xfe,
    0x8f, 0xfc, 0x0, 0x0, 0x5f, 0xfe, 0x8f, 0xfc,
    0x0, 0x0, 0x5f, 0xfe, 0x8f, 0xfc, 0x0, 0x0,
    0x5f, 0xfe, 0x8f, 0xfc, 0x0, 0x0, 0x6f, 0xfe,
    0x8f, 0xfc, 0x0, 0x0, 0x6f, 0xfe, 0x8f, 0xfc,
    0x0, 0x0, 0x6f, 0xfe, 0x8f, 0xfc, 0x0, 0x0,
    0x6f, 0xfe, 0x8f, 0xfc, 0x0, 0x0, 0x6f, 0xfe,
    0x8f, 0xfd, 0x0, 0x0, 0x6f, 0xfe, 0x6f, 0xff,
    0x0, 0x0, 0x9f, 0xfc, 0x2f, 0xff, 0x60, 0x2,
    0xff, 0xf8, 0xb, 0xff, 0xfc, 0xbf, 0xff, 0xf2,
    0x1, 0xdf, 0xff, 0xff, 0xff, 0x50, 0x0, 0x7,
    0xcf, 0xfe, 0x92, 0x0,

    /* U+00DC "Ü" */
    0x0, 0x9e, 0x80, 0x2, 0xdd, 0x30, 0x1, 0xff,
    0xf0, 0x7, 0xff, 0x90, 0x0, 0xaf, 0x90, 0x2,
    0xee, 0x40, 0x0, 0x0, 0x0, 0x0, 0x0, 0x0,
    0x0, 0x0, 0x0, 0x0, 0x0, 0x0, 0x8f, 0xfc,
    0x0, 0x0, 0x5f, 0xfe, 0x8f, 0xfc, 0x0, 0x0,
    0x5f, 0xfe, 0x8f, 0xfc, 0x0, 0x0, 0x5f, 0xfe,
    0x8f, 0xfc, 0x0, 0x0, 0x5f, 0xfe, 0x8f, 0xfc,
    0x0, 0x0, 0x5f, 0xfe, 0x8f, 0xfc, 0x0, 0x0,
    0x5f, 0xfe, 0x8f, 0xfc, 0x0, 0x0, 0x6f, 0xfe,
    0x8f, 0xfc, 0x0, 0x0, 0x6f, 0xfe, 0x8f, 0xfc,
    0x0, 0x0, 0x6f, 0xfe, 0x8f, 0xfc, 0x0, 0x0,
    0x6f, 0xfe, 0x8f, 0xfc, 0x0, 0x0, 0x6f, 0xfe,
    0x8f, 0xfd, 0x0, 0x0, 0x6f, 0xfe, 0x6f, 0xff,
    0x0, 0x0, 0x9f, 0xfc, 0x2f, 0xff, 0x60, 0x2,
    0xff, 0xf8, 0xb, 0xff, 0xfc, 0xbf, 0xff, 0xf2,
    0x1, 0xdf, 0xff, 0xff, 0xff, 0x50, 0x0, 0x7,
    0xcf, 0xfe, 0x92, 0x0,

    /* U+00DD "Ý" */
    0x0, 0x0, 0x0, 0x0, 0x44, 0x42, 0x0, 0x0,
    0x0, 0x0, 0x0, 0x5f, 0xfd, 0x10, 0x0, 0x0,
    0x0, 0x0, 0x1e, 0xfd, 0x10, 0x0, 0x0, 0x0,
    0x0, 0xa, 0xfe, 0x20, 0x0, 0x0, 0x0, 0x0,
    0x0, 0x0, 0x0, 0x0, 0x0, 0x5, 0xff, 0xf3,
    0x0, 0x0, 0x7, 0xff, 0xf1, 0xd, 0xff, 0xa0,
    0x0, 0x0, 0xef, 0xf9, 0x0, 0x6f, 0xff, 0x10,
    0x0, 0x5f, 0xff, 0x20, 0x0, 0xef, 0xf7, 0x0,
    0xc, 0xff, 0xa0, 0x0, 0x7, 0xff, 0xe0, 0x3,
    0xff, 0xf2, 0x0, 0x0, 0xe, 0xff, 0x50, 0x9f,
    0xfb, 0x0, 0x0, 0x0, 0x7f, 0xfc, 0x1f, 0xff,
    0x30, 0x0, 0x0, 0x0, 0xff, 0xfa, 0xff, 0xb0,
    0x0, 0x0, 0x0, 0x8, 0xff, 0xff, 0xf3, 0x0,
    0x0, 0x0, 0x0, 0x1f, 0xff, 0xfc, 0x0, 0x0,
    0x0, 0x0, 0x0, 0x8f, 0xff, 0x40, 0x0, 0x0,
    0x0, 0x0, 0x5, 0xff, 0xf0, 0x0, 0x0, 0x0,
    0x0, 0x0, 0x5f, 0xff, 0x0, 0x0, 0x0, 0x0,
    0x0, 0x5, 0xff, 0xf0, 0x0, 0x0, 0x0, 0x0,
    0x0, 0x5f, 0xff, 0x0, 0x0, 0x0, 0x0, 0x0,
    0x5, 0xff, 0xf0, 0x0, 0x0, 0x0, 0x0, 0x0,
    0x5f, 0xff, 0x0, 0x0, 0x0,

    /* U+00DE "Þ" */
    0x6f, 0xfd, 0x0, 0x0, 0x0, 0x0, 0x6, 0xff,
    0xd0, 0x0, 0x0, 0x0, 0x0, 0x6f, 0xfd, 0x0,
    0x0, 0x0, 0x0, 0x6, 0xff, 0xff, 0xff, 0xfc,
    0x71, 0x0, 0x6f, 0xff, 0xff, 0xff, 0xff, 0xe3,
    0x6, 0xff, 0xfa, 0xaa, 0xcf, 0xff, 0xe1, 0x6f,
    0xfd, 0x0, 0x0, 0x4f, 0xff, 0x76, 0xff, 0xd0,
    0x0, 0x0, 0xaf, 0xfb, 0x6f, 0xfd, 0x0, 0x0,
    0x8, 0xff, 0xc6, 0xff, 0xd0, 0x0, 0x0, 0xcf,
    0xfa, 0x6f, 0xfd, 0x0, 0x1, 0x9f, 0xff, 0x56,
    0xff, 0xff, 0xff, 0xff, 0xff, 0xb0, 0x6f, 0xff,
    0xff, 0xff, 0xff, 0x90, 0x6, 0xff, 0xfa, 0xaa,
    0x96, 0x20, 0x0, 0x6f, 0xfd, 0x0, 0x0, 0x0,
    0x0, 0x6, 0xff, 0xd0, 0x0, 0x0, 0x0, 0x0,
    0x6f, 0xfd, 0x0, 0x0, 0x0, 0x0, 0x0,

    /* U+00DF "ß" */
    0x0, 0x5, 0xbf, 0xfe, 0x91, 0x0, 0x0, 0x9,
    0xff, 0xff, 0xff, 0xe2, 0x0, 0x5, 0xff, 0xfc,
    0xbf, 0xff, 0xa0, 0x0, 0xcf, 0xfa, 0x0, 0x7f,
    0xff, 0x0, 0xf, 0xff, 0x40, 0x3, 0xff, 0xf0,
    0x1, 0xff, 0xf2, 0x0, 0x7f, 0xfc, 0x0, 0x1f,
    0xff, 0x20, 0xe, 0xff, 0x50, 0x1, 0xff, 0xf2,
    0x6, 0xff, 0xd0, 0x0, 0x1f, 0xff, 0x20, 0x8f,
    0xfc, 0x0, 0x1, 0xff, 0xf2, 0x5, 0xff, 0xf4,
    0x0, 0x1f, 0xff, 0x20, 0xd, 0xff, 0xf3, 0x1,
    0xff, 0xf2, 0x0, 0x1d, 0xff, 0xe1, 0x1f, 0xff,
    0x20, 0x0, 0x1e, 0xff, 0x91, 0xff, 0xf2, 0x0,
    0x0, 0x7f, 0xfd, 0x1f, 0xff, 0x21, 0x0, 0x9,
    0xff, 0xc1, 0xff, 0xf2, 0xad, 0xab, 0xff, 0xf8,
    0x1f, 0xff, 0x2e, 0xff, 0xff, 0xfe, 0x11, 0xff,
    0xf3, 0xbe, 0xff, 0xe9, 0x10,

    /* U+00E0 "à" */
    0x1, 0xdf, 0xf8, 0x0, 0x0, 0x0, 0x0, 0x1d,
    0xff, 0x30, 0x0, 0x0, 0x0, 0x1, 0xef, 0xc0,
    0x0, 0x0, 0x0, 0x0, 0x14, 0x41, 0x0, 0x0,
    0x0, 0x0, 0x0, 0x0, 0x0, 0x0, 0x0, 0x29,
    0xdf, 0xfd, 0x92, 0x0, 0x5, 0xff, 0xff, 0xff,
    0xff, 0x40, 0x1f, 0xff, 0xc7, 0x8e, 0xff, 0xe0,
    0x5f, 0xfe, 0x0, 0x1, 0xff, 0xf4, 0x0, 0x0,
    0x0, 0x0, 0xef, 0xf5, 0x0, 0x39, 0xdf, 0xff,
    0xff, 0xf6, 0x9, 0xff, 0xff, 0xff, 0xff, 0xf6,
    0x4f, 0xff, 0x71, 0x0, 0xef, 0xf6, 0x9f, 0xfb,
    0x0, 0x0, 0xef, 0xf6, 0xaf, 0xfa, 0x0, 0x1,
    0xff, 0xf6, 0x6f, 0xff, 0x85, 0x7e, 0xff, 0xf6,
    0xc, 0xff, 0xff, 0xff, 0xff, 0xf7, 0x0, 0x8d,
    0xff, 0xc5, 0x9f, 0xfc,

    /* U+00E1 "á" */
    0x0, 0x0, 0x0, 0x8f, 0xfd, 0x10, 0x0, 0x0,
    0x3, 0xff, 0xd1, 0x0, 0x0, 0x0, 0xd, 0xfd,
    0x10, 0x0, 0x0, 0x0, 0x14, 0x41, 0x0, 0x0,
    0x0, 0x0, 0x0, 0x0, 0x0, 0x0, 0x0, 0x29,
    0xdf, 0xfd, 0x92, 0x0, 0x5, 0xff, 0xff, 0xff,
    0xff, 0x40, 0x1f, 0xff, 0xc7, 0x8e, 0xff, 0xe0,
    0x5f, 0xfe, 0x0, 0x1, 0xff, 0xf4, 0x0, 0x0,
    0x0, 0x0, 0xef, 0xf5, 0x0, 0x39, 0xdf, 0xff,
    0xff, 0xf6, 0x9, 0xff, 0xff, 0xff, 0xff, 0xf6,
    0x4f, 0xff, 0x71, 0x0, 0xef, 0xf6, 0x9f, 0xfb,
    0x0, 0x0, 0xef, 0xf6, 0xaf, 0xfa, 0x0, 0x1,
    0xff, 0xf6, 0x6f, 0xff, 0x85, 0x7e, 0xff, 0xf6,
    0xc, 0xff, 0xff, 0xff, 0xff, 0xf7, 0x0, 0x8d,
    0xff, 0xc5, 0x9f, 0xfc,

    /* U+00E2 "â" */
    0x0, 0x0, 0x9f, 0xf8, 0x0, 0x0, 0x0, 0x1b,
    0xfe, 0xef, 0xb1, 0x0, 0x2, 0xef, 0xc1, 0x1c,
    0xfe, 0x20, 0x0, 0x11, 0x0, 0x0, 0x11, 0x0,
    0x0, 0x0, 0x0, 0x0, 0x0, 0x0, 0x0, 0x29,
    0xdf, 0xfd, 0x92, 0x0, 0x5, 0xff, 0xff, 0xff,
    0xff, 0x40, 0x1f, 0xff, 0xc7, 0x8e, 0xff, 0xe0,
    0x5f, 0xfe, 0x0, 0x1, 0xff, 0xf4, 0x0, 0x0,
    0x0, 0x0, 0xef, 0xf5, 0x0, 0x39, 0xdf, 0xff,
    0xff, 0xf6, 0x9, 0xff, 0xff, 0xff, 0xff, 0xf6,
    0x4f, 0xff, 0x71, 0x0, 0xef, 0xf6, 0x9f, 0xfb,
    0x0, 0x0, 0xef, 0xf6, 0xaf, 0xfa, 0x0, 0x1,
    0xff, 0xf6, 0x6f, 0xff, 0x85, 0x7e, 0xff, 0xf6,
    0xc, 0xff, 0xff, 0xff, 0xff, 0xf7, 0x0, 0x8d,
    0xff, 0xc5, 0x9f, 0xfc,

    /* U+00E3 "ã" */
    0x0, 0x0, 0x0, 0x0, 0x0, 0x0, 0x0, 0x3d,
    0xfb, 0x40, 0xae, 0x20, 0x0, 0xef, 0xff, 0xff,
    0xfe, 0x0, 0x3, 0xfa, 0x16, 0xdf, 0xe4, 0x0,
    0x0, 0x1, 0x0, 0x1, 0x0, 0x0, 0x0, 0x0,
    0x0, 0x0, 0x0, 0x0, 0x0, 0x29, 0xdf, 0xfd,
    0x92, 0x0, 0x5, 0xff, 0xff, 0xff, 0xff, 0x40,
    0x1f, 0xff, 0xc7, 0x8e, 0xff, 0xe0, 0x5f, 0xfe,
    0x0, 0x1, 0xff, 0xf4, 0x0, 0x0, 0x0, 0x0,
    0xef, 0xf5, 0x0, 0x39, 0xdf, 0xff, 0xff, 0xf6,
    0x9, 0xff, 0xff, 0xff, 0xff, 0xf6, 0x4f, 0xff,
    0x71, 0x0, 0xef, 0xf6, 0x9f, 0xfb, 0x0, 0x0,
    0xef, 0xf6, 0xaf, 0xfa, 0x0, 0x1, 0xff, 0xf6,
    0x6f, 0xff, 0x85, 0x7e, 0xff, 0xf6, 0xc, 0xff,
    0xff, 0xff, 0xff, 0xf7, 0x0, 0x8d, 0xff, 0xc5,
    0x9f, 0xfc,

    /* U+00E4 "ä" */
    0x2, 0xde, 0x40, 0x6, 0xfc, 0x10, 0x7, 0xff,
    0xa0, 0xd, 0xff, 0x40, 0x1, 0xce, 0x40, 0x6,
    0xeb, 0x0, 0x0, 0x0, 0x0, 0x0, 0x0, 0x0,
    0x0, 0x0, 0x0, 0x0, 0x0, 0x0, 0x0, 0x29,
    0xdf, 0xfd, 0x92, 0x0, 0x5, 0xff, 0xff, 0xff,
    0xff, 0x40, 0x1f, 0xff, 0xc7, 0x8e, 0xff, 0xe0,
    0x5f, 0xfe, 0x0, 0x1, 0xff, 0xf4, 0x0, 0x0,
    0x0, 0x0, 0xef, 0xf5, 0x0, 0x39, 0xdf, 0xff,
    0xff, 0xf6, 0x9, 0xff, 0xff, 0xff, 0xff, 0xf6,
    0x4f, 0xff, 0x71, 0x0, 0xef, 0xf6, 0x9f, 0xfb,
    0x0, 0x0, 0xef, 0xf6, 0xaf, 0xfa, 0x0, 0x1,
    0xff, 0xf6, 0x6f, 0xff, 0x85, 0x7e, 0xff, 0xf6,
    0xc, 0xff, 0xff, 0xff, 0xff, 0xf7, 0x0, 0x8d,
    0xff, 0xc5, 0x9f, 0xfc,

    /* U+00E5 "å" */
    0x0, 0x0, 0x8e, 0xe8, 0x0, 0x0, 0x0, 0x5,
    0xf4, 0x4f, 0x50, 0x0, 0x0, 0x6, 0xe1, 0x1f,
    0x60, 0x0, 0x0, 0x0, 0xbf, 0xfb, 0x0, 0x0,
    0x0, 0x0, 0x1, 0x10, 0x0, 0x0, 0x0, 0x0,
    0x0, 0x0, 0x0, 0x0, 0x0, 0x29, 0xdf, 0xfd,
    0x92, 0x0, 0x5, 0xff, 0xff, 0xff, 0xff, 0x40,
    0x1f, 0xff, 0xc7, 0x8e, 0xff, 0xe0, 0x5f, 0xfe,
    0x0, 0x1, 0xff, 0xf4, 0x0, 0x0, 0x0, 0x0,
    0xef, 0xf5, 0x0, 0x39, 0xdf, 0xff, 0xff, 0xf6,
    0x9, 0xff, 0xff, 0xff, 0xff, 0xf6, 0x4f, 0xff,
    0x71, 0x0, 0xef, 0xf6, 0x9f, 0xfb, 0x0, 0x0,
    0xef, 0xf6, 0xaf, 0xfa, 0x0, 0x1, 0xff, 0xf6,
    0x6f, 0xff, 0x85, 0x7e, 0xff, 0xf6, 0xc, 0xff,
    0xff, 0xff, 0xff, 0xf7, 0x0, 0x8d, 0xff, 0xc5,
    0x9f, 0xfc,

    /* U+00E6 "æ" */
    0x0, 0x7d, 0xff, 0xb4, 0xbf, 0xfc, 0x30, 0x8,
    0xff, 0xff, 0xff, 0xff, 0xff, 0xf2, 0xf, 0xff,
    0xbd, 0xff, 0xfb, 0xcf, 0xfa, 0x1a, 0xa9, 0x2,
    0xff, 0xd0, 0x1f, 0xfe, 0x0, 0x0, 0x2, 0xff,
    0xb0, 0xf, 0xff, 0x0, 0x4b, 0xef, 0xff, 0xff,
    0xff, 0xff, 0x8, 0xff, 0xff, 0xff, 0xff, 0xff,
    0xff, 0x2f, 0xff, 0xb6, 0xff, 0xc4, 0x44, 0x44,
    0x6f, 0xfe, 0x2, 0xff, 0xb0, 0x0, 0x0, 0x6f,
    0xfd, 0x2, 0xff, 0xe1, 0x0, 0x0, 0x4f, 0xff,
    0xcb, 0xff, 0xfe, 0xab, 0xf3, 0xc, 0xff, 0xff,
    0xee, 0xff, 0xff, 0xf8, 0x1, 0xae, 0xfc, 0x32,
    0xbf, 0xfe, 0xa2,

    /* U+00E7 "ç" */
    0x0, 0x6, 0xcf, 0xfe, 0x92, 0x0, 0x0, 0xbf,
    0xff, 0xff, 0xff, 0x50, 0x9, 0xff, 0xfc, 0xae,
    0xff, 0xf2, 0x2f, 0xff, 0x60, 0x1, 0xdf, 0xf8,
    0x6f, 0xfe, 0x0, 0x0, 0x6e, 0xe9, 0x9f, 0xfa,
    0x0, 0x0, 0x0, 0x0, 0xaf, 0xfa, 0x0, 0x0,
    0x0, 0x0, 0x9f, 0xfa, 0x0, 0x0, 0x0, 0x0,
    0x6f, 0xfd, 0x0, 0x0, 0x38, 0x85, 0x1f, 0xff,
    0x50, 0x0, 0xbf, 0xf8, 0x9, 0xff, 0xfb, 0x9d,
    0xff, 0xf2, 0x0, 0xbf, 0xff, 0xff, 0xff, 0x50,
    0x0, 0x6, 0xcf, 0xfe, 0x92, 0x0, 0x0, 0x0,
    0x1f, 0xfc, 0x30, 0x0, 0x0, 0x0, 0x15, 0xdf,
    0xf0, 0x0, 0x0, 0x0, 0x0, 0xbf, 0xf2, 0x0,
    0x0, 0x0, 0xe, 0xff, 0xc0, 0x0, 0x0, 0x0,
    0xe, 0xd8, 0x10, 0x0,

    /* U+00E8 "è" */
    0x0, 0xcf, 0xf9, 0x0, 0x0, 0x0, 0x0, 0x1,
    0xdf, 0xf3, 0x0, 0x0, 0x0, 0x0, 0x1, 0xdf,
    0xd0, 0x0, 0x0, 0x0, 0x0, 0x1, 0x44, 0x10,
    0x0, 0x0, 0x0, 0x0, 0x0, 0x0, 0x0, 0x0,
    0x0, 0x0, 0x4b, 0xef, 0xeb, 0x40, 0x0, 0x0,
    0x9f, 0xff, 0xff, 0xff, 0x80, 0x0, 0x8f, 0xff,
    0xca, 0xdf, 0xff, 0x50, 0x1f, 0xff, 0x70, 0x0,
    0x8f, 0xfd, 0x6, 0xff, 0xd0, 0x0, 0x0, 0xff,
    0xf1, 0x9f, 0xff, 0xff, 0xff, 0xff, 0xff, 0x3a,
    0xff, 0xff, 0xff, 0xff, 0xff, 0xf3, 0xaf, 0xfc,
    0x44, 0x44, 0x44, 0x44, 0x17, 0xff, 0xf1, 0x0,
    0x0, 0x0, 0x0, 0x2f, 0xff, 0xb0, 0x0, 0x6,
    0xd1, 0x0, 0x8f, 0xff, 0xea, 0xae, 0xff, 0xb0,
    0x0, 0x8f, 0xff, 0xff, 0xff, 0xe4, 0x0, 0x0,
    0x3a, 0xef, 0xfd, 0x81, 0x0,

    /* U+00E9 "é" */
    0x0, 0x0, 0x0, 0x7f, 0xfd, 0x10, 0x0, 0x0,
    0x0, 0x2f, 0xfd, 0x10, 0x0, 0x0, 0x0, 0xc,
    0xfd, 0x10, 0x0, 0x0, 0x0, 0x1, 0x44, 0x10,
    0x0, 0x0, 0x0, 0x0, 0x0, 0x0, 0x0, 0x0,
    0x0, 0x0, 0x4b, 0xef, 0xeb, 0x40, 0x0, 0x0,
    0x9f, 0xff, 0xff, 0xff, 0x80, 0x0, 0x8f, 0xff,
    0xca, 0xdf, 0xff, 0x50, 0x1f, 0xff, 0x70, 0x0,
    0x8f, 0xfd, 0x6, 0xff, 0xd0, 0x0, 0x0, 0xff,
    0xf1, 0x9f, 0xff, 0xff, 0xff, 0xff, 0xff, 0x3a,
    0xff, 0xff, 0xff, 0xff, 0xff, 0xf3, 0xaf, 0xfc,
    0x44, 0x44, 0x44, 0x44, 0x17, 0xff, 0xf1, 0x0,
    0x0, 0x0, 0x0, 0x2f, 0xff, 0xb0, 0x0, 0x6,
    0xd1, 0x0, 0x8f, 0xff, 0xea, 0xae, 0xff, 0xb0,
    0x0, 0x8f, 0xff, 0xff, 0xff, 0xe4, 0x0, 0x0,
    0x3a, 0xef, 0xfd, 0x81, 0x0,

    /* U+00EA "ê" */
    0x0, 0x0, 0x8f, 0xf9, 0x0, 0x0, 0x0, 0x1,
    0xbf, 0xee, 0xfc, 0x10, 0x0, 0x2, 0xdf, 0xd2,
    0x1c, 0xfe, 0x30, 0x0, 0x0, 0x0, 0x0, 0x0,
    0x0, 0x0, 0x0, 0x0, 0x0, 0x0, 0x0, 0x0,
    0x0, 0x0, 0x4b, 0xef, 0xeb, 0x40, 0x0, 0x0,
    0x9f, 0xff, 0xff, 0xff, 0x80, 0x0, 0x8f, 0xff,
    0xca, 0xdf, 0xff, 0x50, 0x1f, 0xff, 0x70, 0x0,
    0x8f, 0xfd, 0x6, 0xff, 0xd0, 0x0, 0x0, 0xff,
    0xf1, 0x9f, 0xff, 0xff, 0xff, 0xff, 0xff, 0x3a,
    0xff, 0xff, 0xff, 0xff, 0xff, 0xf3, 0xaf, 0xfc,
    0x44, 0x44, 0x44, 0x44, 0x17, 0xff, 0xf1, 0x0,
    0x0, 0x0, 0x0, 0x2f, 0xff, 0xb0, 0x0, 0x6,
    0xd1, 0x0, 0x8f, 0xff, 0xea, 0xae, 0xff, 0xb0,
    0x0, 0x8f, 0xff, 0xff, 0xff, 0xe4, 0x0, 0x0,
    0x3a, 0xef, 0xfd, 0x81, 0x0,

    /* U+00EB "ë" */
    0x1, 0xdf, 0x50, 0x6, 0xfd, 0x10, 0x0, 0x6f,
    0xfb, 0x0, 0xcf, 0xf5, 0x0, 0x1, 0xcd, 0x40,
    0x5, 0xec, 0x10, 0x0, 0x0, 0x0, 0x0, 0x0,
    0x0, 0x0, 0x0, 0x0, 0x0, 0x0, 0x0, 0x0,
    0x0, 0x0, 0x4b, 0xef, 0xeb, 0x40, 0x0, 0x0,
    0x9f, 0xff, 0xff, 0xff, 0x80, 0x0, 0x8f, 0xff,
    0xca, 0xdf, 0xff, 0x50, 0x1f, 0xff, 0x70, 0x0,
    0x8f, 0xfd, 0x6, 0xff, 0xd0, 0x0, 0x0, 0xff,
    0xf1, 0x9f, 0xff, 0xff, 0xff, 0xff, 0xff, 0x3a,
    0xff, 0xff, 0xff, 0xff, 0xff, 0xf3, 0xaf, 0xfc,
    0x44, 0x44, 0x44, 0x44, 0x17, 0xff, 0xf1, 0x0,
    0x0, 0x0, 0x0, 0x2f, 0xff, 0xb0, 0x0, 0x6,
    0xd1, 0x0, 0x8f, 0xff, 0xea, 0xae, 0xff, 0xb0,
    0x0, 0x8f, 0xff, 0xff, 0xff, 0xe4, 0x0, 0x0,
    0x3a, 0xef, 0xfd, 0x81, 0x0,

    /* U+00EC "ì" */
    0x2, 0xef, 0xf6, 0x0, 0x0, 0x0, 0x0, 0x2e,
    0xfe, 0x10, 0x0, 0x0, 0x0, 0x3, 0xff, 0xa0,
    0x0, 0x0, 0x0, 0x0, 0x24, 0x40, 0x0, 0x0,
    0xaf, 0xff, 0xff, 0xf6, 0x0, 0x0, 0xaf, 0xff,
    0xff, 0xf6, 0x0, 0x0, 0x7a, 0xaa, 0xff, 0xf6,
    0x0, 0x0, 0x0, 0x0, 0xef, 0xf6, 0x0, 0x0,
    0x0, 0x0, 0xef, 0xf6, 0x0, 0x0, 0x0, 0x0,
    0xef, 0xf6, 0x0, 0x0, 0x0, 0x0, 0xef, 0xf6,
    0x0, 0x0, 0x0, 0x0, 0xef, 0xf6, 0x0, 0x0,
    0x0, 0x0, 0xef, 0xf6, 0x0, 0x0, 0x0, 0x0,
    0xef, 0xf6, 0x0, 0x0, 0x7a, 0xaa, 0xff, 0xfc,
    0xaa, 0xa0, 0xaf, 0xff, 0xff, 0xff, 0xff, 0xf1,
    0xaf, 0xff, 0xff, 0xff, 0xff, 0xf1,

    /* U+00ED "í" */
    0x0, 0x0, 0x0, 0xbf, 0xfb, 0x0, 0x0, 0x0,
    0x5, 0xff, 0xb0, 0x0, 0x0, 0x0, 0x1e, 0xfb,
    0x0, 0x0, 0x0, 0x0, 0x24, 0x40, 0x0, 0x0,
    0xaf, 0xff, 0xff, 0xf6, 0x0, 0x0, 0xaf, 0xff,
    0xff, 0xf6, 0x0, 0x0, 0x7a, 0xaa, 0xff, 0xf6,
    0x0, 0x0, 0x0, 0x0, 0xef, 0xf6, 0x0, 0x0,
    0x0, 0x0, 0xef, 0xf6, 0x0, 0x0, 0x0, 0x0,
    0xef, 0xf6, 0x0, 0x0, 0x0, 0x0, 0xef, 0xf6,
    0x0, 0x0, 0x0, 0x0, 0xef, 0xf6, 0x0, 0x0,
    0x0, 0x0, 0xef, 0xf6, 0x0, 0x0, 0x0, 0x0,
    0xef, 0xf6, 0x0, 0x0, 0x7a, 0xaa, 0xff, 0xfc,
    0xaa, 0xa0, 0xaf, 0xff, 0xff, 0xff, 0xff, 0xf1,
    0xaf, 0xff, 0xff, 0xff, 0xff, 0xf1,

    /* U+00EE "î" */
    0x0, 0x0, 0xbf, 0xf6, 0x0, 0x0, 0x0, 0x2d,
    0xfe, 0xff, 0x90, 0x0, 0x3, 0xef, 0xb1, 0x3e,
    0xfc, 0x10, 0x0, 0x11, 0x0, 0x0, 0x11, 0x0,
    0x0, 0x0, 0x0, 0x0, 0x0, 0x0, 0xaf, 0xff,
    0xff, 0xf6, 0x0, 0x0, 0xaf, 0xff, 0xff, 0xf6,
    0x0, 0x0, 0x7a, 0xaa, 0xff, 0xf6, 0x0, 0x0,
    0x0, 0x0, 0xef, 0xf6, 0x0, 0x0, 0x0, 0x0,
    0xef, 0xf6, 0x0, 0x0, 0x0, 0x0, 0xef, 0xf6,
    0x0, 0x0, 0x0, 0x0, 0xef, 0xf6, 0x0, 0x0,
    0x0, 0x0, 0xef, 0xf6, 0x0, 0x0, 0x0, 0x0,
    0xef, 0xf6, 0x0, 0x0, 0x0, 0x0, 0xef, 0xf6,
    0x0, 0x0, 0x7a, 0xaa, 0xff, 0xfc, 0xaa, 0xa0,
    0xaf, 0xff, 0xff, 0xff, 0xff, 0xf1, 0xaf, 0xff,
    0xff, 0xff, 0xff, 0xf1,

    /* U+00EF "ï" */
    0x4, 0xee, 0x20, 0x9, 0xfb, 0x0, 0x9, 0xff,
    0x70, 0xf, 0xff, 0x10, 0x3, 0xdd, 0x20, 0x8,
    0xe9, 0x0, 0x0, 0x0, 0x0, 0x0, 0x0, 0x0,
    0xaf, 0xff, 0xff, 0xf6, 0x0, 0x0, 0xaf, 0xff,
    0xff, 0xf6, 0x0, 0x0, 0x7a, 0xaa, 0xff, 0xf6,
    0x0, 0x0, 0x0, 0x0, 0xef, 0xf6, 0x0, 0x0,
    0x0, 0x0, 0xef, 0xf6, 0x0, 0x0, 0x0, 0x0,
    0xef, 0xf6, 0x0, 0x0, 0x0, 0x0, 0xef, 0xf6,
    0x0, 0x0, 0x0, 0x0, 0xef, 0xf6, 0x0, 0x0,
    0x0, 0x0, 0xef, 0xf6, 0x0, 0x0, 0x0, 0x0,
    0xef, 0xf6, 0x0, 0x0, 0x7a, 0xaa, 0xff, 0xfc,
    0xaa, 0xa0, 0xaf, 0xff, 0xff, 0xff, 0xff, 0xf1,
    0xaf, 0xff, 0xff, 0xff, 0xff, 0xf1,

    /* U+00F0 "ð" */
    0x0, 0x0, 0x4, 0xc5, 0x0, 0x4, 0x0, 0x0,
    0x0, 0xbf, 0xfc, 0x5d, 0xf5, 0x0, 0x0, 0xd,
    0xff, 0xff, 0xe7, 0x0, 0x0, 0x0, 0x1e, 0xff,
    0xfd, 0x0, 0x0, 0x0, 0x7f, 0xfb, 0xff, 0xf8,
    0x0, 0x0, 0x8, 0xc3, 0x9, 0xff, 0xf1, 0x0,
    0x0, 0x47, 0x75, 0x1f, 0xff, 0x60, 0x5, 0xef,
    0xff, 0xfe, 0xef, 0xfa, 0x5, 0xff, 0xff, 0xff,
    0xff, 0xff, 0xc0, 0xef, 0xfd, 0x30, 0x15, 0xef,
    0xfe, 0x5f, 0xff, 0x20, 0x0, 0x5, 0xff, 0xe7,
    0xff, 0xc0, 0x0, 0x0, 0x5f, 0xfe, 0x8f, 0xfb,
    0x0, 0x0, 0x7, 0xff, 0xc6, 0xff, 0xe0, 0x0,
    0x0, 0xcf, 0xf8, 0x1f, 0xff, 0x80, 0x0, 0x7f,
    0xff, 0x20, 0x8f, 0xff, 0xda, 0xcf, 0xff, 0x80,
    0x0, 0xaf, 0xff, 0xff, 0xff, 0x90, 0x0, 0x0,
    0x4b, 0xef, 0xea, 0x40, 0x0,

    /* U+00F1 "ñ" */
    0x0, 0x0, 0x0, 0x0, 0x0, 0x0, 0x0, 0x2c,
    0xfb, 0x50, 0x8f, 0x40, 0x0, 0xcf, 0xff, 0xff,
    0xff, 0x10, 0x1, 0xfc, 0x25, 0xcf, 0xf5, 0x0,
    0x0, 0x1, 0x0, 0x1, 0x0, 0x0, 0x0, 0x0,
    0x0, 0x0, 0x0, 0x0, 0x5f, 0xfa, 0x7, 0xdf,
    0xea, 0x20, 0x5f, 0xfc, 0xbf, 0xff, 0xff, 0xe1,
    0x5f, 0xff, 0xfc, 0xad, 0xff, 0xf8, 0x5f, 0xff,
    0x40, 0x0, 0xbf, 0xfd, 0x5f, 0xfe, 0x0, 0x0,
    0x5f, 0xff, 0x5f, 0xfe, 0x0, 0x0, 0x4f, 0xff,
    0x5f, 0xfe, 0x0, 0x0, 0x4f, 0xff, 0x5f, 0xfe,
    0x0, 0x0, 0x4f, 0xff, 0x5f, 0xfe, 0x0, 0x0,
    0x4f, 0xff, 0x5f, 0xfe, 0x0, 0x0, 0x4f, 0xff,
    0x5f, 0xfe, 0x0, 0x0, 0x4f, 0xff, 0x5f, 0xfe,
    0x0, 0x0, 0x4f, 0xff, 0x5f, 0xfe, 0x0, 0x0,
    0x4f, 0xff,

    /* U+00F2 "ò" */
    0x0, 0x9f, 0xfd, 0x0, 0x0, 0x0, 0x0, 0x0,
    0xaf, 0xf7, 0x0, 0x0, 0x0, 0x0, 0x0, 0xbf,
    0xf2, 0x0, 0x0, 0x0, 0x0, 0x0, 0x44, 0x20,
    0x0, 0x0, 0x0, 0x0, 0x0, 0x0, 0x0, 0x0,
    0x0, 0x0, 0x6c, 0xff, 0xe9, 0x20, 0x0, 0x1,
    0xcf, 0xff, 0xff, 0xff, 0x40, 0x0, 0xbf, 0xff,
    0xba, 0xef, 0xff, 0x20, 0x4f, 0xff, 0x50, 0x1,
    0xdf, 0xfa, 0x9, 0xff, 0xc0, 0x0, 0x6, 0xff,
    0xf0, 0xbf, 0xf8, 0x0, 0x0, 0x2f, 0xff, 0x1c,
    0xff, 0x70, 0x0, 0x1, 0xff, 0xf2, 0xbf, 0xf8,
    0x0, 0x0, 0x2f, 0xff, 0x19, 0xff, 0xc0, 0x0,
    0x6, 0xff, 0xf0, 0x4f, 0xff, 0x50, 0x1, 0xdf,
    0xfa, 0x0, 0xbf, 0xff, 0xba, 0xef, 0xff, 0x20,
    0x1, 0xcf, 0xff, 0xff, 0xff, 0x40, 0x0, 0x0,
    0x6c, 0xff, 0xe9, 0x20, 0x0,

    /* U+00F3 "ó" */
    0x0, 0x0, 0x0, 0x3f, 0xff, 0x30, 0x0, 0x0,
    0x0, 0xd, 0xff, 0x30, 0x0, 0x0, 0x0, 0x9,
    0xff, 0x40, 0x0, 0x0, 0x0, 0x0, 0x44, 0x20,
    0x0, 0x0, 0x0, 0x0, 0x0, 0x0, 0x0, 0x0,
    0x0, 0x0, 0x6c, 0xff, 0xe9, 0x20, 0x0, 0x1,
    0xcf, 0xff, 0xff, 0xff, 0x40, 0x0, 0xbf, 0xff,
    0xba, 0xef, 0xff, 0x20, 0x4f, 0xff, 0x50, 0x1,
    0xdf, 0xfa, 0x9, 0xff, 0xc0, 0x0, 0x6, 0xff,
    0xf0, 0xbf, 0xf8, 0x0, 0x0, 0x2f, 0xff, 0x1c,
    0xff, 0x70, 0x0, 0x1, 0xff, 0xf2, 0xbf, 0xf8,
    0x0, 0x0, 0x2f, 0xff, 0x19, 0xff, 0xc0, 0x0,
    0x6, 0xff, 0xf0, 0x4f, 0xff, 0x50, 0x1, 0xdf,
    0xfa, 0x0, 0xbf, 0xff, 0xba, 0xef, 0xff, 0x20,
    0x1, 0xcf, 0xff, 0xff, 0xff, 0x40, 0x0, 0x0,
    0x6c, 0xff, 0xe9, 0x20, 0x0,

    /* U+00F4 "ô" */
    0x0, 0x0, 0x5f, 0xfc, 0x10, 0x0, 0x0, 0x0,
    0x8f, 0xfd, 0xfe, 0x30, 0x0, 0x0, 0xbf, 0xe4,
    0x9, 0xff, 0x50, 0x0, 0x1, 0x10, 0x0, 0x0,
    0x10, 0x0, 0x0, 0x0, 0x0, 0x0, 0x0, 0x0,
    0x0, 0x0, 0x6c, 0xff, 0xe9, 0x20, 0x0, 0x1,
    0xcf, 0xff, 0xff, 0xff, 0x40, 0x0, 0xbf, 0xff,
    0xba, 0xef, 0xff, 0x20, 0x4f, 0xff, 0x50, 0x1,
    0xdf, 0xfa, 0x9, 0xff, 0xc0, 0x0, 0x6, 0xff,
    0xf0, 0xbf, 0xf8, 0x0, 0x0, 0x2f, 0xff, 0x1c,
    0xff, 0x70, 0x0, 0x1, 0xff, 0xf2, 0xbf, 0xf8,
    0x0, 0x0, 0x2f, 0xff, 0x19, 0xff, 0xc0, 0x0,
    0x6, 0xff, 0xf0, 0x4f, 0xff, 0x50, 0x1, 0xdf,
    0xfa, 0x0, 0xbf, 0xff, 0xba, 0xef, 0xff, 0x20,
    0x1, 0xcf, 0xff, 0xff, 0xff, 0x40, 0x0, 0x0,
    0x6c, 0xff, 0xe9, 0x20, 0x0,

    /* U+00F5 "õ" */
    0x0, 0x0, 0x0, 0x0, 0x0, 0x0, 0x0, 0x1,
    0xbf, 0xc6, 0x5, 0xf6, 0x0, 0x0, 0xaf, 0xff,
    0xff, 0xff, 0x30, 0x0, 0xe, 0xd2, 0x4b, 0xff,
    0x70, 0x0, 0x0, 0x1, 0x0, 0x0, 0x0, 0x0,
    0x0, 0x0, 0x0, 0x0, 0x0, 0x0, 0x0, 0x0,
    0x6, 0xcf, 0xfe, 0x92, 0x0, 0x0, 0x1c, 0xff,
    0xff, 0xff, 0xf4, 0x0, 0xb, 0xff, 0xfb, 0xae,
    0xff, 0xf2, 0x4, 0xff, 0xf5, 0x0, 0x1d, 0xff,
    0xa0, 0x9f, 0xfc, 0x0, 0x0, 0x6f, 0xff, 0xb,
    0xff, 0x80, 0x0, 0x2, 0xff, 0xf1, 0xcf, 0xf7,
    0x0, 0x0, 0x1f, 0xff, 0x2b, 0xff, 0x80, 0x0,
    0x2, 0xff, 0xf1, 0x9f, 0xfc, 0x0, 0x0, 0x6f,
    0xff, 0x4, 0xff, 0xf5, 0x0, 0x1d, 0xff, 0xa0,
    0xb, 0xff, 0xfb, 0xae, 0xff, 0xf2, 0x0, 0x1c,
    0xff, 0xff, 0xff, 0xf4, 0x0, 0x0, 0x6, 0xcf,
    0xfe, 0x92, 0x0, 0x0,

    /* U+00F6 "ö" */
    0x0, 0xbf, 0x80, 0x3, 0xee, 0x30, 0x0, 0x2f,
    0xff, 0x0, 0x8f, 0xf9, 0x0, 0x0, 0xae, 0x70,
    0x2, 0xdd, 0x30, 0x0, 0x0, 0x0, 0x0, 0x0,
    0x0, 0x0, 0x0, 0x0, 0x0, 0x0, 0x0, 0x0,
    0x0, 0x0, 0x6c, 0xff, 0xe9, 0x20, 0x0, 0x1,
    0xcf, 0xff, 0xff, 0xff, 0x40, 0x0, 0xbf, 0xff,
    0xba, 0xef, 0xff, 0x20, 0x4f, 0xff, 0x50, 0x1,
    0xdf, 0xfa, 0x9, 0xff, 0xc0, 0x0, 0x6, 0xff,
    0xf0, 0xbf, 0xf8, 0x0, 0x0, 0x2f, 0xff, 0x1c,
    0xff, 0x70, 0x0, 0x1, 0xff, 0xf2, 0xbf, 0xf8,
    0x0, 0x0, 0x2f, 0xff, 0x19, 0xff, 0xc0, 0x0,
    0x6, 0xff, 0xf0, 0x4f, 0xff, 0x50, 0x1, 0xdf,
    0xfa, 0x0, 0xbf, 0xff, 0xba, 0xef, 0xff, 0x20,
    0x1, 0xcf, 0xff, 0xff, 0xff, 0x40, 0x0, 0x0,
    0x6c, 0xff, 0xe9, 0x20, 0x0,

    /* U+00F7 "÷" */
    0x0, 0x0, 0x2d, 0xf8, 0x0, 0x0, 0x0, 0x0,
    0x8, 0xff, 0xf0, 0x0, 0x0, 0x0, 0x0, 0x4f,
    0xfc, 0x0, 0x0, 0x0, 0x0, 0x0, 0x24, 0x0,
    0x0, 0x0, 0x0, 0x0, 0x0, 0x0, 0x0, 0x0,
    0x8, 0xbb, 0xbb, 0xbb, 0xbb, 0xbb, 0xb2, 0xbf,
    0xff, 0xff, 0xff, 0xff, 0xff, 0x4b, 0xff, 0xff,
    0xff, 0xff, 0xff, 0xf4, 0x0, 0x0, 0x0, 0x0,
    0x0, 0x0, 0x0, 0x0, 0x0, 0x34, 0x0, 0x0,
    0x0, 0x0, 0x0, 0x5f, 0xfc, 0x0, 0x0, 0x0,
    0x0, 0x8, 0xff, 0xf0, 0x0, 0x0, 0x0, 0x0,
    0x2d, 0xf7, 0x0, 0x0, 0x0,

    /* U+00F8 "ø" */
    0x0, 0x0, 0x0, 0x0, 0x6, 0x70, 0x0, 0x0,
    0x0, 0x0, 0x3, 0xfa, 0x0, 0x0, 0x6, 0xcf,
    0xfd, 0xdf, 0x30, 0x0, 0x1c, 0xff, 0xff, 0xff,
    0xf4, 0x0, 0xb, 0xff, 0xfb, 0xaf, 0xff, 0xf2,
    0x4, 0xff, 0xf5, 0x2, 0xff, 0xff, 0xa0, 0x9f,
    0xfc, 0x0, 0x9f, 0x9f, 0xff, 0xb, 0xff, 0x80,
    0x2f, 0xb2, 0xff, 0xf1, 0xcf, 0xf7, 0x9, 0xf3,
    0x1f, 0xff, 0x2b, 0xff, 0x82, 0xfb, 0x2, 0xff,
    0xf1, 0x9f, 0xfc, 0x9f, 0x30, 0x6f, 0xff, 0x4,
    0xff, 0xff, 0xb0, 0x1d, 0xff, 0xa0, 0xb, 0xff,
    0xfd, 0xae, 0xff, 0xf2, 0x0, 0x1c, 0xff, 0xff,
    0xff, 0xf4, 0x0, 0x0, 0x9f, 0xcf, 0xfe, 0x92,
    0x0, 0x0, 0x1f, 0xc0, 0x0, 0x0, 0x0, 0x0,
    0x3, 0x83, 0x0, 0x0, 0x0, 0x0, 0x0,

    /* U+00F9 "ù" */
    0x0, 0x9f, 0xfd, 0x0, 0x0, 0x0, 0x0, 0xa,
    0xff, 0x70, 0x0, 0x0, 0x0, 0x0, 0xbf, 0xf2,
    0x0, 0x0, 0x0, 0x0, 0x4, 0x42, 0x0, 0x0,
    0x3f, 0xff, 0x0, 0x0, 0x6f, 0xfe, 0x3f, 0xff,
    0x0, 0x0, 0x6f, 0xfe, 0x3f, 0xff, 0x0, 0x0,
    0x6f, 0xfe, 0x3f, 0xff, 0x0, 0x0, 0x6f, 0xfe,
    0x3f, 0xff, 0x0, 0x0, 0x6f, 0xfe, 0x3f, 0xff,
    0x0, 0x0, 0x6f, 0xfe, 0x3f, 0xff, 0x0, 0x0,
    0x6f, 0xfe, 0x3f, 0xff, 0x0, 0x0, 0x6f, 0xfe,
    0x3f, 0xff, 0x10, 0x0, 0x6f, 0xfe, 0xf, 0xff,
    0x60, 0x0, 0xcf, 0xfe, 0xb, 0xff, 0xfb, 0xbe,
    0xff, 0xfe, 0x3, 0xff, 0xff, 0xff, 0x8f, 0xfe,
    0x0, 0x3b, 0xff, 0xc4, 0x2f, 0xfe,

    /* U+00FA "ú" */
    0x0, 0x0, 0x0, 0x3f, 0xff, 0x40, 0x0, 0x0,
    0x0, 0xdf, 0xf4, 0x0, 0x0, 0x0, 0x8, 0xff,
    0x40, 0x0, 0x0, 0x0, 0x4, 0x42, 0x0, 0x0,
    0x3f, 0xff, 0x0, 0x0, 0x6f, 0xfe, 0x3f, 0xff,
    0x0, 0x0, 0x6f, 0xfe, 0x3f, 0xff, 0x0, 0x0,
    0x6f, 0xfe, 0x3f, 0xff, 0x0, 0x0, 0x6f, 0xfe,
    0x3f, 0xff, 0x0, 0x0, 0x6f, 0xfe, 0x3f, 0xff,
    0x0, 0x0, 0x6f, 0xfe, 0x3f, 0xff, 0x0, 0x0,
    0x6f, 0xfe, 0x3f, 0xff, 0x0, 0x0, 0x6f, 0xfe,
    0x3f, 0xff, 0x10, 0x0, 0x6f, 0xfe, 0xf, 0xff,
    0x60, 0x0, 0xcf, 0xfe, 0xb, 0xff, 0xfb, 0xbe,
    0xff, 0xfe, 0x3, 0xff, 0xff, 0xff, 0x8f, 0xfe,
    0x0, 0x3b, 0xff, 0xc4, 0x2f, 0xfe,

    /* U+00FB "û" */
    0x0, 0x0, 0x5f, 0xfc, 0x10, 0x0, 0x0, 0x8,
    0xff, 0xdf, 0xe3, 0x0, 0x0, 0xbf, 0xf4, 0x9,
    0xff, 0x50, 0x0, 0x11, 0x0, 0x0, 0x11, 0x0,
    0x0, 0x0, 0x0, 0x0, 0x0, 0x0, 0x3f, 0xff,
    0x0, 0x0, 0x6f, 0xfe, 0x3f, 0xff, 0x0, 0x0,
    0x6f, 0xfe, 0x3f, 0xff, 0x0, 0x0, 0x6f, 0xfe,
    0x3f, 0xff, 0x0, 0x0, 0x6f, 0xfe, 0x3f, 0xff,
    0x0, 0x0, 0x6f, 0xfe, 0x3f, 0xff, 0x0, 0x0,
    0x6f, 0xfe, 0x3f, 0xff, 0x0, 0x0, 0x6f, 0xfe,
    0x3f, 0xff, 0x0, 0x0, 0x6f, 0xfe, 0x3f, 0xff,
    0x10, 0x0, 0x6f, 0xfe, 0xf, 0xff, 0x60, 0x0,
    0xcf, 0xfe, 0xb, 0xff, 0xfb, 0xbe, 0xff, 0xfe,
    0x3, 0xff, 0xff, 0xff, 0x8f, 0xfe, 0x0, 0x3b,
    0xff, 0xc4, 0x2f, 0xfe,

    /* U+00FC "ü" */
    0x0, 0xbf, 0x80, 0x3, 0xee, 0x30, 0x2, 0xff,
    0xf0, 0x8, 0xff, 0x90, 0x0, 0xae, 0x80, 0x2,
    0xdd, 0x30, 0x0, 0x0, 0x0, 0x0, 0x0, 0x0,
    0x3f, 0xff, 0x0, 0x0, 0x6f, 0xfe, 0x3f, 0xff,
    0x0, 0x0, 0x6f, 0xfe, 0x3f, 0xff, 0x0, 0x0,
    0x6f, 0xfe, 0x3f, 0xff, 0x0, 0x0, 0x6f, 0xfe,
    0x3f, 0xff, 0x0, 0x0, 0x6f, 0xfe, 0x3f, 0xff,
    0x0, 0x0, 0x6f, 0xfe, 0x3f, 0xff, 0x0, 0x0,
    0x6f, 0xfe, 0x3f, 0xff, 0x0, 0x0, 0x6f, 0xfe,
    0x3f, 0xff, 0x10, 0x0, 0x6f, 0xfe, 0xf, 0xff,
    0x60, 0x0, 0xcf, 0xfe, 0xb, 0xff, 0xfb, 0xbe,
    0xff, 0xfe, 0x3, 0xff, 0xff, 0xff, 0x8f, 0xfe,
    0x0, 0x3b, 0xff, 0xc4, 0x2f, 0xfe,

    /* U+00FD "ý" */
    0x0, 0x0, 0x0, 0x0, 0xef, 0xf7, 0x0, 0x0,
    0x0, 0x0, 0x0, 0x9f, 0xf8, 0x0, 0x0, 0x0,
    0x0, 0x0, 0x4f, 0xf8, 0x0, 0x0, 0x0, 0x0,
    0x0, 0x3, 0x44, 0x0, 0x0, 0x0, 0x2f, 0xff,
    0x50, 0x0, 0x0, 0x6f, 0xff, 0x30, 0xbf, 0xfc,
    0x0, 0x0, 0xc, 0xff, 0xc0, 0x4, 0xff, 0xf2,
    0x0, 0x2, 0xff, 0xf5, 0x0, 0xd, 0xff, 0x80,
    0x0, 0x8f, 0xfd, 0x0, 0x0, 0x6f, 0xfe, 0x0,
    0xe, 0xff, 0x70, 0x0, 0x0, 0xef, 0xf4, 0x5,
    0xff, 0xf0, 0x0, 0x0, 0x8, 0xff, 0xb0, 0xbf,
    0xf9, 0x0, 0x0, 0x0, 0x1f, 0xff, 0x2f, 0xff,
    0x20, 0x0, 0x0, 0x0, 0xaf, 0xfc, 0xff, 0xb0,
    0x0, 0x0, 0x0, 0x3, 0xff, 0xff, 0xf4, 0x0,
    0x0, 0x0, 0x0, 0xc, 0xff, 0xfd, 0x0, 0x0,
    0x0, 0x0, 0x0, 0x5f, 0xff, 0x60, 0x0, 0x0,
    0x0, 0x0, 0x2, 0xff, 0xe0, 0x0, 0x0, 0x0,
    0x0, 0x0, 0xaf, 0xf8, 0x0, 0x0, 0x0, 0x0,
    0x0, 0x5f, 0xff, 0x10, 0x0, 0x0, 0x0, 0x6,
    0xbf, 0xff, 0x90, 0x0, 0x0, 0x0, 0x0, 0xbf,
    0xff, 0xd0, 0x0, 0x0, 0x0, 0x0, 0xc, 0xfe,
    0x91, 0x0, 0x0, 0x0, 0x0,

    /* U+00FE "þ" */
    0x4f, 0xff, 0x0, 0x0, 0x0, 0x0, 0x4, 0xff,
    0xf0, 0x0, 0x0, 0x0, 0x0, 0x4f, 0xff, 0x0,
    0x0, 0x0, 0x0, 0x4, 0xff, 0xf0, 0x0, 0x0,
    0x0, 0x0, 0x4f, 0xff, 0x0, 0x0, 0x0, 0x0,
    0x4, 0xff, 0xf3, 0xbf, 0xfc, 0x50, 0x0, 0x4f,
    0xff, 0xff, 0xff, 0xff, 0x80, 0x4, 0xff, 0xff,
    0xcb, 0xff, 0xff, 0x30, 0x4f, 0xff, 0x40, 0x1,
    0xef, 0xfa, 0x4, 0xff, 0xf0, 0x0, 0x7, 0xff,
    0xe0, 0x4f, 0xff, 0x0, 0x0, 0x4f, 0xff, 0x4,
    0xff, 0xf0, 0x0, 0x3, 0xff, 0xf0, 0x4f, 0xff,
    0x0, 0x0, 0x4f, 0xff, 0x4, 0xff, 0xf0, 0x0,
    0x7, 0xff, 0xd0, 0x4f, 0xff, 0x40, 0x1, 0xef,
    0xf9, 0x4, 0xff, 0xff, 0xba, 0xef, 0xff, 0x30,
    0x4f, 0xff, 0xff, 0xff, 0xff, 0x70, 0x4, 0xff,
    0xf3, 0xbf, 0xfc, 0x50, 0x0, 0x4f, 0xff, 0x0,
    0x0, 0x0, 0x0, 0x4, 0xff, 0xf0, 0x0, 0x0,
    0x0, 0x0, 0x4f, 0xff, 0x0, 0x0, 0x0, 0x0,
    0x4, 0xff, 0xf0, 0x0, 0x0, 0x0, 0x0, 0x4f,
    0xff, 0x0, 0x0, 0x0, 0x0, 0x0,

    /* U+00FF "ÿ" */
    0x0, 0x7, 0xfc, 0x0, 0xc, 0xf7, 0x0, 0x0,
    0x0, 0xdf, 0xf4, 0x3, 0xff, 0xe0, 0x0, 0x0,
    0x6, 0xeb, 0x0, 0xb, 0xe6, 0x0, 0x0, 0x0,
    0x0, 0x0, 0x0, 0x0, 0x0, 0x0, 0x2f, 0xff,
    0x50, 0x0, 0x0, 0x6f, 0xff, 0x30, 0xbf, 0xfc,
    0x0, 0x0, 0xc, 0xff, 0xc0, 0x4, 0xff, 0xf2,
    0x0, 0x2, 0xff, 0xf5, 0x0, 0xd, 0xff, 0x80,
    0x0, 0x8f, 0xfd, 0x0, 0x0, 0x6f, 0xfe, 0x0,
    0xe, 0xff, 0x70, 0x0, 0x0, 0xef, 0xf4, 0x5,
    0xff, 0xf0, 0x0, 0x0, 0x8, 0xff, 0xb0, 0xbf,
    0xf9, 0x0, 0x0, 0x0, 0x1f, 0xff, 0x2f, 0xff,
    0x20, 0x0, 0x0, 0x0, 0xaf, 0xfc, 0xff, 0xb0,
    0x0, 0x0, 0x0, 0x3, 0xff, 0xff, 0xf4, 0x0,
    0x0, 0x0, 0x0, 0xc, 0xff, 0xfd, 0x0, 0x0,
    0x0, 0x0, 0x0, 0x5f, 0xff, 0x60, 0x0, 0x0,
    0x0, 0x0, 0x2, 0xff, 0xe0, 0x0, 0x0, 0x0,
    0x0, 0x0, 0xaf, 0xf8, 0x0, 0x0, 0x0, 0x0,
    0x0, 0x5f, 0xff, 0x10, 0x0, 0x0, 0x0, 0x6,
    0xbf, 0xff, 0x90, 0x0, 0x0, 0x0, 0x0, 0xbf,
    0xff, 0xd0, 0x0, 0x0, 0x0, 0x0, 0xc, 0xfe,
    0x91, 0x0, 0x0, 0x0, 0x0
};


/*---------------------
 *  GLYPH DESCRIPTION
 *--------------------*/

static const lv_font_fmt_txt_glyph_dsc_t glyph_dsc[] = {
    {.bitmap_index = 0, .adv_w = 0, .box_w = 0, .box_h = 0, .ofs_x = 0, .ofs_y = 0} /* id = 0 reserved */,
    {.bitmap_index = 0, .adv_w = 230, .box_w = 0, .box_h = 0, .ofs_x = 0, .ofs_y = 0},
    {.bitmap_index = 0, .adv_w = 230, .box_w = 5, .box_h = 17, .ofs_x = 5, .ofs_y = 0},
    {.bitmap_index = 43, .adv_w = 230, .box_w = 8, .box_h = 7, .ofs_x = 3, .ofs_y = 11},
    {.bitmap_index = 71, .adv_w = 230, .box_w = 14, .box_h = 17, .ofs_x = 0, .ofs_y = 0},
    {.bitmap_index = 190, .adv_w = 230, .box_w = 13, .box_h = 23, .ofs_x = 1, .ofs_y = -3},
    {.bitmap_index = 340, .adv_w = 230, .box_w = 14, .box_h = 17, .ofs_x = 0, .ofs_y = 0},
    {.bitmap_index = 459, .adv_w = 230, .box_w = 15, .box_h = 17, .ofs_x = 0, .ofs_y = 0},
    {.bitmap_index = 587, .adv_w = 230, .box_w = 3, .box_h = 7, .ofs_x = 5, .ofs_y = 11},
    {.bitmap_index = 598, .adv_w = 230, .box_w = 7, .box_h = 26, .ofs_x = 4, .ofs_y = -6},
    {.bitmap_index = 689, .adv_w = 230, .box_w = 8, .box_h = 26, .ofs_x = 3, .ofs_y = -6},
    {.bitmap_index = 793, .adv_w = 230, .box_w = 13, .box_h = 13, .ofs_x = 1, .ofs_y = 4},
    {.bitmap_index = 878, .adv_w = 230, .box_w = 12, .box_h = 13, .ofs_x = 1, .ofs_y = 2},
    {.bitmap_index = 956, .adv_w = 230, .box_w = 5, .box_h = 8, .ofs_x = 4, .ofs_y = -5},
    {.bitmap_index = 976, .adv_w = 230, .box_w = 11, .box_h = 3, .ofs_x = 3, .ofs_y = 6},
    {.bitmap_index = 993, .adv_w = 230, .box_w = 6, .box_h = 5, .ofs_x = 4, .ofs_y = 0},
    {.bitmap_index = 1008, .adv_w = 230, .box_w = 10, .box_h = 19, .ofs_x = 2, .ofs_y = -2},
    {.bitmap_index = 1103, .adv_w = 230, .box_w = 12, .box_h = 17, .ofs_x = 1, .ofs_y = 0},
    {.bitmap_index = 1205, .adv_w = 230, .box_w = 8, .box_h = 18, .ofs_x = 2, .ofs_y = 0},
    {.bitmap_index = 1277, .adv_w = 230, .box_w = 13, .box_h = 17, .ofs_x = 0, .ofs_y = 0},
    {.bitmap_index = 1388, .adv_w = 230, .box_w = 12, .box_h = 17, .ofs_x = 1, .ofs_y = 0},
    {.bitmap_index = 1490, .adv_w = 230, .box_w = 14, .box_h = 17, .ofs_x = 0, .ofs_y = 0},
    {.bitmap_index = 1609, .adv_w = 230, .box_w = 12, .box_h = 17, .ofs_x = 1, .ofs_y = 0},
    {.bitmap_index = 1711, .adv_w = 230, .box_w = 12, .box_h = 17, .ofs_x = 1, .ofs_y = 0},
    {.bitmap_index = 1813, .adv_w = 230, .box_w = 13, .box_h = 17, .ofs_x = 0, .ofs_y = 0},
    {.bitmap_index = 1924, .adv_w = 230, .box_w = 12, .box_h = 17, .ofs_x = 1, .ofs_y = 0},
    {.bitmap_index = 2026, .adv_w = 230, .box_w = 12, .box_h = 17, .ofs_x = 1, .ofs_y = 0},
    {.bitmap_index = 2128, .adv_w = 230, .box_w = 5, .box_h = 14, .ofs_x = 5, .ofs_y = 0},
    {.bitmap_index = 2163, .adv_w = 230, .box_w = 6, .box_h = 20, .ofs_x = 5, .ofs_y = -5},
    {.bitmap_index = 2223, .adv_w = 230, .box_w = 12, .box_h = 12, .ofs_x = 1, .ofs_y = 1},
    {.bitmap_index = 2295, .adv_w = 230, .box_w = 12, .box_h = 8, .ofs_x = 1, .ofs_y = 3},
    {.bitmap_index = 2343, .adv_w = 230, .box_w = 12, .box_h = 12, .ofs_x = 1, .ofs_y = 1},
    {.bitmap_index = 2415, .adv_w = 230, .box_w = 12, .box_h = 17, .ofs_x = 1, .ofs_y = 0},
    {.bitmap_index = 2517, .adv_w = 230, .box_w = 14, .box_h = 17, .ofs_x = 0, .ofs_y = 0},
    {.bitmap_index = 2636, .adv_w = 230, .box_w = 15, .box_h = 17, .ofs_x = 0, .ofs_y = 0},
    {.bitmap_index = 2764, .adv_w = 230, .box_w = 13, .box_h = 17, .ofs_x = 1, .ofs_y = 0},
    {.bitmap_index = 2875, .adv_w = 230, .box_w = 14, .box_h = 17, .ofs_x = 0, .ofs_y = 0},
    {.bitmap_index = 2994, .adv_w = 230, .box_w = 13, .box_h = 17, .ofs_x = 1, .ofs_y = 0},
    {.bitmap_index = 3105, .adv_w = 230, .box_w = 13, .box_h = 17, .ofs_x = 1, .ofs_y = 0},
    {.bitmap_index = 3216, .adv_w = 230, .box_w = 13, .box_h = 17, .ofs_x = 1, .ofs_y = 0},
    {.bitmap_index = 3327, .adv_w = 230, .box_w = 13, .box_h = 17, .ofs_x = 1, .ofs_y = 0},
    {.bitmap_index = 3438, .adv_w = 230, .box_w = 12, .box_h = 17, .ofs_x = 1, .ofs_y = 0},
    {.bitmap_index = 3540, .adv_w = 230, .box_w = 11, .box_h = 17, .ofs_x = 2, .ofs_y = 0},
    {.bitmap_index = 3634, .adv_w = 230, .box_w = 12, .box_h = 17, .ofs_x = 1, .ofs_y = 0},
    {.bitmap_index = 3736, .adv_w = 230, .box_w = 14, .box_h = 17, .ofs_x = 1, .ofs_y = 0},
    {.bitmap_index = 3855, .adv_w = 230, .box_w = 13, .box_h = 17, .ofs_x = 1, .ofs_y = 0},
    {.bitmap_index = 3966, .adv_w = 230, .box_w = 13, .box_h = 17, .ofs_x = 1, .ofs_y = 0},
    {.bitmap_index = 4077, .adv_w = 230, .box_w = 12, .box_h = 17, .ofs_x = 1, .ofs_y = 0},
    {.bitmap_index = 4179, .adv_w = 230, .box_w = 14, .box_h = 17, .ofs_x = 0, .ofs_y = 0},
    {.bitmap_index = 4298, .adv_w = 230, .box_w = 13, .box_h = 17, .ofs_x = 1, .ofs_y = 0},
    {.bitmap_index = 4409, .adv_w = 230, .box_w = 14, .box_h = 20, .ofs_x = 1, .ofs_y = -3},
    {.bitmap_index = 4549, .adv_w = 230, .box_w = 14, .box_h = 17, .ofs_x = 1, .ofs_y = 0},
    {.bitmap_index = 4668, .adv_w = 230, .box_w = 13, .box_h = 17, .ofs_x = 1, .ofs_y = 0},
    {.bitmap_index = 4779, .adv_w = 230, .box_w = 15, .box_h = 17, .ofs_x = 0, .ofs_y = 0},
    {.bitmap_index = 4907, .adv_w = 230, .box_w = 12, .box_h = 17, .ofs_x = 1, .ofs_y = 0},
    {.bitmap_index = 5009, .adv_w = 230, .box_w = 15, .box_h = 17, .ofs_x = 0, .ofs_y = 0},
    {.bitmap_index = 5137, .adv_w = 230, .box_w = 15, .box_h = 17, .ofs_x = 0, .ofs_y = 0},
    {.bitmap_index = 5265, .adv_w = 230, .box_w = 15, .box_h = 17, .ofs_x = 0, .ofs_y = 0},
    {.bitmap_index = 5393, .adv_w = 230, .box_w = 15, .box_h = 17, .ofs_x = 0, .ofs_y = 0},
    {.bitmap_index = 5521, .adv_w = 230, .box_w = 13, .box_h = 17, .ofs_x = 1, .ofs_y = 0},
    {.bitmap_index = 5632, .adv_w = 230, .box_w = 6, .box_h = 24, .ofs_x = 4, .ofs_y = -4},
    {.bitmap_index = 5704, .adv_w = 230, .box_w = 11, .box_h = 19, .ofs_x = 2, .ofs_y = -2},
    {.bitmap_index = 5809, .adv_w = 230, .box_w = 6, .box_h = 24, .ofs_x = 4, .ofs_y = -4},
    {.bitmap_index = 5881, .adv_w = 230, .box_w = 11, .box_h = 9, .ofs_x = 2, .ofs_y = 8},
    {.bitmap_index = 5931, .adv_w = 230, .box_w = 12, .box_h = 3, .ofs_x = 1, .ofs_y = -3},
    {.bitmap_index = 5949, .adv_w = 230, .box_w = 7, .box_h = 4, .ofs_x = 4, .ofs_y = 14},
    {.bitmap_index = 5963, .adv_w = 230, .box_w = 12, .box_h = 13, .ofs_x = 1, .ofs_y = 0},
    {.bitmap_index = 6041, .adv_w = 230, .box_w = 13, .box_h = 18, .ofs_x = 1, .ofs_y = 0},
    {.bitmap_index = 6158, .adv_w = 230, .box_w = 12, .box_h = 13, .ofs_x = 1, .ofs_y = 0},
    {.bitmap_index = 6236, .adv_w = 230, .box_w = 12, .box_h = 18, .ofs_x = 1, .ofs_y = 0},
    {.bitmap_index = 6344, .adv_w = 230, .box_w = 13, .box_h = 13, .ofs_x = 1, .ofs_y = 0},
    {.bitmap_index = 6429, .adv_w = 230, .box_w = 13, .box_h = 19, .ofs_x = 1, .ofs_y = 0},
    {.bitmap_index = 6553, .adv_w = 230, .box_w = 12, .box_h = 18, .ofs_x = 1, .ofs_y = -5},
    {.bitmap_index = 6661, .adv_w = 230, .box_w = 13, .box_h = 18, .ofs_x = 1, .ofs_y = 0},
    {.bitmap_index = 6778, .adv_w = 230, .box_w = 11, .box_h = 18, .ofs_x = 2, .ofs_y = 0},
    {.bitmap_index = 6877, .adv_w = 230, .box_w = 9, .box_h = 23, .ofs_x = 2, .ofs_y = -5},
    {.bitmap_index = 6981, .adv_w = 230, .box_w = 14, .box_h = 18, .ofs_x = 1, .ofs_y = 0},
    {.bitmap_index = 7107, .adv_w = 230, .box_w = 12, .box_h = 18, .ofs_x = 2, .ofs_y = 0},
    {.bitmap_index = 7215, .adv_w = 230, .box_w = 14, .box_h = 13, .ofs_x = 0, .ofs_y = 0},
    {.bitmap_index = 7306, .adv_w = 230, .box_w = 12, .box_h = 13, .ofs_x = 1, .ofs_y = 0},
    {.bitmap_index = 7384, .adv_w = 230, .box_w = 13, .box_h = 13, .ofs_x = 1, .ofs_y = 0},
    {.bitmap_index = 7469, .adv_w = 230, .box_w = 13, .box_h = 18, .ofs_x = 1, .ofs_y = -5},
    {.bitmap_index = 7586, .adv_w = 230, .box_w = 12, .box_h = 18, .ofs_x = 1, .ofs_y = -5},
    {.bitmap_index = 7694, .adv_w = 230, .box_w = 11, .box_h = 13, .ofs_x = 3, .ofs_y = 0},
    {.bitmap_index = 7766, .adv_w = 230, .box_w = 12, .box_h = 13, .ofs_x = 1, .ofs_y = 0},
    {.bitmap_index = 7844, .adv_w = 230, .box_w = 12, .box_h = 16, .ofs_x = 1, .ofs_y = 0},
    {.bitmap_index = 7940, .adv_w = 230, .box_w = 12, .box_h = 13, .ofs_x = 1, .ofs_y = 0},
    {.bitmap_index = 8018, .adv_w = 230, .box_w = 14, .box_h = 13, .ofs_x = 0, .ofs_y = 0},
    {.bitmap_index = 8109, .adv_w = 230, .box_w = 14, .box_h = 13, .ofs_x = 0, .ofs_y = 0},
    {.bitmap_index = 8200, .adv_w = 230, .box_w = 13, .box_h = 13, .ofs_x = 1, .ofs_y = 0},
    {.bitmap_index = 8285, .adv_w = 230, .box_w = 15, .box_h = 18, .ofs_x = 0, .ofs_y = -5},
    {.bitmap_index = 8420, .adv_w = 230, .box_w = 13, .box_h = 13, .ofs_x = 1, .ofs_y = 0},
    {.bitmap_index = 8505, .adv_w = 230, .box_w = 9, .box_h = 23, .ofs_x = 3, .ofs_y = -4},
    {.bitmap_index = 8609, .adv_w = 230, .box_w = 3, .box_h = 22, .ofs_x = 6, .ofs_y = -5},
    {.bitmap_index = 8642, .adv_w = 230, .box_w = 9, .box_h = 23, .ofs_x = 3, .ofs_y = -4},
    {.bitmap_index = 8746, .adv_w = 230, .box_w = 14, .box_h = 5, .ofs_x = 0, .ofs_y = 4},
    {.bitmap_index = 8781, .adv_w = 230, .box_w = 0, .box_h = 0, .ofs_x = 0, .ofs_y = 0},
    {.bitmap_index = 8781, .adv_w = 230, .box_w = 5, .box_h = 18, .ofs_x = 5, .ofs_y = -5},
    {.bitmap_index = 8826, .adv_w = 230, .box_w = 12, .box_h = 19, .ofs_x = 1, .ofs_y = -3},
    {.bitmap_index = 8940, .adv_w = 230, .box_w = 13, .box_h = 17, .ofs_x = 1, .ofs_y = 0},
    {.bitmap_index = 9051, .adv_w = 230, .box_w = 14, .box_h = 14, .ofs_x = 0, .ofs_y = -1},
    {.bitmap_index = 9149, .adv_w = 230, .box_w = 15, .box_h = 17, .ofs_x = 0, .ofs_y = 0},
    {.bitmap_index = 9277, .adv_w = 230, .box_w = 4, .box_h = 21, .ofs_x = 5, .ofs_y = -4},
    {.bitmap_index = 9319, .adv_w = 230, .box_w = 13, .box_h = 22, .ofs_x = 1, .ofs_y = -5},
    {.bitmap_index = 9462, .adv_w = 230, .box_w = 9, .box_h = 3, .ofs_x = 3, .ofs_y = 15},
    {.bitmap_index = 9476, .adv_w = 230, .box_w = 13, .box_h = 14, .ofs_x = 1, .ofs_y = -1},
    {.bitmap_index = 9567, .adv_w = 230, .box_w = 9, .box_h = 9, .ofs_x = 3, .ofs_y = 8},
    {.bitmap_index = 9608, .adv_w = 230, .box_w = 11, .box_h = 10, .ofs_x = 2, .ofs_y = 1},
    {.bitmap_index = 9663, .adv_w = 230, .box_w = 10, .box_h = 6, .ofs_x = 2, .ofs_y = 4},
    {.bitmap_index = 9693, .adv_w = 230, .box_w = 11, .box_h = 3, .ofs_x = 3, .ofs_y = 6},
    {.bitmap_index = 9710, .adv_w = 230, .box_w = 13, .box_h = 14, .ofs_x = 1, .ofs_y = -1},
    {.bitmap_index = 9801, .adv_w = 230, .box_w = 9, .box_h = 2, .ofs_x = 3, .ofs_y = 15},
    {.bitmap_index = 9810, .adv_w = 230, .box_w = 7, .box_h = 7, .ofs_x = 4, .ofs_y = 11},
    {.bitmap_index = 9835, .adv_w = 230, .box_w = 12, .box_h = 16, .ofs_x = 1, .ofs_y = 0},
    {.bitmap_index = 9931, .adv_w = 230, .box_w = 8, .box_h = 9, .ofs_x = 3, .ofs_y = 8},
    {.bitmap_index = 9967, .adv_w = 230, .box_w = 8, .box_h = 9, .ofs_x = 3, .ofs_y = 8},
    {.bitmap_index = 10003, .adv_w = 230, .box_w = 7, .box_h = 4, .ofs_x = 4, .ofs_y = 14},
    {.bitmap_index = 10017, .adv_w = 230, .box_w = 12, .box_h = 18, .ofs_x = 2, .ofs_y = -5},
    {.bitmap_index = 10125, .adv_w = 230, .box_w = 10, .box_h = 17, .ofs_x = 2, .ofs_y = 0},
    {.bitmap_index = 10210, .adv_w = 230, .box_w = 5, .box_h = 4, .ofs_x = 5, .ofs_y = 7},
    {.bitmap_index = 10220, .adv_w = 230, .box_w = 5, .box_h = 6, .ofs_x = 5, .ofs_y = -5},
    {.bitmap_index = 10235, .adv_w = 230, .box_w = 6, .box_h = 10, .ofs_x = 4, .ofs_y = 8},
    {.bitmap_index = 10265, .adv_w = 230, .box_w = 9, .box_h = 9, .ofs_x = 3, .ofs_y = 8},
    {.bitmap_index = 10306, .adv_w = 230, .box_w = 11, .box_h = 10, .ofs_x = 2, .ofs_y = 2},
    {.bitmap_index = 10361, .adv_w = 230, .box_w = 14, .box_h = 18, .ofs_x = 0, .ofs_y = 0},
    {.bitmap_index = 10487, .adv_w = 230, .box_w = 15, .box_h = 18, .ofs_x = 0, .ofs_y = 0},
    {.bitmap_index = 10622, .adv_w = 230, .box_w = 15, .box_h = 17, .ofs_x = 0, .ofs_y = 0},
    {.bitmap_index = 10750, .adv_w = 230, .box_w = 11, .box_h = 18, .ofs_x = 2, .ofs_y = -5},
    {.bitmap_index = 10849, .adv_w = 230, .box_w = 15, .box_h = 22, .ofs_x = 0, .ofs_y = 0},
    {.bitmap_index = 11014, .adv_w = 230, .box_w = 15, .box_h = 22, .ofs_x = 0, .ofs_y = 0},
    {.bitmap_index = 11179, .adv_w = 230, .box_w = 15, .box_h = 22, .ofs_x = 0, .ofs_y = 0},
    {.bitmap_index = 11344, .adv_w = 230, .box_w = 15, .box_h = 23, .ofs_x = 0, .ofs_y = 0},
    {.bitmap_index = 11517, .adv_w = 230, .box_w = 15, .box_h = 22, .ofs_x = 0, .ofs_y = 0},
    {.bitmap_index = 11682, .adv_w = 230, .box_w = 15, .box_h = 23, .ofs_x = 0, .ofs_y = 0},
    {.bitmap_index = 11855, .adv_w = 230, .box_w = 14, .box_h = 17, .ofs_x = 0, .ofs_y = 0},
    {.bitmap_index = 11974, .adv_w = 230, .box_w = 14, .box_h = 22, .ofs_x = 0, .ofs_y = -5},
    {.bitmap_index = 12128, .adv_w = 230, .box_w = 13, .box_h = 22, .ofs_x = 1, .ofs_y = 0},
    {.bitmap_index = 12271, .adv_w = 230, .box_w = 13, .box_h = 22, .ofs_x = 1, .ofs_y = 0},
    {.bitmap_index = 12414, .adv_w = 230, .box_w = 13, .box_h = 22, .ofs_x = 1, .ofs_y = 0},
    {.bitmap_index = 12557, .adv_w = 230, .box_w = 13, .box_h = 22, .ofs_x = 1, .ofs_y = 0},
    {.bitmap_index = 12700, .adv_w = 230, .box_w = 11, .box_h = 22, .ofs_x = 2, .ofs_y = 0},
    {.bitmap_index = 12821, .adv_w = 230, .box_w = 11, .box_h = 22, .ofs_x = 2, .ofs_y = 0},
    {.bitmap_index = 12942, .adv_w = 230, .box_w = 11, .box_h = 22, .ofs_x = 2, .ofs_y = 0},
    {.bitmap_index = 13063, .adv_w = 230, .box_w = 11, .box_h = 22, .ofs_x = 2, .ofs_y = 0},
    {.bitmap_index = 13184, .adv_w = 230, .box_w = 15, .box_h = 17, .ofs_x = -1, .ofs_y = 0},
    {.bitmap_index = 13312, .adv_w = 230, .box_w = 12, .box_h = 23, .ofs_x = 1, .ofs_y = 0},
    {.bitmap_index = 13450, .adv_w = 230, .box_w = 14, .box_h = 22, .ofs_x = 0, .ofs_y = 0},
    {.bitmap_index = 13604, .adv_w = 230, .box_w = 14, .box_h = 22, .ofs_x = 0, .ofs_y = 0},
    {.bitmap_index = 13758, .adv_w = 230, .box_w = 14, .box_h = 23, .ofs_x = 0, .ofs_y = 0},
    {.bitmap_index = 13919, .adv_w = 230, .box_w = 14, .box_h = 24, .ofs_x = 0, .ofs_y = 0},
    {.bitmap_index = 14087, .adv_w = 230, .box_w = 14, .box_h = 22, .ofs_x = 0, .ofs_y = 0},
    {.bitmap_index = 14241, .adv_w = 230, .box_w = 12, .box_h = 12, .ofs_x = 1, .ofs_y = 2},
    {.bitmap_index = 14313, .adv_w = 230, .box_w = 14, .box_h = 19, .ofs_x = 0, .ofs_y = -1},
    {.bitmap_index = 14446, .adv_w = 230, .box_w = 12, .box_h = 22, .ofs_x = 1, .ofs_y = 0},
    {.bitmap_index = 14578, .adv_w = 230, .box_w = 12, .box_h = 22, .ofs_x = 1, .ofs_y = 0},
    {.bitmap_index = 14710, .adv_w = 230, .box_w = 12, .box_h = 22, .ofs_x = 1, .ofs_y = 0},
    {.bitmap_index = 14842, .adv_w = 230, .box_w = 12, .box_h = 22, .ofs_x = 1, .ofs_y = 0},
    {.bitmap_index = 14974, .adv_w = 230, .box_w = 15, .box_h = 22, .ofs_x = 0, .ofs_y = 0},
    {.bitmap_index = 15139, .adv_w = 230, .box_w = 13, .box_h = 17, .ofs_x = 1, .ofs_y = 0},
    {.bitmap_index = 15250, .adv_w = 230, .box_w = 13, .box_h = 18, .ofs_x = 1, .ofs_y = 0},
    {.bitmap_index = 15367, .adv_w = 230, .box_w = 12, .box_h = 18, .ofs_x = 1, .ofs_y = 0},
    {.bitmap_index = 15475, .adv_w = 230, .box_w = 12, .box_h = 18, .ofs_x = 1, .ofs_y = 0},
    {.bitmap_index = 15583, .adv_w = 230, .box_w = 12, .box_h = 18, .ofs_x = 1, .ofs_y = 0},
    {.bitmap_index = 15691, .adv_w = 230, .box_w = 12, .box_h = 19, .ofs_x = 1, .ofs_y = 0},
    {.bitmap_index = 15805, .adv_w = 230, .box_w = 12, .box_h = 18, .ofs_x = 1, .ofs_y = 0},
    {.bitmap_index = 15913, .adv_w = 230, .box_w = 12, .box_h = 19, .ofs_x = 1, .ofs_y = 0},
    {.bitmap_index = 16027, .adv_w = 230, .box_w = 14, .box_h = 13, .ofs_x = 0, .ofs_y = 0},
    {.bitmap_index = 16118, .adv_w = 230, .box_w = 12, .box_h = 18, .ofs_x = 1, .ofs_y = -5},
    {.bitmap_index = 16226, .adv_w = 230, .box_w = 13, .box_h = 18, .ofs_x = 1, .ofs_y = 0},
    {.bitmap_index = 16343, .adv_w = 230, .box_w = 13, .box_h = 18, .ofs_x = 1, .ofs_y = 0},
    {.bitmap_index = 16460, .adv_w = 230, .box_w = 13, .box_h = 18, .ofs_x = 1, .ofs_y = 0},
    {.bitmap_index = 16577, .adv_w = 230, .box_w = 13, .box_h = 18, .ofs_x = 1, .ofs_y = 0},
    {.bitmap_index = 16694, .adv_w = 230, .box_w = 12, .box_h = 17, .ofs_x = 2, .ofs_y = 0},
    {.bitmap_index = 16796, .adv_w = 230, .box_w = 12, .box_h = 17, .ofs_x = 2, .ofs_y = 0},
    {.bitmap_index = 16898, .adv_w = 230, .box_w = 12, .box_h = 18, .ofs_x = 2, .ofs_y = 0},
    {.bitmap_index = 17006, .adv_w = 230, .box_w = 12, .box_h = 17, .ofs_x = 2, .ofs_y = 0},
    {.bitmap_index = 17108, .adv_w = 230, .box_w = 13, .box_h = 18, .ofs_x = 0, .ofs_y = 0},
    {.bitmap_index = 17225, .adv_w = 230, .box_w = 12, .box_h = 19, .ofs_x = 1, .ofs_y = 0},
    {.bitmap_index = 17339, .adv_w = 230, .box_w = 13, .box_h = 18, .ofs_x = 1, .ofs_y = 0},
    {.bitmap_index = 17456, .adv_w = 230, .box_w = 13, .box_h = 18, .ofs_x = 1, .ofs_y = 0},
    {.bitmap_index = 17573, .adv_w = 230, .box_w = 13, .box_h = 18, .ofs_x = 1, .ofs_y = 0},
    {.bitmap_index = 17690, .adv_w = 230, .box_w = 13, .box_h = 19, .ofs_x = 1, .ofs_y = 0},
    {.bitmap_index = 17814, .adv_w = 230, .box_w = 13, .box_h = 18, .ofs_x = 1, .ofs_y = 0},
    {.bitmap_index = 17931, .adv_w = 230, .box_w = 13, .box_h = 13, .ofs_x = 1, .ofs_y = 2},
    {.bitmap_index = 18016, .adv_w = 230, .box_w = 13, .box_h = 17, .ofs_x = 1, .ofs_y = -2},
    {.bitmap_index = 18127, .adv_w = 230, .box_w = 12, .box_h = 17, .ofs_x = 1, .ofs_y = 0},
    {.bitmap_index = 18229, .adv_w = 230, .box_w = 12, .box_h = 17, .ofs_x = 1, .ofs_y = 0},
    {.bitmap_index = 18331, .adv_w = 230, .box_w = 12, .box_h = 18, .ofs_x = 1, .ofs_y = 0},
    {.bitmap_index = 18439, .adv_w = 230, .box_w = 12, .box_h = 17, .ofs_x = 1, .ofs_y = 0},
    {.bitmap_index = 18541, .adv_w = 230, .box_w = 15, .box_h = 22, .ofs_x = 0, .ofs_y = -5},
    {.bitmap_index = 18706, .adv_w = 230, .box_w = 13, .box_h = 23, .ofs_x = 1, .ofs_y = -5},
    {.bitmap_index = 18856, .adv_w = 230, .box_w = 15, .box_h = 22, .ofs_x = 0, .ofs_y = -5}
};

/*---------------------
 *  CHARACTER MAPPING
 *--------------------*/



/*Collect the unicode lists and glyph_id offsets*/
static const lv_font_fmt_txt_cmap_t cmaps[] =
{
    {
        .range_start = 32, .range_length = 95, .glyph_id_start = 1,
        .unicode_list = NULL, .glyph_id_ofs_list = NULL, .list_length = 0, .type = LV_FONT_FMT_TXT_CMAP_FORMAT0_TINY
    },
    {
        .range_start = 160, .range_length = 96, .glyph_id_start = 96,
        .unicode_list = NULL, .glyph_id_ofs_list = NULL, .list_length = 0, .type = LV_FONT_FMT_TXT_CMAP_FORMAT0_TINY
    }
};



/*--------------------
 *  ALL CUSTOM DATA
 *--------------------*/

#if LVGL_VERSION_MAJOR == 8
/*Store all the custom data of the font*/
static  lv_font_fmt_txt_glyph_cache_t cache;
#endif

#if LVGL_VERSION_MAJOR >= 8
static const lv_font_fmt_txt_dsc_t font_dsc = {
#else
static lv_font_fmt_txt_dsc_t font_dsc = {
#endif
    .glyph_bitmap = glyph_bitmap,
    .glyph_dsc = glyph_dsc,
    .cmaps = cmaps,
    .kern_dsc = NULL,
    .kern_scale = 0,
    .cmap_num = 2,
    .bpp = 4,
    .kern_classes = 0,
    .bitmap_format = 0,
#if LVGL_VERSION_MAJOR == 8
    .cache = &cache
#endif
};



/*-----------------
 *  PUBLIC FONT
 *----------------*/

/*Initialize a public general font descriptor*/
#if LVGL_VERSION_MAJOR >= 8
const lv_font_t roboto_mono_bold_24 = {
#else
lv_font_t roboto_mono_bold_24 = {
#endif
    .get_glyph_dsc = lv_font_get_glyph_dsc_fmt_txt,    /*Function pointer to get glyph's data*/
    .get_glyph_bitmap = lv_font_get_bitmap_fmt_txt,    /*Function pointer to get glyph's bitmap*/
    .line_height = 30,          /*The maximum line height required by the font*/
    .base_line = 6,             /*Baseline measured from the bottom of the line*/
#if !(LVGL_VERSION_MAJOR == 6 && LVGL_VERSION_MINOR == 0)
    .subpx = LV_FONT_SUBPX_NONE,
#endif
#if LV_VERSION_CHECK(7, 4, 0) || LVGL_VERSION_MAJOR >= 8
    .underline_position = -2,
    .underline_thickness = 1,
#endif
    .dsc = &font_dsc,          /*The custom font data. Will be accessed by `get_glyph_bitmap/dsc` */
#if LV_VERSION_CHECK(8, 2, 0) || LVGL_VERSION_MAJOR >= 9
    .fallback = NULL,
#endif
    .user_data = NULL,
};



#endif /*#if ROBOTO_MONO_BOLD_24*/

